ISO-10303-21;
HEADER;
/* Generated by software containing ST-Developer
 * from STEP Tools, Inc. (www.steptools.com) 
 */

FILE_DESCRIPTION(
/* description */ (''),
/* implementation_level */ '2;1');

FILE_NAME(
/* name */ 'Assembly1.0.step',
/* time_stamp */ '2026-08-15T21:47:30+02:00',
/* author */ (''),
/* organization */ (''),
/* preprocessor_version */ 'ST-DEVELOPER v20.1',
/* originating_system */ 'Autodesk Translation Framework v15.8.0.0',
/* authorisation */ '');

FILE_SCHEMA (('AUTOMOTIVE_DESIGN { 1 0 10303 214 3 1 1 }'));
ENDSEC;

DATA;
#10=MECHANICAL_DESIGN_GEOMETRIC_PRESENTATION_REPRESENTATION('',(#215,#216,
#217,#218,#219,#220,#221,#222,#223,#224,#225,#226,#227,#228,#229,#230,#231,
#232,#233,#234,#235,#236,#237,#238,#239,#240,#241,#242,#243,#244,#245,#246,
#247,#248,#249,#250,#251,#252,#253,#254,#255,#256,#257,#258,#259,#260,#261,
#262,#263,#264,#265,#266,#267,#268,#269,#270,#271,#272,#273,#274,#275,#276,
#277,#278,#279,#280,#281,#282,#283,#284,#285,#286,#287,#288,#289,#290,#291,
#292,#293,#294,#295,#296,#297,#298,#299,#300,#301,#302,#303,#304,#305,#306,
#307,#308,#309,#310,#311,#312,#313,#314,#315,#316,#317,#318,#319,#320,#321,
#322,#323,#324,#325,#326,#327,#328,#329,#330,#331,#332,#333,#334,#335,#336),
#10768);
#11=B_SPLINE_CURVE_WITH_KNOTS('',3,(#9554,#9555,#9556,#9557,#9558,#9559,
#9560,#9561,#9562,#9563,#9564,#9565,#9566,#9567,#9568,#9569,#9570,#9571,
#9572,#9573,#9574),.UNSPECIFIED.,.F.,.F.,(4,2,2,3,2,2,2,2,2,4),(-0.145003349021224,
-0.109051330658489,-0.0545256653292446,0.,0.0544653364000706,0.108930672800141,
0.163426096676348,0.217921520552554,0.272519779634717,0.291526607904116),
 .UNSPECIFIED.);
#12=CONICAL_SURFACE('',#6551,0.725,1.02974425867665);
#13=SHAPE_REPRESENTATION_RELATIONSHIP('SRR','None',#10888,#18);
#14=SHAPE_REPRESENTATION_RELATIONSHIP('SRR','None',#10891,#19);
#15=SHAPE_REPRESENTATION_RELATIONSHIP('SRR','None',#10908,#20);
#16=SHAPE_REPRESENTATION_RELATIONSHIP('SRR','None',#10910,#21);
#17=SHAPE_REPRESENTATION_RELATIONSHIP('SRR','None',#10919,#22);
#18=ADVANCED_BREP_SHAPE_REPRESENTATION('',(#337),#10736);
#19=ADVANCED_BREP_SHAPE_REPRESENTATION('',(#338),#10739);
#20=ADVANCED_BREP_SHAPE_REPRESENTATION('',(#339),#10756);
#21=ADVANCED_BREP_SHAPE_REPRESENTATION('',(#340),#10758);
#22=ADVANCED_BREP_SHAPE_REPRESENTATION('',(#341,#342),#10767);
#23=ITEM_DEFINED_TRANSFORMATION($,$,#6277,#6462);
#24=ITEM_DEFINED_TRANSFORMATION($,$,#6278,#6463);
#25=ITEM_DEFINED_TRANSFORMATION($,$,#6467,#6468);
#26=ITEM_DEFINED_TRANSFORMATION($,$,#6478,#6479);
#27=ITEM_DEFINED_TRANSFORMATION($,$,#6478,#6480);
#28=ITEM_DEFINED_TRANSFORMATION($,$,#6478,#6481);
#29=ITEM_DEFINED_TRANSFORMATION($,$,#6478,#6482);
#30=ITEM_DEFINED_TRANSFORMATION($,$,#6478,#6483);
#31=ITEM_DEFINED_TRANSFORMATION($,$,#6478,#6484);
#32=ITEM_DEFINED_TRANSFORMATION($,$,#6478,#6485);
#33=ITEM_DEFINED_TRANSFORMATION($,$,#6478,#6486);
#34=ITEM_DEFINED_TRANSFORMATION($,$,#6478,#6487);
#35=ITEM_DEFINED_TRANSFORMATION($,$,#6466,#6489);
#36=ITEM_DEFINED_TRANSFORMATION($,$,#6469,#6490);
#37=ITEM_DEFINED_TRANSFORMATION($,$,#6470,#6491);
#38=ITEM_DEFINED_TRANSFORMATION($,$,#6471,#6492);
#39=ITEM_DEFINED_TRANSFORMATION($,$,#6472,#6493);
#40=ITEM_DEFINED_TRANSFORMATION($,$,#6473,#6494);
#41=ITEM_DEFINED_TRANSFORMATION($,$,#6474,#6495);
#42=ITEM_DEFINED_TRANSFORMATION($,$,#6475,#6496);
#43=ITEM_DEFINED_TRANSFORMATION($,$,#6476,#6497);
#44=ITEM_DEFINED_TRANSFORMATION($,$,#6477,#6498);
#45=ITEM_DEFINED_TRANSFORMATION($,$,#6488,#6499);
#46=ITEM_DEFINED_TRANSFORMATION($,$,#6465,#6563);
#47=ITEM_DEFINED_TRANSFORMATION($,$,#6566,#6667);
#48=ITEM_DEFINED_TRANSFORMATION($,$,#6927,#6966);
#49=ITEM_DEFINED_TRANSFORMATION($,$,#6927,#6967);
#50=ITEM_DEFINED_TRANSFORMATION($,$,#6927,#6968);
#51=ITEM_DEFINED_TRANSFORMATION($,$,#6927,#6969);
#52=ITEM_DEFINED_TRANSFORMATION($,$,#6927,#6970);
#53=ITEM_DEFINED_TRANSFORMATION($,$,#6927,#6971);
#54=ITEM_DEFINED_TRANSFORMATION($,$,#6927,#6972);
#55=ITEM_DEFINED_TRANSFORMATION($,$,#6927,#6973);
#56=ITEM_DEFINED_TRANSFORMATION($,$,#6927,#6974);
#57=ITEM_DEFINED_TRANSFORMATION($,$,#6565,#6975);
#58=ITEM_DEFINED_TRANSFORMATION($,$,#6668,#6976);
#59=ITEM_DEFINED_TRANSFORMATION($,$,#6669,#6977);
#60=ITEM_DEFINED_TRANSFORMATION($,$,#6919,#6978);
#61=ITEM_DEFINED_TRANSFORMATION($,$,#6920,#6979);
#62=ITEM_DEFINED_TRANSFORMATION($,$,#6921,#6980);
#63=ITEM_DEFINED_TRANSFORMATION($,$,#6922,#6981);
#64=ITEM_DEFINED_TRANSFORMATION($,$,#6923,#6982);
#65=ITEM_DEFINED_TRANSFORMATION($,$,#6924,#6983);
#66=ITEM_DEFINED_TRANSFORMATION($,$,#6925,#6984);
#67=ITEM_DEFINED_TRANSFORMATION($,$,#6926,#6985);
#68=ITEM_DEFINED_TRANSFORMATION($,$,#6276,#6986);
#69=ITEM_DEFINED_TRANSFORMATION($,$,#6464,#6987);
#70=ITEM_DEFINED_TRANSFORMATION($,$,#6564,#6988);
#71=(
REPRESENTATION_RELATIONSHIP($,$,#10889,#10888)
REPRESENTATION_RELATIONSHIP_WITH_TRANSFORMATION(#23)
SHAPE_REPRESENTATION_RELATIONSHIP()
);
#72=(
REPRESENTATION_RELATIONSHIP($,$,#10890,#10888)
REPRESENTATION_RELATIONSHIP_WITH_TRANSFORMATION(#24)
SHAPE_REPRESENTATION_RELATIONSHIP()
);
#73=(
REPRESENTATION_RELATIONSHIP($,$,#10894,#10893)
REPRESENTATION_RELATIONSHIP_WITH_TRANSFORMATION(#25)
SHAPE_REPRESENTATION_RELATIONSHIP()
);
#74=(
REPRESENTATION_RELATIONSHIP($,$,#10904,#10895)
REPRESENTATION_RELATIONSHIP_WITH_TRANSFORMATION(#26)
SHAPE_REPRESENTATION_RELATIONSHIP()
);
#75=(
REPRESENTATION_RELATIONSHIP($,$,#10904,#10896)
REPRESENTATION_RELATIONSHIP_WITH_TRANSFORMATION(#27)
SHAPE_REPRESENTATION_RELATIONSHIP()
);
#76=(
REPRESENTATION_RELATIONSHIP($,$,#10904,#10897)
REPRESENTATION_RELATIONSHIP_WITH_TRANSFORMATION(#28)
SHAPE_REPRESENTATION_RELATIONSHIP()
);
#77=(
REPRESENTATION_RELATIONSHIP($,$,#10904,#10898)
REPRESENTATION_RELATIONSHIP_WITH_TRANSFORMATION(#29)
SHAPE_REPRESENTATION_RELATIONSHIP()
);
#78=(
REPRESENTATION_RELATIONSHIP($,$,#10904,#10899)
REPRESENTATION_RELATIONSHIP_WITH_TRANSFORMATION(#30)
SHAPE_REPRESENTATION_RELATIONSHIP()
);
#79=(
REPRESENTATION_RELATIONSHIP($,$,#10904,#10900)
REPRESENTATION_RELATIONSHIP_WITH_TRANSFORMATION(#31)
SHAPE_REPRESENTATION_RELATIONSHIP()
);
#80=(
REPRESENTATION_RELATIONSHIP($,$,#10904,#10901)
REPRESENTATION_RELATIONSHIP_WITH_TRANSFORMATION(#32)
SHAPE_REPRESENTATION_RELATIONSHIP()
);
#81=(
REPRESENTATION_RELATIONSHIP($,$,#10904,#10902)
REPRESENTATION_RELATIONSHIP_WITH_TRANSFORMATION(#33)
SHAPE_REPRESENTATION_RELATIONSHIP()
);
#82=(
REPRESENTATION_RELATIONSHIP($,$,#10904,#10903)
REPRESENTATION_RELATIONSHIP_WITH_TRANSFORMATION(#34)
SHAPE_REPRESENTATION_RELATIONSHIP()
);
#83=(
REPRESENTATION_RELATIONSHIP($,$,#10893,#10892)
REPRESENTATION_RELATIONSHIP_WITH_TRANSFORMATION(#35)
SHAPE_REPRESENTATION_RELATIONSHIP()
);
#84=(
REPRESENTATION_RELATIONSHIP($,$,#10895,#10892)
REPRESENTATION_RELATIONSHIP_WITH_TRANSFORMATION(#36)
SHAPE_REPRESENTATION_RELATIONSHIP()
);
#85=(
REPRESENTATION_RELATIONSHIP($,$,#10896,#10892)
REPRESENTATION_RELATIONSHIP_WITH_TRANSFORMATION(#37)
SHAPE_REPRESENTATION_RELATIONSHIP()
);
#86=(
REPRESENTATION_RELATIONSHIP($,$,#10897,#10892)
REPRESENTATION_RELATIONSHIP_WITH_TRANSFORMATION(#38)
SHAPE_REPRESENTATION_RELATIONSHIP()
);
#87=(
REPRESENTATION_RELATIONSHIP($,$,#10898,#10892)
REPRESENTATION_RELATIONSHIP_WITH_TRANSFORMATION(#39)
SHAPE_REPRESENTATION_RELATIONSHIP()
);
#88=(
REPRESENTATION_RELATIONSHIP($,$,#10899,#10892)
REPRESENTATION_RELATIONSHIP_WITH_TRANSFORMATION(#40)
SHAPE_REPRESENTATION_RELATIONSHIP()
);
#89=(
REPRESENTATION_RELATIONSHIP($,$,#10900,#10892)
REPRESENTATION_RELATIONSHIP_WITH_TRANSFORMATION(#41)
SHAPE_REPRESENTATION_RELATIONSHIP()
);
#90=(
REPRESENTATION_RELATIONSHIP($,$,#10901,#10892)
REPRESENTATION_RELATIONSHIP_WITH_TRANSFORMATION(#42)
SHAPE_REPRESENTATION_RELATIONSHIP()
);
#91=(
REPRESENTATION_RELATIONSHIP($,$,#10902,#10892)
REPRESENTATION_RELATIONSHIP_WITH_TRANSFORMATION(#43)
SHAPE_REPRESENTATION_RELATIONSHIP()
);
#92=(
REPRESENTATION_RELATIONSHIP($,$,#10903,#10892)
REPRESENTATION_RELATIONSHIP_WITH_TRANSFORMATION(#44)
SHAPE_REPRESENTATION_RELATIONSHIP()
);
#93=(
REPRESENTATION_RELATIONSHIP($,$,#10905,#10892)
REPRESENTATION_RELATIONSHIP_WITH_TRANSFORMATION(#45)
SHAPE_REPRESENTATION_RELATIONSHIP()
);
#94=(
REPRESENTATION_RELATIONSHIP($,$,#10892,#10891)
REPRESENTATION_RELATIONSHIP_WITH_TRANSFORMATION(#46)
SHAPE_REPRESENTATION_RELATIONSHIP()
);
#95=(
REPRESENTATION_RELATIONSHIP($,$,#10908,#10907)
REPRESENTATION_RELATIONSHIP_WITH_TRANSFORMATION(#47)
SHAPE_REPRESENTATION_RELATIONSHIP()
);
#96=(
REPRESENTATION_RELATIONSHIP($,$,#10919,#10909)
REPRESENTATION_RELATIONSHIP_WITH_TRANSFORMATION(#48)
SHAPE_REPRESENTATION_RELATIONSHIP()
);
#97=(
REPRESENTATION_RELATIONSHIP($,$,#10919,#10911)
REPRESENTATION_RELATIONSHIP_WITH_TRANSFORMATION(#49)
SHAPE_REPRESENTATION_RELATIONSHIP()
);
#98=(
REPRESENTATION_RELATIONSHIP($,$,#10919,#10912)
REPRESENTATION_RELATIONSHIP_WITH_TRANSFORMATION(#50)
SHAPE_REPRESENTATION_RELATIONSHIP()
);
#99=(
REPRESENTATION_RELATIONSHIP($,$,#10919,#10913)
REPRESENTATION_RELATIONSHIP_WITH_TRANSFORMATION(#51)
SHAPE_REPRESENTATION_RELATIONSHIP()
);
#100=(
REPRESENTATION_RELATIONSHIP($,$,#10919,#10914)
REPRESENTATION_RELATIONSHIP_WITH_TRANSFORMATION(#52)
SHAPE_REPRESENTATION_RELATIONSHIP()
);
#101=(
REPRESENTATION_RELATIONSHIP($,$,#10919,#10915)
REPRESENTATION_RELATIONSHIP_WITH_TRANSFORMATION(#53)
SHAPE_REPRESENTATION_RELATIONSHIP()
);
#102=(
REPRESENTATION_RELATIONSHIP($,$,#10919,#10916)
REPRESENTATION_RELATIONSHIP_WITH_TRANSFORMATION(#54)
SHAPE_REPRESENTATION_RELATIONSHIP()
);
#103=(
REPRESENTATION_RELATIONSHIP($,$,#10919,#10917)
REPRESENTATION_RELATIONSHIP_WITH_TRANSFORMATION(#55)
SHAPE_REPRESENTATION_RELATIONSHIP()
);
#104=(
REPRESENTATION_RELATIONSHIP($,$,#10919,#10918)
REPRESENTATION_RELATIONSHIP_WITH_TRANSFORMATION(#56)
SHAPE_REPRESENTATION_RELATIONSHIP()
);
#105=(
REPRESENTATION_RELATIONSHIP($,$,#10907,#10906)
REPRESENTATION_RELATIONSHIP_WITH_TRANSFORMATION(#57)
SHAPE_REPRESENTATION_RELATIONSHIP()
);
#106=(
REPRESENTATION_RELATIONSHIP($,$,#10909,#10906)
REPRESENTATION_RELATIONSHIP_WITH_TRANSFORMATION(#58)
SHAPE_REPRESENTATION_RELATIONSHIP()
);
#107=(
REPRESENTATION_RELATIONSHIP($,$,#10910,#10906)
REPRESENTATION_RELATIONSHIP_WITH_TRANSFORMATION(#59)
SHAPE_REPRESENTATION_RELATIONSHIP()
);
#108=(
REPRESENTATION_RELATIONSHIP($,$,#10911,#10906)
REPRESENTATION_RELATIONSHIP_WITH_TRANSFORMATION(#60)
SHAPE_REPRESENTATION_RELATIONSHIP()
);
#109=(
REPRESENTATION_RELATIONSHIP($,$,#10912,#10906)
REPRESENTATION_RELATIONSHIP_WITH_TRANSFORMATION(#61)
SHAPE_REPRESENTATION_RELATIONSHIP()
);
#110=(
REPRESENTATION_RELATIONSHIP($,$,#10913,#10906)
REPRESENTATION_RELATIONSHIP_WITH_TRANSFORMATION(#62)
SHAPE_REPRESENTATION_RELATIONSHIP()
);
#111=(
REPRESENTATION_RELATIONSHIP($,$,#10914,#10906)
REPRESENTATION_RELATIONSHIP_WITH_TRANSFORMATION(#63)
SHAPE_REPRESENTATION_RELATIONSHIP()
);
#112=(
REPRESENTATION_RELATIONSHIP($,$,#10915,#10906)
REPRESENTATION_RELATIONSHIP_WITH_TRANSFORMATION(#64)
SHAPE_REPRESENTATION_RELATIONSHIP()
);
#113=(
REPRESENTATION_RELATIONSHIP($,$,#10916,#10906)
REPRESENTATION_RELATIONSHIP_WITH_TRANSFORMATION(#65)
SHAPE_REPRESENTATION_RELATIONSHIP()
);
#114=(
REPRESENTATION_RELATIONSHIP($,$,#10917,#10906)
REPRESENTATION_RELATIONSHIP_WITH_TRANSFORMATION(#66)
SHAPE_REPRESENTATION_RELATIONSHIP()
);
#115=(
REPRESENTATION_RELATIONSHIP($,$,#10918,#10906)
REPRESENTATION_RELATIONSHIP_WITH_TRANSFORMATION(#67)
SHAPE_REPRESENTATION_RELATIONSHIP()
);
#116=(
REPRESENTATION_RELATIONSHIP($,$,#10888,#10887)
REPRESENTATION_RELATIONSHIP_WITH_TRANSFORMATION(#68)
SHAPE_REPRESENTATION_RELATIONSHIP()
);
#117=(
REPRESENTATION_RELATIONSHIP($,$,#10891,#10887)
REPRESENTATION_RELATIONSHIP_WITH_TRANSFORMATION(#69)
SHAPE_REPRESENTATION_RELATIONSHIP()
);
#118=(
REPRESENTATION_RELATIONSHIP($,$,#10906,#10887)
REPRESENTATION_RELATIONSHIP_WITH_TRANSFORMATION(#70)
SHAPE_REPRESENTATION_RELATIONSHIP()
);
#119=CONTEXT_DEPENDENT_SHAPE_REPRESENTATION(#71,#10810);
#120=CONTEXT_DEPENDENT_SHAPE_REPRESENTATION(#72,#10811);
#121=CONTEXT_DEPENDENT_SHAPE_REPRESENTATION(#73,#10816);
#122=CONTEXT_DEPENDENT_SHAPE_REPRESENTATION(#74,#10827);
#123=CONTEXT_DEPENDENT_SHAPE_REPRESENTATION(#75,#10828);
#124=CONTEXT_DEPENDENT_SHAPE_REPRESENTATION(#76,#10829);
#125=CONTEXT_DEPENDENT_SHAPE_REPRESENTATION(#77,#10830);
#126=CONTEXT_DEPENDENT_SHAPE_REPRESENTATION(#78,#10831);
#127=CONTEXT_DEPENDENT_SHAPE_REPRESENTATION(#79,#10832);
#128=CONTEXT_DEPENDENT_SHAPE_REPRESENTATION(#80,#10833);
#129=CONTEXT_DEPENDENT_SHAPE_REPRESENTATION(#81,#10834);
#130=CONTEXT_DEPENDENT_SHAPE_REPRESENTATION(#82,#10835);
#131=CONTEXT_DEPENDENT_SHAPE_REPRESENTATION(#83,#10837);
#132=CONTEXT_DEPENDENT_SHAPE_REPRESENTATION(#84,#10838);
#133=CONTEXT_DEPENDENT_SHAPE_REPRESENTATION(#85,#10839);
#134=CONTEXT_DEPENDENT_SHAPE_REPRESENTATION(#86,#10840);
#135=CONTEXT_DEPENDENT_SHAPE_REPRESENTATION(#87,#10841);
#136=CONTEXT_DEPENDENT_SHAPE_REPRESENTATION(#88,#10842);
#137=CONTEXT_DEPENDENT_SHAPE_REPRESENTATION(#89,#10843);
#138=CONTEXT_DEPENDENT_SHAPE_REPRESENTATION(#90,#10844);
#139=CONTEXT_DEPENDENT_SHAPE_REPRESENTATION(#91,#10845);
#140=CONTEXT_DEPENDENT_SHAPE_REPRESENTATION(#92,#10846);
#141=CONTEXT_DEPENDENT_SHAPE_REPRESENTATION(#93,#10847);
#142=CONTEXT_DEPENDENT_SHAPE_REPRESENTATION(#94,#10848);
#143=CONTEXT_DEPENDENT_SHAPE_REPRESENTATION(#95,#10852);
#144=CONTEXT_DEPENDENT_SHAPE_REPRESENTATION(#96,#10864);
#145=CONTEXT_DEPENDENT_SHAPE_REPRESENTATION(#97,#10865);
#146=CONTEXT_DEPENDENT_SHAPE_REPRESENTATION(#98,#10866);
#147=CONTEXT_DEPENDENT_SHAPE_REPRESENTATION(#99,#10867);
#148=CONTEXT_DEPENDENT_SHAPE_REPRESENTATION(#100,#10868);
#149=CONTEXT_DEPENDENT_SHAPE_REPRESENTATION(#101,#10869);
#150=CONTEXT_DEPENDENT_SHAPE_REPRESENTATION(#102,#10870);
#151=CONTEXT_DEPENDENT_SHAPE_REPRESENTATION(#103,#10871);
#152=CONTEXT_DEPENDENT_SHAPE_REPRESENTATION(#104,#10872);
#153=CONTEXT_DEPENDENT_SHAPE_REPRESENTATION(#105,#10873);
#154=CONTEXT_DEPENDENT_SHAPE_REPRESENTATION(#106,#10874);
#155=CONTEXT_DEPENDENT_SHAPE_REPRESENTATION(#107,#10875);
#156=CONTEXT_DEPENDENT_SHAPE_REPRESENTATION(#108,#10876);
#157=CONTEXT_DEPENDENT_SHAPE_REPRESENTATION(#109,#10877);
#158=CONTEXT_DEPENDENT_SHAPE_REPRESENTATION(#110,#10878);
#159=CONTEXT_DEPENDENT_SHAPE_REPRESENTATION(#111,#10879);
#160=CONTEXT_DEPENDENT_SHAPE_REPRESENTATION(#112,#10880);
#161=CONTEXT_DEPENDENT_SHAPE_REPRESENTATION(#113,#10881);
#162=CONTEXT_DEPENDENT_SHAPE_REPRESENTATION(#114,#10882);
#163=CONTEXT_DEPENDENT_SHAPE_REPRESENTATION(#115,#10883);
#164=CONTEXT_DEPENDENT_SHAPE_REPRESENTATION(#116,#10884);
#165=CONTEXT_DEPENDENT_SHAPE_REPRESENTATION(#117,#10885);
#166=CONTEXT_DEPENDENT_SHAPE_REPRESENTATION(#118,#10886);
#167=NEXT_ASSEMBLY_USAGE_OCCURRENCE('Komponente1:1','Komponente1:1',
'Komponente1:1',#10922,#10923,'Komponente1:1');
#168=NEXT_ASSEMBLY_USAGE_OCCURRENCE('Komponente2:1','Komponente2:1',
'Komponente2:1',#10922,#10924,'Komponente2:1');
#169=NEXT_ASSEMBLY_USAGE_OCCURRENCE('PinHeader_1x04_P254mm_Vertical:1',
'PinHeader_1x04_P254mm_Vertical:1','PinHeader_1x04_P254mm_Vertical:1',#10927,
#10928,'PinHeader_1x04_P254mm_Vertical:1');
#170=NEXT_ASSEMBLY_USAGE_OCCURRENCE(
'D_DO-35_SOD27_P7.62mm_Horizontal:1',
'D_DO-35_SOD27_P7.62mm_Horizontal:1',
'D_DO-35_SOD27_P7.62mm_Horizontal:1',#10929,#10938,
'D_DO-35_SOD27_P7.62mm_Horizontal:1');
#171=NEXT_ASSEMBLY_USAGE_OCCURRENCE(
'D_DO-35_SOD27_P7.62mm_Horizontal:1',
'D_DO-35_SOD27_P7.62mm_Horizontal:1',
'D_DO-35_SOD27_P7.62mm_Horizontal:1',#10930,#10938,
'D_DO-35_SOD27_P7.62mm_Horizontal:1');
#172=NEXT_ASSEMBLY_USAGE_OCCURRENCE(
'D_DO-35_SOD27_P7.62mm_Horizontal:1',
'D_DO-35_SOD27_P7.62mm_Horizontal:1',
'D_DO-35_SOD27_P7.62mm_Horizontal:1',#10931,#10938,
'D_DO-35_SOD27_P7.62mm_Horizontal:1');
#173=NEXT_ASSEMBLY_USAGE_OCCURRENCE(
'D_DO-35_SOD27_P7.62mm_Horizontal:1',
'D_DO-35_SOD27_P7.62mm_Horizontal:1',
'D_DO-35_SOD27_P7.62mm_Horizontal:1',#10932,#10938,
'D_DO-35_SOD27_P7.62mm_Horizontal:1');
#174=NEXT_ASSEMBLY_USAGE_OCCURRENCE(
'D_DO-35_SOD27_P7.62mm_Horizontal:1',
'D_DO-35_SOD27_P7.62mm_Horizontal:1',
'D_DO-35_SOD27_P7.62mm_Horizontal:1',#10933,#10938,
'D_DO-35_SOD27_P7.62mm_Horizontal:1');
#175=NEXT_ASSEMBLY_USAGE_OCCURRENCE(
'D_DO-35_SOD27_P7.62mm_Horizontal:1',
'D_DO-35_SOD27_P7.62mm_Horizontal:1',
'D_DO-35_SOD27_P7.62mm_Horizontal:1',#10934,#10938,
'D_DO-35_SOD27_P7.62mm_Horizontal:1');
#176=NEXT_ASSEMBLY_USAGE_OCCURRENCE(
'D_DO-35_SOD27_P7.62mm_Horizontal:1',
'D_DO-35_SOD27_P7.62mm_Horizontal:1',
'D_DO-35_SOD27_P7.62mm_Horizontal:1',#10935,#10938,
'D_DO-35_SOD27_P7.62mm_Horizontal:1');
#177=NEXT_ASSEMBLY_USAGE_OCCURRENCE(
'D_DO-35_SOD27_P7.62mm_Horizontal:1',
'D_DO-35_SOD27_P7.62mm_Horizontal:1',
'D_DO-35_SOD27_P7.62mm_Horizontal:1',#10936,#10938,
'D_DO-35_SOD27_P7.62mm_Horizontal:1');
#178=NEXT_ASSEMBLY_USAGE_OCCURRENCE(
'D_DO-35_SOD27_P7.62mm_Horizontal:1',
'D_DO-35_SOD27_P7.62mm_Horizontal:1',
'D_DO-35_SOD27_P7.62mm_Horizontal:1',#10937,#10938,
'D_DO-35_SOD27_P7.62mm_Horizontal:1');
#179=NEXT_ASSEMBLY_USAGE_OCCURRENCE('PinHeader_1x04_P2.54mm_Vertical:1',
'PinHeader_1x04_P2.54mm_Vertical:1','PinHeader_1x04_P2.54mm_Vertical:1',
#10926,#10927,'PinHeader_1x04_P2.54mm_Vertical:1');
#180=NEXT_ASSEMBLY_USAGE_OCCURRENCE(
'D_DO-35_SOD27_P7.62mm_Horizontal (1):1',
'D_DO-35_SOD27_P7.62mm_Horizontal (1):1',
'D_DO-35_SOD27_P7.62mm_Horizontal (1):1',#10926,#10929,
'D_DO-35_SOD27_P7.62mm_Horizontal (1):1');
#181=NEXT_ASSEMBLY_USAGE_OCCURRENCE(
'D_DO-35_SOD27_P7.62mm_Horizontal (1):2',
'D_DO-35_SOD27_P7.62mm_Horizontal (1):2',
'D_DO-35_SOD27_P7.62mm_Horizontal (1):2',#10926,#10930,
'D_DO-35_SOD27_P7.62mm_Horizontal (1):2');
#182=NEXT_ASSEMBLY_USAGE_OCCURRENCE(
'D_DO-35_SOD27_P7.62mm_Horizontal (1):3',
'D_DO-35_SOD27_P7.62mm_Horizontal (1):3',
'D_DO-35_SOD27_P7.62mm_Horizontal (1):3',#10926,#10931,
'D_DO-35_SOD27_P7.62mm_Horizontal (1):3');
#183=NEXT_ASSEMBLY_USAGE_OCCURRENCE(
'D_DO-35_SOD27_P7.62mm_Horizontal (1):4',
'D_DO-35_SOD27_P7.62mm_Horizontal (1):4',
'D_DO-35_SOD27_P7.62mm_Horizontal (1):4',#10926,#10932,
'D_DO-35_SOD27_P7.62mm_Horizontal (1):4');
#184=NEXT_ASSEMBLY_USAGE_OCCURRENCE(
'D_DO-35_SOD27_P7.62mm_Horizontal (1):5',
'D_DO-35_SOD27_P7.62mm_Horizontal (1):5',
'D_DO-35_SOD27_P7.62mm_Horizontal (1):5',#10926,#10933,
'D_DO-35_SOD27_P7.62mm_Horizontal (1):5');
#185=NEXT_ASSEMBLY_USAGE_OCCURRENCE(
'D_DO-35_SOD27_P7.62mm_Horizontal (1):6',
'D_DO-35_SOD27_P7.62mm_Horizontal (1):6',
'D_DO-35_SOD27_P7.62mm_Horizontal (1):6',#10926,#10934,
'D_DO-35_SOD27_P7.62mm_Horizontal (1):6');
#186=NEXT_ASSEMBLY_USAGE_OCCURRENCE(
'D_DO-35_SOD27_P7.62mm_Horizontal (1):7',
'D_DO-35_SOD27_P7.62mm_Horizontal (1):7',
'D_DO-35_SOD27_P7.62mm_Horizontal (1):7',#10926,#10935,
'D_DO-35_SOD27_P7.62mm_Horizontal (1):7');
#187=NEXT_ASSEMBLY_USAGE_OCCURRENCE(
'D_DO-35_SOD27_P7.62mm_Horizontal (1):8',
'D_DO-35_SOD27_P7.62mm_Horizontal (1):8',
'D_DO-35_SOD27_P7.62mm_Horizontal (1):8',#10926,#10936,
'D_DO-35_SOD27_P7.62mm_Horizontal (1):8');
#188=NEXT_ASSEMBLY_USAGE_OCCURRENCE(
'D_DO-35_SOD27_P7.62mm_Horizontal (1):9',
'D_DO-35_SOD27_P7.62mm_Horizontal (1):9',
'D_DO-35_SOD27_P7.62mm_Horizontal (1):9',#10926,#10937,
'D_DO-35_SOD27_P7.62mm_Horizontal (1):9');
#189=NEXT_ASSEMBLY_USAGE_OCCURRENCE('SchB4E_PCB:1','SchB4E_PCB:1',
'SchB4E_PCB:1',#10926,#10939,'SchB4E_PCB:1');
#190=NEXT_ASSEMBLY_USAGE_OCCURRENCE('PCB:1','PCB:1','PCB:1',#10925,#10926,
'PCB:1');
#191=NEXT_ASSEMBLY_USAGE_OCCURRENCE('PinHeader_1x04_P254mm_Vertical:1',
'PinHeader_1x04_P254mm_Vertical:1','PinHeader_1x04_P254mm_Vertical:1',#10941,
#10942,'PinHeader_1x04_P254mm_Vertical:1');
#192=NEXT_ASSEMBLY_USAGE_OCCURRENCE(
'D_DO-35_SOD27_P7.62mm_Horizontal:1',
'D_DO-35_SOD27_P7.62mm_Horizontal:1',
'D_DO-35_SOD27_P7.62mm_Horizontal:1',#10943,#10953,
'D_DO-35_SOD27_P7.62mm_Horizontal:1');
#193=NEXT_ASSEMBLY_USAGE_OCCURRENCE(
'D_DO-35_SOD27_P7.62mm_Horizontal:1',
'D_DO-35_SOD27_P7.62mm_Horizontal:1',
'D_DO-35_SOD27_P7.62mm_Horizontal:1',#10945,#10953,
'D_DO-35_SOD27_P7.62mm_Horizontal:1');
#194=NEXT_ASSEMBLY_USAGE_OCCURRENCE(
'D_DO-35_SOD27_P7.62mm_Horizontal:1',
'D_DO-35_SOD27_P7.62mm_Horizontal:1',
'D_DO-35_SOD27_P7.62mm_Horizontal:1',#10946,#10953,
'D_DO-35_SOD27_P7.62mm_Horizontal:1');
#195=NEXT_ASSEMBLY_USAGE_OCCURRENCE(
'D_DO-35_SOD27_P7.62mm_Horizontal:1',
'D_DO-35_SOD27_P7.62mm_Horizontal:1',
'D_DO-35_SOD27_P7.62mm_Horizontal:1',#10947,#10953,
'D_DO-35_SOD27_P7.62mm_Horizontal:1');
#196=NEXT_ASSEMBLY_USAGE_OCCURRENCE(
'D_DO-35_SOD27_P7.62mm_Horizontal:1',
'D_DO-35_SOD27_P7.62mm_Horizontal:1',
'D_DO-35_SOD27_P7.62mm_Horizontal:1',#10948,#10953,
'D_DO-35_SOD27_P7.62mm_Horizontal:1');
#197=NEXT_ASSEMBLY_USAGE_OCCURRENCE(
'D_DO-35_SOD27_P7.62mm_Horizontal:1',
'D_DO-35_SOD27_P7.62mm_Horizontal:1',
'D_DO-35_SOD27_P7.62mm_Horizontal:1',#10949,#10953,
'D_DO-35_SOD27_P7.62mm_Horizontal:1');
#198=NEXT_ASSEMBLY_USAGE_OCCURRENCE(
'D_DO-35_SOD27_P7.62mm_Horizontal:1',
'D_DO-35_SOD27_P7.62mm_Horizontal:1',
'D_DO-35_SOD27_P7.62mm_Horizontal:1',#10950,#10953,
'D_DO-35_SOD27_P7.62mm_Horizontal:1');
#199=NEXT_ASSEMBLY_USAGE_OCCURRENCE(
'D_DO-35_SOD27_P7.62mm_Horizontal:1',
'D_DO-35_SOD27_P7.62mm_Horizontal:1',
'D_DO-35_SOD27_P7.62mm_Horizontal:1',#10951,#10953,
'D_DO-35_SOD27_P7.62mm_Horizontal:1');
#200=NEXT_ASSEMBLY_USAGE_OCCURRENCE(
'D_DO-35_SOD27_P7.62mm_Horizontal:1',
'D_DO-35_SOD27_P7.62mm_Horizontal:1',
'D_DO-35_SOD27_P7.62mm_Horizontal:1',#10952,#10953,
'D_DO-35_SOD27_P7.62mm_Horizontal:1');
#201=NEXT_ASSEMBLY_USAGE_OCCURRENCE('PinHeader_1x04_P2.54mm_Vertical:1',
'PinHeader_1x04_P2.54mm_Vertical:1','PinHeader_1x04_P2.54mm_Vertical:1',
#10940,#10941,'PinHeader_1x04_P2.54mm_Vertical:1');
#202=NEXT_ASSEMBLY_USAGE_OCCURRENCE(
'D_DO-35_SOD27_P7.62mm_Horizontal (1):1',
'D_DO-35_SOD27_P7.62mm_Horizontal (1):1',
'D_DO-35_SOD27_P7.62mm_Horizontal (1):1',#10940,#10943,
'D_DO-35_SOD27_P7.62mm_Horizontal (1):1');
#203=NEXT_ASSEMBLY_USAGE_OCCURRENCE('SchB4E_PCB:1','SchB4E_PCB:1',
'SchB4E_PCB:1',#10940,#10944,'SchB4E_PCB:1');
#204=NEXT_ASSEMBLY_USAGE_OCCURRENCE(
'D_DO-35_SOD27_P7.62mm_Horizontal (1):2',
'D_DO-35_SOD27_P7.62mm_Horizontal (1):2',
'D_DO-35_SOD27_P7.62mm_Horizontal (1):2',#10940,#10945,
'D_DO-35_SOD27_P7.62mm_Horizontal (1):2');
#205=NEXT_ASSEMBLY_USAGE_OCCURRENCE(
'D_DO-35_SOD27_P7.62mm_Horizontal (1):3',
'D_DO-35_SOD27_P7.62mm_Horizontal (1):3',
'D_DO-35_SOD27_P7.62mm_Horizontal (1):3',#10940,#10946,
'D_DO-35_SOD27_P7.62mm_Horizontal (1):3');
#206=NEXT_ASSEMBLY_USAGE_OCCURRENCE(
'D_DO-35_SOD27_P7.62mm_Horizontal (1):4',
'D_DO-35_SOD27_P7.62mm_Horizontal (1):4',
'D_DO-35_SOD27_P7.62mm_Horizontal (1):4',#10940,#10947,
'D_DO-35_SOD27_P7.62mm_Horizontal (1):4');
#207=NEXT_ASSEMBLY_USAGE_OCCURRENCE(
'D_DO-35_SOD27_P7.62mm_Horizontal (1):5',
'D_DO-35_SOD27_P7.62mm_Horizontal (1):5',
'D_DO-35_SOD27_P7.62mm_Horizontal (1):5',#10940,#10948,
'D_DO-35_SOD27_P7.62mm_Horizontal (1):5');
#208=NEXT_ASSEMBLY_USAGE_OCCURRENCE(
'D_DO-35_SOD27_P7.62mm_Horizontal (1):6',
'D_DO-35_SOD27_P7.62mm_Horizontal (1):6',
'D_DO-35_SOD27_P7.62mm_Horizontal (1):6',#10940,#10949,
'D_DO-35_SOD27_P7.62mm_Horizontal (1):6');
#209=NEXT_ASSEMBLY_USAGE_OCCURRENCE(
'D_DO-35_SOD27_P7.62mm_Horizontal (1):7',
'D_DO-35_SOD27_P7.62mm_Horizontal (1):7',
'D_DO-35_SOD27_P7.62mm_Horizontal (1):7',#10940,#10950,
'D_DO-35_SOD27_P7.62mm_Horizontal (1):7');
#210=NEXT_ASSEMBLY_USAGE_OCCURRENCE(
'D_DO-35_SOD27_P7.62mm_Horizontal (1):8',
'D_DO-35_SOD27_P7.62mm_Horizontal (1):8',
'D_DO-35_SOD27_P7.62mm_Horizontal (1):8',#10940,#10951,
'D_DO-35_SOD27_P7.62mm_Horizontal (1):8');
#211=NEXT_ASSEMBLY_USAGE_OCCURRENCE(
'D_DO-35_SOD27_P7.62mm_Horizontal (1):9',
'D_DO-35_SOD27_P7.62mm_Horizontal (1):9',
'D_DO-35_SOD27_P7.62mm_Horizontal (1):9',#10940,#10952,
'D_DO-35_SOD27_P7.62mm_Horizontal (1):9');
#212=NEXT_ASSEMBLY_USAGE_OCCURRENCE('Case2.0:1','Case2.0:1','Case2.0:1',
#10921,#10922,'Case2.0:1');
#213=NEXT_ASSEMBLY_USAGE_OCCURRENCE('Case2.0:4','Case2.0:4','Case2.0:4',
#10921,#10925,'Case2.0:4');
#214=NEXT_ASSEMBLY_USAGE_OCCURRENCE('Schaltplatte_6_Tasten:1',
'Schaltplatte_6_Tasten:1','Schaltplatte_6_Tasten:1',#10921,#10940,
'Schaltplatte_6_Tasten:1');
#215=STYLED_ITEM('',(#11056),#337);
#216=STYLED_ITEM('',(#11056),#338);
#217=STYLED_ITEM('',(#11057),#5977);
#218=STYLED_ITEM('',(#11057),#5978);
#219=STYLED_ITEM('',(#11057),#5979);
#220=STYLED_ITEM('',(#11057),#5980);
#221=STYLED_ITEM('',(#11057),#5981);
#222=STYLED_ITEM('',(#11057),#5982);
#223=STYLED_ITEM('',(#11057),#5983);
#224=STYLED_ITEM('',(#11057),#5984);
#225=STYLED_ITEM('',(#11057),#5985);
#226=STYLED_ITEM('',(#11057),#5986);
#227=STYLED_ITEM('',(#11057),#5987);
#228=STYLED_ITEM('',(#11057),#5988);
#229=STYLED_ITEM('',(#11057),#5989);
#230=STYLED_ITEM('',(#11057),#5990);
#231=STYLED_ITEM('',(#11057),#5991);
#232=STYLED_ITEM('',(#11057),#5992);
#233=STYLED_ITEM('',(#11057),#5993);
#234=STYLED_ITEM('',(#11057),#5994);
#235=STYLED_ITEM('',(#11057),#5995);
#236=STYLED_ITEM('',(#11057),#5996);
#237=STYLED_ITEM('',(#11057),#5997);
#238=STYLED_ITEM('',(#11057),#5998);
#239=STYLED_ITEM('',(#11057),#5999);
#240=STYLED_ITEM('',(#11057),#6000);
#241=STYLED_ITEM('',(#11057),#6001);
#242=STYLED_ITEM('',(#11057),#6002);
#243=STYLED_ITEM('',(#11057),#6003);
#244=STYLED_ITEM('',(#11057),#6004);
#245=STYLED_ITEM('',(#11058),#6005);
#246=STYLED_ITEM('',(#11058),#6006);
#247=STYLED_ITEM('',(#11058),#6007);
#248=STYLED_ITEM('',(#11058),#6008);
#249=STYLED_ITEM('',(#11058),#6009);
#250=STYLED_ITEM('',(#11058),#6010);
#251=STYLED_ITEM('',(#11058),#6011);
#252=STYLED_ITEM('',(#11058),#6012);
#253=STYLED_ITEM('',(#11058),#6013);
#254=STYLED_ITEM('',(#11058),#6014);
#255=STYLED_ITEM('',(#11058),#6015);
#256=STYLED_ITEM('',(#11058),#6016);
#257=STYLED_ITEM('',(#11058),#6017);
#258=STYLED_ITEM('',(#11058),#6018);
#259=STYLED_ITEM('',(#11058),#6019);
#260=STYLED_ITEM('',(#11058),#6020);
#261=STYLED_ITEM('',(#11058),#6021);
#262=STYLED_ITEM('',(#11058),#6022);
#263=STYLED_ITEM('',(#11058),#6023);
#264=STYLED_ITEM('',(#11058),#6024);
#265=STYLED_ITEM('',(#11058),#6025);
#266=STYLED_ITEM('',(#11058),#6026);
#267=STYLED_ITEM('',(#11058),#6027);
#268=STYLED_ITEM('',(#11058),#6028);
#269=STYLED_ITEM('',(#11058),#6029);
#270=STYLED_ITEM('',(#11058),#6030);
#271=STYLED_ITEM('',(#11058),#6031);
#272=STYLED_ITEM('',(#11058),#6032);
#273=STYLED_ITEM('',(#11058),#6033);
#274=STYLED_ITEM('',(#11058),#6034);
#275=STYLED_ITEM('',(#11058),#6035);
#276=STYLED_ITEM('',(#11058),#6036);
#277=STYLED_ITEM('',(#11058),#6037);
#278=STYLED_ITEM('',(#11058),#6038);
#279=STYLED_ITEM('',(#11058),#6039);
#280=STYLED_ITEM('',(#11058),#6040);
#281=STYLED_ITEM('',(#11058),#6041);
#282=STYLED_ITEM('',(#11058),#6042);
#283=STYLED_ITEM('',(#11058),#6043);
#284=STYLED_ITEM('',(#11058),#6044);
#285=STYLED_ITEM('',(#11058),#6045);
#286=STYLED_ITEM('',(#11058),#6046);
#287=STYLED_ITEM('',(#11058),#6047);
#288=STYLED_ITEM('',(#11058),#6048);
#289=STYLED_ITEM('',(#11058),#6049);
#290=STYLED_ITEM('',(#11058),#6050);
#291=STYLED_ITEM('',(#11058),#6051);
#292=STYLED_ITEM('',(#11058),#6052);
#293=STYLED_ITEM('',(#11058),#6053);
#294=STYLED_ITEM('',(#11058),#6054);
#295=STYLED_ITEM('',(#11058),#6055);
#296=STYLED_ITEM('',(#11058),#6056);
#297=STYLED_ITEM('',(#11058),#6057);
#298=STYLED_ITEM('',(#11058),#6058);
#299=STYLED_ITEM('',(#11058),#6059);
#300=STYLED_ITEM('',(#11058),#6060);
#301=STYLED_ITEM('',(#11058),#6061);
#302=STYLED_ITEM('',(#11058),#6062);
#303=STYLED_ITEM('',(#11058),#6063);
#304=STYLED_ITEM('',(#11058),#6064);
#305=STYLED_ITEM('',(#11058),#6065);
#306=STYLED_ITEM('',(#11058),#6066);
#307=STYLED_ITEM('',(#11058),#6067);
#308=STYLED_ITEM('',(#11058),#6068);
#309=STYLED_ITEM('',(#11058),#6069);
#310=STYLED_ITEM('',(#11058),#6070);
#311=STYLED_ITEM('',(#11058),#6071);
#312=STYLED_ITEM('',(#11058),#6072);
#313=STYLED_ITEM('',(#11058),#6073);
#314=STYLED_ITEM('',(#11058),#6074);
#315=STYLED_ITEM('',(#11058),#6075);
#316=STYLED_ITEM('',(#11058),#6076);
#317=STYLED_ITEM('',(#11056),#339);
#318=STYLED_ITEM('',(#11059),#340);
#319=STYLED_ITEM('',(#11060),#6164);
#320=STYLED_ITEM('',(#11060),#6165);
#321=STYLED_ITEM('',(#11060),#6166);
#322=STYLED_ITEM('',(#11060),#6167);
#323=STYLED_ITEM('',(#11060),#6168);
#324=STYLED_ITEM('',(#11060),#6169);
#325=STYLED_ITEM('',(#11060),#6170);
#326=STYLED_ITEM('',(#11056),#341);
#327=STYLED_ITEM('',(#11061),#6171);
#328=STYLED_ITEM('',(#11061),#6172);
#329=STYLED_ITEM('',(#11061),#6173);
#330=STYLED_ITEM('',(#11062),#6174);
#331=STYLED_ITEM('',(#11062),#6175);
#332=STYLED_ITEM('',(#11062),#6176);
#333=STYLED_ITEM('',(#11062),#6177);
#334=STYLED_ITEM('',(#11062),#6178);
#335=STYLED_ITEM('',(#11062),#6179);
#336=STYLED_ITEM('',(#11056),#342);
#337=MANIFOLD_SOLID_BREP('K\X\F6rper3',#6180);
#338=MANIFOLD_SOLID_BREP('K\X\F6rper2',#6181);
#339=MANIFOLD_SOLID_BREP('K\X\F6rper1',#6182);
#340=MANIFOLD_SOLID_BREP('K\X\F6rper1',#6183);
#341=MANIFOLD_SOLID_BREP('K\X\F6rper1',#6184);
#342=MANIFOLD_SOLID_BREP('K\X\F6rper2',#6185);
#343=TOROIDAL_SURFACE('',#6370,2.45,1.);
#344=TOROIDAL_SURFACE('',#6375,2.45,1.);
#345=TOROIDAL_SURFACE('',#6380,2.82909412097519,1.);
#346=TOROIDAL_SURFACE('',#6385,2.45,1.);
#347=TOROIDAL_SURFACE('',#6393,1.5,1.);
#348=TOROIDAL_SURFACE('',#6398,1.5,1.);
#349=TOROIDAL_SURFACE('',#6403,1.5,1.);
#350=TOROIDAL_SURFACE('',#6413,1.5,1.);
#351=TOROIDAL_SURFACE('',#6418,1.5,1.);
#352=TOROIDAL_SURFACE('',#6425,1.5,1.);
#353=TOROIDAL_SURFACE('',#6430,1.5,1.);
#354=TOROIDAL_SURFACE('',#6435,1.5,1.);
#355=TOROIDAL_SURFACE('',#6440,1.5,1.);
#356=TOROIDAL_SURFACE('',#6932,0.5,0.25);
#357=TOROIDAL_SURFACE('',#6939,0.5,0.25);
#358=TOROIDAL_SURFACE('',#6958,0.6,0.4);
#359=TOROIDAL_SURFACE('',#6961,0.6,0.4);
#360=ELLIPSE('',#6316,2.23606797749979,1.);
#361=ELLIPSE('',#6317,2.23606797749979,1.);
#362=ELLIPSE('',#6323,2.23606797749979,0.999999999999999);
#363=ELLIPSE('',#6326,2.23606797749979,0.999999999999999);
#364=ELLIPSE('',#6408,1.1180339887499,1.);
#365=ELLIPSE('',#6409,1.1180339887499,1.);
#366=ELLIPSE('',#6422,1.41421356237308,1.);
#367=B_SPLINE_SURFACE_WITH_KNOTS('',3,3,((#9015,#9016,#9017,#9018,#9019,
#9020),(#9021,#9022,#9023,#9024,#9025,#9026),(#9027,#9028,#9029,#9030,#9031,
#9032),(#9033,#9034,#9035,#9036,#9037,#9038),(#9039,#9040,#9041,#9042,#9043,
#9044)),.UNSPECIFIED.,.F.,.F.,.F.,(4,1,4),(4,1,1,4),(0.,0.571428571428571,
1.),(-1.5707963267949,-0.897597901025655,-0.448798950512828,0.),
 .UNSPECIFIED.);
#368=B_SPLINE_SURFACE_WITH_KNOTS('',3,3,((#9073,#9074,#9075,#9076,#9077,
#9078),(#9079,#9080,#9081,#9082,#9083,#9084),(#9085,#9086,#9087,#9088,#9089,
#9090),(#9091,#9092,#9093,#9094,#9095,#9096),(#9097,#9098,#9099,#9100,#9101,
#9102)),.UNSPECIFIED.,.F.,.F.,.F.,(4,1,4),(4,1,1,4),(0.,0.571428571428571,
1.),(0.,0.448798950512828,0.673198425769241,1.5707963267949),
 .UNSPECIFIED.);
#369=B_SPLINE_SURFACE_WITH_KNOTS('',3,3,((#9267,#9268,#9269,#9270,#9271),
(#9272,#9273,#9274,#9275,#9276),(#9277,#9278,#9279,#9280,#9281),(#9282,
#9283,#9284,#9285,#9286),(#9287,#9288,#9289,#9290,#9291)),.UNSPECIFIED.,
 .F.,.F.,.F.,(4,1,4),(4,1,4),(0.,0.5,1.),(6.93889390390722E-17,0.673198425769241,
1.5707963267949),.UNSPECIFIED.);
#370=FACE_BOUND('',#1040,.T.);
#371=FACE_BOUND('',#1041,.T.);
#372=FACE_BOUND('',#1042,.T.);
#373=FACE_BOUND('',#1043,.T.);
#374=FACE_BOUND('',#1044,.T.);
#375=FACE_BOUND('',#1045,.T.);
#376=FACE_BOUND('',#1071,.T.);
#377=FACE_BOUND('',#1072,.T.);
#378=FACE_BOUND('',#1073,.T.);
#379=FACE_BOUND('',#1074,.T.);
#380=FACE_BOUND('',#1075,.T.);
#381=FACE_BOUND('',#1076,.T.);
#382=FACE_BOUND('',#1135,.T.);
#383=FACE_BOUND('',#1136,.T.);
#384=FACE_BOUND('',#1137,.T.);
#385=FACE_BOUND('',#1138,.T.);
#386=FACE_BOUND('',#1157,.T.);
#387=FACE_BOUND('',#1158,.T.);
#388=FACE_BOUND('',#1159,.T.);
#389=FACE_BOUND('',#1160,.T.);
#390=FACE_BOUND('',#1176,.T.);
#391=FACE_BOUND('',#1177,.T.);
#392=FACE_BOUND('',#1178,.T.);
#393=FACE_BOUND('',#1179,.T.);
#394=FACE_BOUND('',#1181,.T.);
#395=FACE_BOUND('',#1182,.T.);
#396=FACE_BOUND('',#1183,.T.);
#397=FACE_BOUND('',#1184,.T.);
#398=FACE_BOUND('',#1284,.T.);
#399=FACE_BOUND('',#1285,.T.);
#400=FACE_BOUND('',#1286,.T.);
#401=FACE_BOUND('',#1287,.T.);
#402=FACE_BOUND('',#1288,.T.);
#403=FACE_BOUND('',#1289,.T.);
#404=FACE_BOUND('',#1290,.T.);
#405=FACE_BOUND('',#1291,.T.);
#406=FACE_BOUND('',#1292,.T.);
#407=FACE_BOUND('',#1293,.T.);
#408=FACE_BOUND('',#1294,.T.);
#409=FACE_BOUND('',#1295,.T.);
#410=FACE_BOUND('',#1296,.T.);
#411=FACE_BOUND('',#1297,.T.);
#412=FACE_BOUND('',#1298,.T.);
#413=FACE_BOUND('',#1299,.T.);
#414=FACE_BOUND('',#1300,.T.);
#415=FACE_BOUND('',#1301,.T.);
#416=FACE_BOUND('',#1302,.T.);
#417=FACE_BOUND('',#1303,.T.);
#418=FACE_BOUND('',#1304,.T.);
#419=FACE_BOUND('',#1305,.T.);
#420=FACE_BOUND('',#1306,.T.);
#421=FACE_BOUND('',#1307,.T.);
#422=FACE_BOUND('',#1308,.T.);
#423=FACE_BOUND('',#1309,.T.);
#424=FACE_BOUND('',#1310,.T.);
#425=FACE_BOUND('',#1311,.T.);
#426=FACE_BOUND('',#1312,.T.);
#427=FACE_BOUND('',#1313,.T.);
#428=FACE_BOUND('',#1314,.T.);
#429=FACE_BOUND('',#1315,.T.);
#430=FACE_BOUND('',#1316,.T.);
#431=FACE_BOUND('',#1317,.T.);
#432=FACE_BOUND('',#1318,.T.);
#433=FACE_BOUND('',#1319,.T.);
#434=FACE_BOUND('',#1320,.T.);
#435=FACE_BOUND('',#1321,.T.);
#436=FACE_BOUND('',#1322,.T.);
#437=FACE_BOUND('',#1323,.T.);
#438=FACE_BOUND('',#1324,.T.);
#439=FACE_BOUND('',#1325,.T.);
#440=FACE_BOUND('',#1326,.T.);
#441=FACE_BOUND('',#1327,.T.);
#442=FACE_BOUND('',#1328,.T.);
#443=FACE_BOUND('',#1329,.T.);
#444=FACE_BOUND('',#1330,.T.);
#445=FACE_BOUND('',#1331,.T.);
#446=FACE_BOUND('',#1332,.T.);
#447=FACE_BOUND('',#1333,.T.);
#448=FACE_BOUND('',#1334,.T.);
#449=FACE_BOUND('',#1335,.T.);
#450=FACE_BOUND('',#1336,.T.);
#451=FACE_BOUND('',#1337,.T.);
#452=FACE_BOUND('',#1338,.T.);
#453=FACE_BOUND('',#1339,.T.);
#454=FACE_BOUND('',#1340,.T.);
#455=FACE_BOUND('',#1341,.T.);
#456=FACE_BOUND('',#1342,.T.);
#457=FACE_BOUND('',#1343,.T.);
#458=FACE_BOUND('',#1344,.T.);
#459=FACE_BOUND('',#1345,.T.);
#460=FACE_BOUND('',#1346,.T.);
#461=FACE_BOUND('',#1347,.T.);
#462=FACE_BOUND('',#1348,.T.);
#463=FACE_BOUND('',#1349,.T.);
#464=FACE_BOUND('',#1350,.T.);
#465=FACE_BOUND('',#1351,.T.);
#466=FACE_BOUND('',#1352,.T.);
#467=FACE_BOUND('',#1353,.T.);
#468=FACE_BOUND('',#1354,.T.);
#469=FACE_BOUND('',#1355,.T.);
#470=FACE_BOUND('',#1356,.T.);
#471=FACE_BOUND('',#1357,.T.);
#472=FACE_BOUND('',#1358,.T.);
#473=FACE_BOUND('',#1359,.T.);
#474=FACE_BOUND('',#1360,.T.);
#475=FACE_BOUND('',#1361,.T.);
#476=FACE_BOUND('',#1362,.T.);
#477=FACE_BOUND('',#1363,.T.);
#478=FACE_BOUND('',#1364,.T.);
#479=FACE_BOUND('',#1366,.T.);
#480=FACE_BOUND('',#1367,.T.);
#481=FACE_BOUND('',#1368,.T.);
#482=FACE_BOUND('',#1369,.T.);
#483=FACE_BOUND('',#1370,.T.);
#484=FACE_BOUND('',#1371,.T.);
#485=FACE_BOUND('',#1372,.T.);
#486=FACE_BOUND('',#1373,.T.);
#487=FACE_BOUND('',#1374,.T.);
#488=FACE_BOUND('',#1375,.T.);
#489=FACE_BOUND('',#1376,.T.);
#490=FACE_BOUND('',#1377,.T.);
#491=FACE_BOUND('',#1378,.T.);
#492=FACE_BOUND('',#1379,.T.);
#493=FACE_BOUND('',#1380,.T.);
#494=FACE_BOUND('',#1381,.T.);
#495=FACE_BOUND('',#1382,.T.);
#496=FACE_BOUND('',#1383,.T.);
#497=FACE_BOUND('',#1384,.T.);
#498=FACE_BOUND('',#1385,.T.);
#499=FACE_BOUND('',#1386,.T.);
#500=FACE_BOUND('',#1387,.T.);
#501=FACE_BOUND('',#1388,.T.);
#502=FACE_BOUND('',#1389,.T.);
#503=FACE_BOUND('',#1390,.T.);
#504=FACE_BOUND('',#1391,.T.);
#505=FACE_BOUND('',#1392,.T.);
#506=FACE_BOUND('',#1393,.T.);
#507=FACE_BOUND('',#1394,.T.);
#508=FACE_BOUND('',#1395,.T.);
#509=FACE_BOUND('',#1396,.T.);
#510=FACE_BOUND('',#1397,.T.);
#511=FACE_BOUND('',#1398,.T.);
#512=FACE_BOUND('',#1399,.T.);
#513=FACE_BOUND('',#1400,.T.);
#514=FACE_BOUND('',#1401,.T.);
#515=FACE_BOUND('',#1402,.T.);
#516=FACE_BOUND('',#1403,.T.);
#517=FACE_BOUND('',#1404,.T.);
#518=FACE_BOUND('',#1405,.T.);
#519=FACE_BOUND('',#1406,.T.);
#520=FACE_BOUND('',#1407,.T.);
#521=FACE_BOUND('',#1408,.T.);
#522=FACE_BOUND('',#1409,.T.);
#523=FACE_BOUND('',#1410,.T.);
#524=FACE_BOUND('',#1411,.T.);
#525=FACE_BOUND('',#1412,.T.);
#526=FACE_BOUND('',#1413,.T.);
#527=FACE_BOUND('',#1414,.T.);
#528=FACE_BOUND('',#1415,.T.);
#529=FACE_BOUND('',#1416,.T.);
#530=FACE_BOUND('',#1417,.T.);
#531=FACE_BOUND('',#1418,.T.);
#532=FACE_BOUND('',#1419,.T.);
#533=FACE_BOUND('',#1420,.T.);
#534=FACE_BOUND('',#1421,.T.);
#535=FACE_BOUND('',#1422,.T.);
#536=FACE_BOUND('',#1423,.T.);
#537=FACE_BOUND('',#1424,.T.);
#538=FACE_BOUND('',#1425,.T.);
#539=FACE_BOUND('',#1426,.T.);
#540=FACE_BOUND('',#1427,.T.);
#541=FACE_BOUND('',#1428,.T.);
#542=FACE_BOUND('',#1429,.T.);
#543=FACE_BOUND('',#1430,.T.);
#544=FACE_BOUND('',#1431,.T.);
#545=FACE_BOUND('',#1432,.T.);
#546=FACE_BOUND('',#1433,.T.);
#547=FACE_BOUND('',#1434,.T.);
#548=FACE_BOUND('',#1435,.T.);
#549=FACE_BOUND('',#1436,.T.);
#550=FACE_BOUND('',#1437,.T.);
#551=FACE_BOUND('',#1438,.T.);
#552=FACE_BOUND('',#1439,.T.);
#553=FACE_BOUND('',#1440,.T.);
#554=FACE_BOUND('',#1441,.T.);
#555=FACE_BOUND('',#1442,.T.);
#556=FACE_BOUND('',#1443,.T.);
#557=FACE_BOUND('',#1444,.T.);
#558=FACE_BOUND('',#1445,.T.);
#559=FACE_BOUND('',#1446,.T.);
#560=FACE_BOUND('',#1538,.T.);
#561=FACE_BOUND('',#1540,.T.);
#562=PLANE('',#6285);
#563=PLANE('',#6286);
#564=PLANE('',#6308);
#565=PLANE('',#6314);
#566=PLANE('',#6319);
#567=PLANE('',#6329);
#568=PLANE('',#6341);
#569=PLANE('',#6351);
#570=PLANE('',#6366);
#571=PLANE('',#6367);
#572=PLANE('',#6405);
#573=PLANE('',#6407);
#574=PLANE('',#6444);
#575=PLANE('',#6446);
#576=PLANE('',#6448);
#577=PLANE('',#6450);
#578=PLANE('',#6452);
#579=PLANE('',#6455);
#580=PLANE('',#6457);
#581=PLANE('',#6460);
#582=PLANE('',#6461);
#583=PLANE('',#6503);
#584=PLANE('',#6504);
#585=PLANE('',#6518);
#586=PLANE('',#6526);
#587=PLANE('',#6532);
#588=PLANE('',#6545);
#589=PLANE('',#6546);
#590=PLANE('',#6555);
#591=PLANE('',#6556);
#592=PLANE('',#6557);
#593=PLANE('',#6558);
#594=PLANE('',#6559);
#595=PLANE('',#6567);
#596=PLANE('',#6568);
#597=PLANE('',#6569);
#598=PLANE('',#6570);
#599=PLANE('',#6571);
#600=PLANE('',#6572);
#601=PLANE('',#6573);
#602=PLANE('',#6574);
#603=PLANE('',#6575);
#604=PLANE('',#6576);
#605=PLANE('',#6577);
#606=PLANE('',#6578);
#607=PLANE('',#6579);
#608=PLANE('',#6580);
#609=PLANE('',#6581);
#610=PLANE('',#6582);
#611=PLANE('',#6583);
#612=PLANE('',#6584);
#613=PLANE('',#6585);
#614=PLANE('',#6586);
#615=PLANE('',#6587);
#616=PLANE('',#6588);
#617=PLANE('',#6589);
#618=PLANE('',#6590);
#619=PLANE('',#6591);
#620=PLANE('',#6592);
#621=PLANE('',#6593);
#622=PLANE('',#6594);
#623=PLANE('',#6595);
#624=PLANE('',#6596);
#625=PLANE('',#6597);
#626=PLANE('',#6598);
#627=PLANE('',#6599);
#628=PLANE('',#6600);
#629=PLANE('',#6601);
#630=PLANE('',#6602);
#631=PLANE('',#6603);
#632=PLANE('',#6604);
#633=PLANE('',#6605);
#634=PLANE('',#6606);
#635=PLANE('',#6607);
#636=PLANE('',#6608);
#637=PLANE('',#6609);
#638=PLANE('',#6610);
#639=PLANE('',#6611);
#640=PLANE('',#6612);
#641=PLANE('',#6613);
#642=PLANE('',#6614);
#643=PLANE('',#6615);
#644=PLANE('',#6616);
#645=PLANE('',#6617);
#646=PLANE('',#6618);
#647=PLANE('',#6619);
#648=PLANE('',#6620);
#649=PLANE('',#6621);
#650=PLANE('',#6622);
#651=PLANE('',#6623);
#652=PLANE('',#6624);
#653=PLANE('',#6625);
#654=PLANE('',#6626);
#655=PLANE('',#6627);
#656=PLANE('',#6628);
#657=PLANE('',#6629);
#658=PLANE('',#6630);
#659=PLANE('',#6631);
#660=PLANE('',#6632);
#661=PLANE('',#6633);
#662=PLANE('',#6634);
#663=PLANE('',#6635);
#664=PLANE('',#6636);
#665=PLANE('',#6637);
#666=PLANE('',#6638);
#667=PLANE('',#6639);
#668=PLANE('',#6640);
#669=PLANE('',#6641);
#670=PLANE('',#6642);
#671=PLANE('',#6643);
#672=PLANE('',#6644);
#673=PLANE('',#6645);
#674=PLANE('',#6646);
#675=PLANE('',#6647);
#676=PLANE('',#6648);
#677=PLANE('',#6649);
#678=PLANE('',#6650);
#679=PLANE('',#6651);
#680=PLANE('',#6652);
#681=PLANE('',#6653);
#682=PLANE('',#6654);
#683=PLANE('',#6655);
#684=PLANE('',#6656);
#685=PLANE('',#6657);
#686=PLANE('',#6658);
#687=PLANE('',#6659);
#688=PLANE('',#6660);
#689=PLANE('',#6661);
#690=PLANE('',#6662);
#691=PLANE('',#6663);
#692=PLANE('',#6664);
#693=PLANE('',#6665);
#694=PLANE('',#6666);
#695=PLANE('',#6670);
#696=PLANE('',#6671);
#697=PLANE('',#6672);
#698=PLANE('',#6673);
#699=PLANE('',#6755);
#700=PLANE('',#6837);
#701=PLANE('',#6945);
#702=PLANE('',#6946);
#703=PLANE('',#6950);
#704=PLANE('',#6952);
#705=PLANE('',#6964);
#706=PLANE('',#6965);
#707=SPHERICAL_SURFACE('',#6282,1.);
#708=SPHERICAL_SURFACE('',#6311,1.);
#709=SPHERICAL_SURFACE('',#6332,1.);
#710=SPHERICAL_SURFACE('',#6338,1.);
#711=SPHERICAL_SURFACE('',#6344,1.);
#712=SPHERICAL_SURFACE('',#6348,1.);
#713=SPHERICAL_SURFACE('',#6521,1.);
#714=SPHERICAL_SURFACE('',#6527,1.);
#715=SPHERICAL_SURFACE('',#6535,1.);
#716=SPHERICAL_SURFACE('',#6539,1.);
#717=FACE_OUTER_BOUND('',#1036,.T.);
#718=FACE_OUTER_BOUND('',#1037,.T.);
#719=FACE_OUTER_BOUND('',#1038,.T.);
#720=FACE_OUTER_BOUND('',#1039,.T.);
#721=FACE_OUTER_BOUND('',#1046,.T.);
#722=FACE_OUTER_BOUND('',#1047,.T.);
#723=FACE_OUTER_BOUND('',#1048,.T.);
#724=FACE_OUTER_BOUND('',#1049,.T.);
#725=FACE_OUTER_BOUND('',#1050,.T.);
#726=FACE_OUTER_BOUND('',#1051,.T.);
#727=FACE_OUTER_BOUND('',#1052,.T.);
#728=FACE_OUTER_BOUND('',#1053,.T.);
#729=FACE_OUTER_BOUND('',#1054,.T.);
#730=FACE_OUTER_BOUND('',#1055,.T.);
#731=FACE_OUTER_BOUND('',#1056,.T.);
#732=FACE_OUTER_BOUND('',#1057,.T.);
#733=FACE_OUTER_BOUND('',#1058,.T.);
#734=FACE_OUTER_BOUND('',#1059,.T.);
#735=FACE_OUTER_BOUND('',#1060,.T.);
#736=FACE_OUTER_BOUND('',#1061,.T.);
#737=FACE_OUTER_BOUND('',#1062,.T.);
#738=FACE_OUTER_BOUND('',#1063,.T.);
#739=FACE_OUTER_BOUND('',#1064,.T.);
#740=FACE_OUTER_BOUND('',#1065,.T.);
#741=FACE_OUTER_BOUND('',#1066,.T.);
#742=FACE_OUTER_BOUND('',#1067,.T.);
#743=FACE_OUTER_BOUND('',#1068,.T.);
#744=FACE_OUTER_BOUND('',#1069,.T.);
#745=FACE_OUTER_BOUND('',#1070,.T.);
#746=FACE_OUTER_BOUND('',#1077,.T.);
#747=FACE_OUTER_BOUND('',#1078,.T.);
#748=FACE_OUTER_BOUND('',#1079,.T.);
#749=FACE_OUTER_BOUND('',#1080,.T.);
#750=FACE_OUTER_BOUND('',#1081,.T.);
#751=FACE_OUTER_BOUND('',#1082,.T.);
#752=FACE_OUTER_BOUND('',#1083,.T.);
#753=FACE_OUTER_BOUND('',#1084,.T.);
#754=FACE_OUTER_BOUND('',#1085,.T.);
#755=FACE_OUTER_BOUND('',#1086,.T.);
#756=FACE_OUTER_BOUND('',#1087,.T.);
#757=FACE_OUTER_BOUND('',#1088,.T.);
#758=FACE_OUTER_BOUND('',#1089,.T.);
#759=FACE_OUTER_BOUND('',#1090,.T.);
#760=FACE_OUTER_BOUND('',#1091,.T.);
#761=FACE_OUTER_BOUND('',#1092,.T.);
#762=FACE_OUTER_BOUND('',#1093,.T.);
#763=FACE_OUTER_BOUND('',#1094,.T.);
#764=FACE_OUTER_BOUND('',#1095,.T.);
#765=FACE_OUTER_BOUND('',#1096,.T.);
#766=FACE_OUTER_BOUND('',#1097,.T.);
#767=FACE_OUTER_BOUND('',#1098,.T.);
#768=FACE_OUTER_BOUND('',#1099,.T.);
#769=FACE_OUTER_BOUND('',#1100,.T.);
#770=FACE_OUTER_BOUND('',#1101,.T.);
#771=FACE_OUTER_BOUND('',#1102,.T.);
#772=FACE_OUTER_BOUND('',#1103,.T.);
#773=FACE_OUTER_BOUND('',#1104,.T.);
#774=FACE_OUTER_BOUND('',#1105,.T.);
#775=FACE_OUTER_BOUND('',#1106,.T.);
#776=FACE_OUTER_BOUND('',#1107,.T.);
#777=FACE_OUTER_BOUND('',#1108,.T.);
#778=FACE_OUTER_BOUND('',#1109,.T.);
#779=FACE_OUTER_BOUND('',#1110,.T.);
#780=FACE_OUTER_BOUND('',#1111,.T.);
#781=FACE_OUTER_BOUND('',#1112,.T.);
#782=FACE_OUTER_BOUND('',#1113,.T.);
#783=FACE_OUTER_BOUND('',#1114,.T.);
#784=FACE_OUTER_BOUND('',#1115,.T.);
#785=FACE_OUTER_BOUND('',#1116,.T.);
#786=FACE_OUTER_BOUND('',#1117,.T.);
#787=FACE_OUTER_BOUND('',#1118,.T.);
#788=FACE_OUTER_BOUND('',#1119,.T.);
#789=FACE_OUTER_BOUND('',#1120,.T.);
#790=FACE_OUTER_BOUND('',#1121,.T.);
#791=FACE_OUTER_BOUND('',#1122,.T.);
#792=FACE_OUTER_BOUND('',#1123,.T.);
#793=FACE_OUTER_BOUND('',#1124,.T.);
#794=FACE_OUTER_BOUND('',#1125,.T.);
#795=FACE_OUTER_BOUND('',#1126,.T.);
#796=FACE_OUTER_BOUND('',#1127,.T.);
#797=FACE_OUTER_BOUND('',#1128,.T.);
#798=FACE_OUTER_BOUND('',#1129,.T.);
#799=FACE_OUTER_BOUND('',#1130,.T.);
#800=FACE_OUTER_BOUND('',#1131,.T.);
#801=FACE_OUTER_BOUND('',#1132,.T.);
#802=FACE_OUTER_BOUND('',#1133,.T.);
#803=FACE_OUTER_BOUND('',#1134,.T.);
#804=FACE_OUTER_BOUND('',#1139,.T.);
#805=FACE_OUTER_BOUND('',#1140,.T.);
#806=FACE_OUTER_BOUND('',#1141,.T.);
#807=FACE_OUTER_BOUND('',#1142,.T.);
#808=FACE_OUTER_BOUND('',#1143,.T.);
#809=FACE_OUTER_BOUND('',#1144,.T.);
#810=FACE_OUTER_BOUND('',#1145,.T.);
#811=FACE_OUTER_BOUND('',#1146,.T.);
#812=FACE_OUTER_BOUND('',#1147,.T.);
#813=FACE_OUTER_BOUND('',#1148,.T.);
#814=FACE_OUTER_BOUND('',#1149,.T.);
#815=FACE_OUTER_BOUND('',#1150,.T.);
#816=FACE_OUTER_BOUND('',#1151,.T.);
#817=FACE_OUTER_BOUND('',#1152,.T.);
#818=FACE_OUTER_BOUND('',#1153,.T.);
#819=FACE_OUTER_BOUND('',#1154,.T.);
#820=FACE_OUTER_BOUND('',#1155,.T.);
#821=FACE_OUTER_BOUND('',#1156,.T.);
#822=FACE_OUTER_BOUND('',#1161,.T.);
#823=FACE_OUTER_BOUND('',#1162,.T.);
#824=FACE_OUTER_BOUND('',#1163,.T.);
#825=FACE_OUTER_BOUND('',#1164,.T.);
#826=FACE_OUTER_BOUND('',#1165,.T.);
#827=FACE_OUTER_BOUND('',#1166,.T.);
#828=FACE_OUTER_BOUND('',#1167,.T.);
#829=FACE_OUTER_BOUND('',#1168,.T.);
#830=FACE_OUTER_BOUND('',#1169,.T.);
#831=FACE_OUTER_BOUND('',#1170,.T.);
#832=FACE_OUTER_BOUND('',#1171,.T.);
#833=FACE_OUTER_BOUND('',#1172,.T.);
#834=FACE_OUTER_BOUND('',#1173,.T.);
#835=FACE_OUTER_BOUND('',#1174,.T.);
#836=FACE_OUTER_BOUND('',#1175,.T.);
#837=FACE_OUTER_BOUND('',#1180,.T.);
#838=FACE_OUTER_BOUND('',#1185,.T.);
#839=FACE_OUTER_BOUND('',#1186,.T.);
#840=FACE_OUTER_BOUND('',#1187,.T.);
#841=FACE_OUTER_BOUND('',#1188,.T.);
#842=FACE_OUTER_BOUND('',#1189,.T.);
#843=FACE_OUTER_BOUND('',#1190,.T.);
#844=FACE_OUTER_BOUND('',#1191,.T.);
#845=FACE_OUTER_BOUND('',#1192,.T.);
#846=FACE_OUTER_BOUND('',#1193,.T.);
#847=FACE_OUTER_BOUND('',#1194,.T.);
#848=FACE_OUTER_BOUND('',#1195,.T.);
#849=FACE_OUTER_BOUND('',#1196,.T.);
#850=FACE_OUTER_BOUND('',#1197,.T.);
#851=FACE_OUTER_BOUND('',#1198,.T.);
#852=FACE_OUTER_BOUND('',#1199,.T.);
#853=FACE_OUTER_BOUND('',#1200,.T.);
#854=FACE_OUTER_BOUND('',#1201,.T.);
#855=FACE_OUTER_BOUND('',#1202,.T.);
#856=FACE_OUTER_BOUND('',#1203,.T.);
#857=FACE_OUTER_BOUND('',#1204,.T.);
#858=FACE_OUTER_BOUND('',#1205,.T.);
#859=FACE_OUTER_BOUND('',#1206,.T.);
#860=FACE_OUTER_BOUND('',#1207,.T.);
#861=FACE_OUTER_BOUND('',#1208,.T.);
#862=FACE_OUTER_BOUND('',#1209,.T.);
#863=FACE_OUTER_BOUND('',#1210,.T.);
#864=FACE_OUTER_BOUND('',#1211,.T.);
#865=FACE_OUTER_BOUND('',#1212,.T.);
#866=FACE_OUTER_BOUND('',#1213,.T.);
#867=FACE_OUTER_BOUND('',#1214,.T.);
#868=FACE_OUTER_BOUND('',#1215,.T.);
#869=FACE_OUTER_BOUND('',#1216,.T.);
#870=FACE_OUTER_BOUND('',#1217,.T.);
#871=FACE_OUTER_BOUND('',#1218,.T.);
#872=FACE_OUTER_BOUND('',#1219,.T.);
#873=FACE_OUTER_BOUND('',#1220,.T.);
#874=FACE_OUTER_BOUND('',#1221,.T.);
#875=FACE_OUTER_BOUND('',#1222,.T.);
#876=FACE_OUTER_BOUND('',#1223,.T.);
#877=FACE_OUTER_BOUND('',#1224,.T.);
#878=FACE_OUTER_BOUND('',#1225,.T.);
#879=FACE_OUTER_BOUND('',#1226,.T.);
#880=FACE_OUTER_BOUND('',#1227,.T.);
#881=FACE_OUTER_BOUND('',#1228,.T.);
#882=FACE_OUTER_BOUND('',#1229,.T.);
#883=FACE_OUTER_BOUND('',#1230,.T.);
#884=FACE_OUTER_BOUND('',#1231,.T.);
#885=FACE_OUTER_BOUND('',#1232,.T.);
#886=FACE_OUTER_BOUND('',#1233,.T.);
#887=FACE_OUTER_BOUND('',#1234,.T.);
#888=FACE_OUTER_BOUND('',#1235,.T.);
#889=FACE_OUTER_BOUND('',#1236,.T.);
#890=FACE_OUTER_BOUND('',#1237,.T.);
#891=FACE_OUTER_BOUND('',#1238,.T.);
#892=FACE_OUTER_BOUND('',#1239,.T.);
#893=FACE_OUTER_BOUND('',#1240,.T.);
#894=FACE_OUTER_BOUND('',#1241,.T.);
#895=FACE_OUTER_BOUND('',#1242,.T.);
#896=FACE_OUTER_BOUND('',#1243,.T.);
#897=FACE_OUTER_BOUND('',#1244,.T.);
#898=FACE_OUTER_BOUND('',#1245,.T.);
#899=FACE_OUTER_BOUND('',#1246,.T.);
#900=FACE_OUTER_BOUND('',#1247,.T.);
#901=FACE_OUTER_BOUND('',#1248,.T.);
#902=FACE_OUTER_BOUND('',#1249,.T.);
#903=FACE_OUTER_BOUND('',#1250,.T.);
#904=FACE_OUTER_BOUND('',#1251,.T.);
#905=FACE_OUTER_BOUND('',#1252,.T.);
#906=FACE_OUTER_BOUND('',#1253,.T.);
#907=FACE_OUTER_BOUND('',#1254,.T.);
#908=FACE_OUTER_BOUND('',#1255,.T.);
#909=FACE_OUTER_BOUND('',#1256,.T.);
#910=FACE_OUTER_BOUND('',#1257,.T.);
#911=FACE_OUTER_BOUND('',#1258,.T.);
#912=FACE_OUTER_BOUND('',#1259,.T.);
#913=FACE_OUTER_BOUND('',#1260,.T.);
#914=FACE_OUTER_BOUND('',#1261,.T.);
#915=FACE_OUTER_BOUND('',#1262,.T.);
#916=FACE_OUTER_BOUND('',#1263,.T.);
#917=FACE_OUTER_BOUND('',#1264,.T.);
#918=FACE_OUTER_BOUND('',#1265,.T.);
#919=FACE_OUTER_BOUND('',#1266,.T.);
#920=FACE_OUTER_BOUND('',#1267,.T.);
#921=FACE_OUTER_BOUND('',#1268,.T.);
#922=FACE_OUTER_BOUND('',#1269,.T.);
#923=FACE_OUTER_BOUND('',#1270,.T.);
#924=FACE_OUTER_BOUND('',#1271,.T.);
#925=FACE_OUTER_BOUND('',#1272,.T.);
#926=FACE_OUTER_BOUND('',#1273,.T.);
#927=FACE_OUTER_BOUND('',#1274,.T.);
#928=FACE_OUTER_BOUND('',#1275,.T.);
#929=FACE_OUTER_BOUND('',#1276,.T.);
#930=FACE_OUTER_BOUND('',#1277,.T.);
#931=FACE_OUTER_BOUND('',#1278,.T.);
#932=FACE_OUTER_BOUND('',#1279,.T.);
#933=FACE_OUTER_BOUND('',#1280,.T.);
#934=FACE_OUTER_BOUND('',#1281,.T.);
#935=FACE_OUTER_BOUND('',#1282,.T.);
#936=FACE_OUTER_BOUND('',#1283,.T.);
#937=FACE_OUTER_BOUND('',#1365,.T.);
#938=FACE_OUTER_BOUND('',#1447,.T.);
#939=FACE_OUTER_BOUND('',#1448,.T.);
#940=FACE_OUTER_BOUND('',#1449,.T.);
#941=FACE_OUTER_BOUND('',#1450,.T.);
#942=FACE_OUTER_BOUND('',#1451,.T.);
#943=FACE_OUTER_BOUND('',#1452,.T.);
#944=FACE_OUTER_BOUND('',#1453,.T.);
#945=FACE_OUTER_BOUND('',#1454,.T.);
#946=FACE_OUTER_BOUND('',#1455,.T.);
#947=FACE_OUTER_BOUND('',#1456,.T.);
#948=FACE_OUTER_BOUND('',#1457,.T.);
#949=FACE_OUTER_BOUND('',#1458,.T.);
#950=FACE_OUTER_BOUND('',#1459,.T.);
#951=FACE_OUTER_BOUND('',#1460,.T.);
#952=FACE_OUTER_BOUND('',#1461,.T.);
#953=FACE_OUTER_BOUND('',#1462,.T.);
#954=FACE_OUTER_BOUND('',#1463,.T.);
#955=FACE_OUTER_BOUND('',#1464,.T.);
#956=FACE_OUTER_BOUND('',#1465,.T.);
#957=FACE_OUTER_BOUND('',#1466,.T.);
#958=FACE_OUTER_BOUND('',#1467,.T.);
#959=FACE_OUTER_BOUND('',#1468,.T.);
#960=FACE_OUTER_BOUND('',#1469,.T.);
#961=FACE_OUTER_BOUND('',#1470,.T.);
#962=FACE_OUTER_BOUND('',#1471,.T.);
#963=FACE_OUTER_BOUND('',#1472,.T.);
#964=FACE_OUTER_BOUND('',#1473,.T.);
#965=FACE_OUTER_BOUND('',#1474,.T.);
#966=FACE_OUTER_BOUND('',#1475,.T.);
#967=FACE_OUTER_BOUND('',#1476,.T.);
#968=FACE_OUTER_BOUND('',#1477,.T.);
#969=FACE_OUTER_BOUND('',#1478,.T.);
#970=FACE_OUTER_BOUND('',#1479,.T.);
#971=FACE_OUTER_BOUND('',#1480,.T.);
#972=FACE_OUTER_BOUND('',#1481,.T.);
#973=FACE_OUTER_BOUND('',#1482,.T.);
#974=FACE_OUTER_BOUND('',#1483,.T.);
#975=FACE_OUTER_BOUND('',#1484,.T.);
#976=FACE_OUTER_BOUND('',#1485,.T.);
#977=FACE_OUTER_BOUND('',#1486,.T.);
#978=FACE_OUTER_BOUND('',#1487,.T.);
#979=FACE_OUTER_BOUND('',#1488,.T.);
#980=FACE_OUTER_BOUND('',#1489,.T.);
#981=FACE_OUTER_BOUND('',#1490,.T.);
#982=FACE_OUTER_BOUND('',#1491,.T.);
#983=FACE_OUTER_BOUND('',#1492,.T.);
#984=FACE_OUTER_BOUND('',#1493,.T.);
#985=FACE_OUTER_BOUND('',#1494,.T.);
#986=FACE_OUTER_BOUND('',#1495,.T.);
#987=FACE_OUTER_BOUND('',#1496,.T.);
#988=FACE_OUTER_BOUND('',#1497,.T.);
#989=FACE_OUTER_BOUND('',#1498,.T.);
#990=FACE_OUTER_BOUND('',#1499,.T.);
#991=FACE_OUTER_BOUND('',#1500,.T.);
#992=FACE_OUTER_BOUND('',#1501,.T.);
#993=FACE_OUTER_BOUND('',#1502,.T.);
#994=FACE_OUTER_BOUND('',#1503,.T.);
#995=FACE_OUTER_BOUND('',#1504,.T.);
#996=FACE_OUTER_BOUND('',#1505,.T.);
#997=FACE_OUTER_BOUND('',#1506,.T.);
#998=FACE_OUTER_BOUND('',#1507,.T.);
#999=FACE_OUTER_BOUND('',#1508,.T.);
#1000=FACE_OUTER_BOUND('',#1509,.T.);
#1001=FACE_OUTER_BOUND('',#1510,.T.);
#1002=FACE_OUTER_BOUND('',#1511,.T.);
#1003=FACE_OUTER_BOUND('',#1512,.T.);
#1004=FACE_OUTER_BOUND('',#1513,.T.);
#1005=FACE_OUTER_BOUND('',#1514,.T.);
#1006=FACE_OUTER_BOUND('',#1515,.T.);
#1007=FACE_OUTER_BOUND('',#1516,.T.);
#1008=FACE_OUTER_BOUND('',#1517,.T.);
#1009=FACE_OUTER_BOUND('',#1518,.T.);
#1010=FACE_OUTER_BOUND('',#1519,.T.);
#1011=FACE_OUTER_BOUND('',#1520,.T.);
#1012=FACE_OUTER_BOUND('',#1521,.T.);
#1013=FACE_OUTER_BOUND('',#1522,.T.);
#1014=FACE_OUTER_BOUND('',#1523,.T.);
#1015=FACE_OUTER_BOUND('',#1524,.T.);
#1016=FACE_OUTER_BOUND('',#1525,.T.);
#1017=FACE_OUTER_BOUND('',#1526,.T.);
#1018=FACE_OUTER_BOUND('',#1527,.T.);
#1019=FACE_OUTER_BOUND('',#1528,.T.);
#1020=FACE_OUTER_BOUND('',#1529,.T.);
#1021=FACE_OUTER_BOUND('',#1530,.T.);
#1022=FACE_OUTER_BOUND('',#1531,.T.);
#1023=FACE_OUTER_BOUND('',#1532,.T.);
#1024=FACE_OUTER_BOUND('',#1533,.T.);
#1025=FACE_OUTER_BOUND('',#1534,.T.);
#1026=FACE_OUTER_BOUND('',#1535,.T.);
#1027=FACE_OUTER_BOUND('',#1536,.T.);
#1028=FACE_OUTER_BOUND('',#1537,.T.);
#1029=FACE_OUTER_BOUND('',#1539,.T.);
#1030=FACE_OUTER_BOUND('',#1541,.T.);
#1031=FACE_OUTER_BOUND('',#1542,.T.);
#1032=FACE_OUTER_BOUND('',#1543,.T.);
#1033=FACE_OUTER_BOUND('',#1544,.T.);
#1034=FACE_OUTER_BOUND('',#1545,.T.);
#1035=FACE_OUTER_BOUND('',#1546,.T.);
#1036=EDGE_LOOP('',(#4120,#4121,#4122,#4123));
#1037=EDGE_LOOP('',(#4124,#4125,#4126));
#1038=EDGE_LOOP('',(#4127,#4128,#4129,#4130));
#1039=EDGE_LOOP('',(#4131,#4132,#4133,#4134,#4135,#4136,#4137,#4138,#4139,
#4140,#4141,#4142,#4143,#4144,#4145,#4146));
#1040=EDGE_LOOP('',(#4147));
#1041=EDGE_LOOP('',(#4148));
#1042=EDGE_LOOP('',(#4149));
#1043=EDGE_LOOP('',(#4150));
#1044=EDGE_LOOP('',(#4151,#4152,#4153,#4154,#4155,#4156));
#1045=EDGE_LOOP('',(#4157,#4158,#4159,#4160,#4161,#4162,#4163,#4164,#4165,
#4166,#4167,#4168,#4169,#4170,#4171));
#1046=EDGE_LOOP('',(#4172,#4173,#4174,#4175));
#1047=EDGE_LOOP('',(#4176,#4177,#4178,#4179));
#1048=EDGE_LOOP('',(#4180,#4181,#4182));
#1049=EDGE_LOOP('',(#4183,#4184,#4185,#4186));
#1050=EDGE_LOOP('',(#4187,#4188,#4189));
#1051=EDGE_LOOP('',(#4190,#4191,#4192,#4193));
#1052=EDGE_LOOP('',(#4194,#4195,#4196,#4197));
#1053=EDGE_LOOP('',(#4198,#4199,#4200,#4201));
#1054=EDGE_LOOP('',(#4202,#4203,#4204,#4205));
#1055=EDGE_LOOP('',(#4206,#4207,#4208,#4209));
#1056=EDGE_LOOP('',(#4210,#4211,#4212));
#1057=EDGE_LOOP('',(#4213,#4214,#4215,#4216));
#1058=EDGE_LOOP('',(#4217,#4218,#4219,#4220));
#1059=EDGE_LOOP('',(#4221,#4222,#4223,#4224));
#1060=EDGE_LOOP('',(#4225,#4226,#4227));
#1061=EDGE_LOOP('',(#4228,#4229,#4230,#4231));
#1062=EDGE_LOOP('',(#4232,#4233,#4234,#4235));
#1063=EDGE_LOOP('',(#4236,#4237,#4238));
#1064=EDGE_LOOP('',(#4239,#4240,#4241,#4242));
#1065=EDGE_LOOP('',(#4243,#4244,#4245,#4246));
#1066=EDGE_LOOP('',(#4247,#4248,#4249));
#1067=EDGE_LOOP('',(#4250,#4251,#4252,#4253));
#1068=EDGE_LOOP('',(#4254,#4255,#4256));
#1069=EDGE_LOOP('',(#4257,#4258,#4259,#4260));
#1070=EDGE_LOOP('',(#4261,#4262,#4263,#4264,#4265,#4266,#4267,#4268));
#1071=EDGE_LOOP('',(#4269));
#1072=EDGE_LOOP('',(#4270));
#1073=EDGE_LOOP('',(#4271,#4272,#4273,#4274,#4275,#4276));
#1074=EDGE_LOOP('',(#4277,#4278,#4279,#4280,#4281,#4282,#4283,#4284,#4285,
#4286,#4287,#4288,#4289,#4290));
#1075=EDGE_LOOP('',(#4291));
#1076=EDGE_LOOP('',(#4292));
#1077=EDGE_LOOP('',(#4293,#4294,#4295,#4296));
#1078=EDGE_LOOP('',(#4297,#4298,#4299,#4300));
#1079=EDGE_LOOP('',(#4301,#4302,#4303,#4304));
#1080=EDGE_LOOP('',(#4305,#4306,#4307,#4308));
#1081=EDGE_LOOP('',(#4309,#4310,#4311,#4312));
#1082=EDGE_LOOP('',(#4313,#4314,#4315,#4316,#4317));
#1083=EDGE_LOOP('',(#4318,#4319,#4320,#4321,#4322));
#1084=EDGE_LOOP('',(#4323,#4324,#4325,#4326,#4327));
#1085=EDGE_LOOP('',(#4328,#4329,#4330,#4331,#4332));
#1086=EDGE_LOOP('',(#4333,#4334,#4335,#4336,#4337));
#1087=EDGE_LOOP('',(#4338,#4339,#4340,#4341,#4342));
#1088=EDGE_LOOP('',(#4343,#4344,#4345,#4346,#4347));
#1089=EDGE_LOOP('',(#4348,#4349,#4350,#4351,#4352));
#1090=EDGE_LOOP('',(#4353,#4354,#4355,#4356));
#1091=EDGE_LOOP('',(#4357,#4358,#4359,#4360));
#1092=EDGE_LOOP('',(#4361,#4362,#4363,#4364));
#1093=EDGE_LOOP('',(#4365,#4366,#4367,#4368));
#1094=EDGE_LOOP('',(#4369,#4370,#4371,#4372));
#1095=EDGE_LOOP('',(#4373,#4374,#4375,#4376));
#1096=EDGE_LOOP('',(#4377,#4378,#4379,#4380));
#1097=EDGE_LOOP('',(#4381,#4382,#4383,#4384));
#1098=EDGE_LOOP('',(#4385,#4386,#4387,#4388));
#1099=EDGE_LOOP('',(#4389,#4390,#4391));
#1100=EDGE_LOOP('',(#4392,#4393,#4394,#4395));
#1101=EDGE_LOOP('',(#4396,#4397,#4398,#4399));
#1102=EDGE_LOOP('',(#4400,#4401,#4402,#4403));
#1103=EDGE_LOOP('',(#4404,#4405,#4406,#4407));
#1104=EDGE_LOOP('',(#4408,#4409,#4410,#4411));
#1105=EDGE_LOOP('',(#4412,#4413,#4414,#4415));
#1106=EDGE_LOOP('',(#4416,#4417,#4418,#4419));
#1107=EDGE_LOOP('',(#4420,#4421,#4422,#4423));
#1108=EDGE_LOOP('',(#4424,#4425,#4426,#4427));
#1109=EDGE_LOOP('',(#4428,#4429,#4430,#4431));
#1110=EDGE_LOOP('',(#4432,#4433,#4434,#4435));
#1111=EDGE_LOOP('',(#4436,#4437,#4438,#4439));
#1112=EDGE_LOOP('',(#4440,#4441,#4442,#4443));
#1113=EDGE_LOOP('',(#4444,#4445,#4446,#4447));
#1114=EDGE_LOOP('',(#4448,#4449,#4450,#4451));
#1115=EDGE_LOOP('',(#4452,#4453,#4454,#4455));
#1116=EDGE_LOOP('',(#4456,#4457,#4458,#4459));
#1117=EDGE_LOOP('',(#4460,#4461,#4462,#4463));
#1118=EDGE_LOOP('',(#4464,#4465,#4466,#4467));
#1119=EDGE_LOOP('',(#4468,#4469,#4470,#4471));
#1120=EDGE_LOOP('',(#4472,#4473,#4474,#4475));
#1121=EDGE_LOOP('',(#4476,#4477,#4478,#4479));
#1122=EDGE_LOOP('',(#4480,#4481,#4482,#4483));
#1123=EDGE_LOOP('',(#4484,#4485,#4486,#4487));
#1124=EDGE_LOOP('',(#4488,#4489,#4490,#4491));
#1125=EDGE_LOOP('',(#4492,#4493,#4494,#4495));
#1126=EDGE_LOOP('',(#4496,#4497,#4498,#4499));
#1127=EDGE_LOOP('',(#4500,#4501,#4502,#4503));
#1128=EDGE_LOOP('',(#4504,#4505,#4506,#4507));
#1129=EDGE_LOOP('',(#4508,#4509,#4510,#4511));
#1130=EDGE_LOOP('',(#4512,#4513,#4514,#4515));
#1131=EDGE_LOOP('',(#4516,#4517,#4518,#4519));
#1132=EDGE_LOOP('',(#4520,#4521,#4522,#4523));
#1133=EDGE_LOOP('',(#4524,#4525,#4526,#4527,#4528,#4529,#4530,#4531));
#1134=EDGE_LOOP('',(#4532,#4533,#4534,#4535,#4536,#4537,#4538,#4539,#4540,
#4541,#4542,#4543,#4544,#4545,#4546,#4547));
#1135=EDGE_LOOP('',(#4548));
#1136=EDGE_LOOP('',(#4549));
#1137=EDGE_LOOP('',(#4550));
#1138=EDGE_LOOP('',(#4551,#4552,#4553));
#1139=EDGE_LOOP('',(#4554,#4555,#4556,#4557));
#1140=EDGE_LOOP('',(#4558,#4559,#4560,#4561));
#1141=EDGE_LOOP('',(#4562,#4563,#4564,#4565));
#1142=EDGE_LOOP('',(#4566,#4567,#4568));
#1143=EDGE_LOOP('',(#4569,#4570,#4571,#4572));
#1144=EDGE_LOOP('',(#4573,#4574,#4575,#4576));
#1145=EDGE_LOOP('',(#4577,#4578,#4579));
#1146=EDGE_LOOP('',(#4580,#4581,#4582,#4583));
#1147=EDGE_LOOP('',(#4584,#4585,#4586,#4587));
#1148=EDGE_LOOP('',(#4588,#4589,#4590,#4591));
#1149=EDGE_LOOP('',(#4592,#4593,#4594));
#1150=EDGE_LOOP('',(#4595,#4596,#4597,#4598));
#1151=EDGE_LOOP('',(#4599,#4600,#4601));
#1152=EDGE_LOOP('',(#4602,#4603,#4604,#4605));
#1153=EDGE_LOOP('',(#4606,#4607,#4608,#4609));
#1154=EDGE_LOOP('',(#4610,#4611,#4612,#4613));
#1155=EDGE_LOOP('',(#4614,#4615,#4616,#4617));
#1156=EDGE_LOOP('',(#4618,#4619,#4620,#4621));
#1157=EDGE_LOOP('',(#4622));
#1158=EDGE_LOOP('',(#4623));
#1159=EDGE_LOOP('',(#4624));
#1160=EDGE_LOOP('',(#4625));
#1161=EDGE_LOOP('',(#4626,#4627));
#1162=EDGE_LOOP('',(#4628,#4629,#4630,#4631));
#1163=EDGE_LOOP('',(#4632,#4633,#4634,#4635,#4636,#4637,#4638,#4639));
#1164=EDGE_LOOP('',(#4640,#4641,#4642,#4643));
#1165=EDGE_LOOP('',(#4644,#4645,#4646,#4647));
#1166=EDGE_LOOP('',(#4648,#4649,#4650,#4651));
#1167=EDGE_LOOP('',(#4652,#4653,#4654,#4655));
#1168=EDGE_LOOP('',(#4656,#4657,#4658,#4659,#4660,#4661,#4662,#4663));
#1169=EDGE_LOOP('',(#4664,#4665,#4666,#4667));
#1170=EDGE_LOOP('',(#4668,#4669,#4670,#4671));
#1171=EDGE_LOOP('',(#4672,#4673,#4674,#4675));
#1172=EDGE_LOOP('',(#4676,#4677,#4678,#4679));
#1173=EDGE_LOOP('',(#4680,#4681,#4682,#4683));
#1174=EDGE_LOOP('',(#4684,#4685,#4686,#4687));
#1175=EDGE_LOOP('',(#4688,#4689,#4690,#4691,#4692,#4693,#4694,#4695,#4696,
#4697,#4698,#4699,#4700,#4701,#4702,#4703,#4704,#4705,#4706,#4707,#4708,
#4709,#4710,#4711,#4712,#4713));
#1176=EDGE_LOOP('',(#4714,#4715,#4716,#4717));
#1177=EDGE_LOOP('',(#4718,#4719,#4720,#4721));
#1178=EDGE_LOOP('',(#4722,#4723,#4724,#4725));
#1179=EDGE_LOOP('',(#4726,#4727,#4728,#4729));
#1180=EDGE_LOOP('',(#4730,#4731,#4732,#4733,#4734,#4735,#4736,#4737,#4738,
#4739,#4740,#4741,#4742,#4743,#4744,#4745,#4746,#4747,#4748,#4749,#4750,
#4751,#4752,#4753,#4754,#4755));
#1181=EDGE_LOOP('',(#4756,#4757,#4758,#4759));
#1182=EDGE_LOOP('',(#4760,#4761,#4762,#4763));
#1183=EDGE_LOOP('',(#4764,#4765,#4766,#4767));
#1184=EDGE_LOOP('',(#4768,#4769,#4770,#4771));
#1185=EDGE_LOOP('',(#4772,#4773,#4774,#4775));
#1186=EDGE_LOOP('',(#4776,#4777,#4778,#4779));
#1187=EDGE_LOOP('',(#4780,#4781,#4782,#4783));
#1188=EDGE_LOOP('',(#4784,#4785,#4786,#4787));
#1189=EDGE_LOOP('',(#4788,#4789,#4790,#4791));
#1190=EDGE_LOOP('',(#4792,#4793,#4794,#4795));
#1191=EDGE_LOOP('',(#4796,#4797,#4798,#4799));
#1192=EDGE_LOOP('',(#4800,#4801,#4802,#4803));
#1193=EDGE_LOOP('',(#4804,#4805,#4806,#4807));
#1194=EDGE_LOOP('',(#4808,#4809,#4810,#4811));
#1195=EDGE_LOOP('',(#4812,#4813,#4814,#4815));
#1196=EDGE_LOOP('',(#4816,#4817,#4818,#4819));
#1197=EDGE_LOOP('',(#4820,#4821,#4822,#4823));
#1198=EDGE_LOOP('',(#4824,#4825,#4826,#4827));
#1199=EDGE_LOOP('',(#4828,#4829,#4830,#4831));
#1200=EDGE_LOOP('',(#4832,#4833,#4834,#4835));
#1201=EDGE_LOOP('',(#4836,#4837,#4838,#4839));
#1202=EDGE_LOOP('',(#4840,#4841,#4842,#4843));
#1203=EDGE_LOOP('',(#4844,#4845,#4846,#4847));
#1204=EDGE_LOOP('',(#4848,#4849,#4850,#4851));
#1205=EDGE_LOOP('',(#4852,#4853,#4854,#4855));
#1206=EDGE_LOOP('',(#4856,#4857,#4858,#4859));
#1207=EDGE_LOOP('',(#4860,#4861,#4862,#4863));
#1208=EDGE_LOOP('',(#4864,#4865,#4866,#4867));
#1209=EDGE_LOOP('',(#4868,#4869,#4870,#4871));
#1210=EDGE_LOOP('',(#4872,#4873,#4874,#4875));
#1211=EDGE_LOOP('',(#4876,#4877,#4878,#4879));
#1212=EDGE_LOOP('',(#4880,#4881,#4882,#4883));
#1213=EDGE_LOOP('',(#4884,#4885,#4886,#4887));
#1214=EDGE_LOOP('',(#4888,#4889,#4890,#4891));
#1215=EDGE_LOOP('',(#4892,#4893,#4894,#4895));
#1216=EDGE_LOOP('',(#4896,#4897,#4898,#4899));
#1217=EDGE_LOOP('',(#4900,#4901,#4902,#4903));
#1218=EDGE_LOOP('',(#4904,#4905,#4906,#4907));
#1219=EDGE_LOOP('',(#4908,#4909,#4910,#4911));
#1220=EDGE_LOOP('',(#4912,#4913,#4914,#4915));
#1221=EDGE_LOOP('',(#4916,#4917,#4918,#4919));
#1222=EDGE_LOOP('',(#4920,#4921,#4922,#4923));
#1223=EDGE_LOOP('',(#4924,#4925,#4926,#4927));
#1224=EDGE_LOOP('',(#4928,#4929,#4930,#4931));
#1225=EDGE_LOOP('',(#4932,#4933,#4934,#4935));
#1226=EDGE_LOOP('',(#4936,#4937,#4938,#4939));
#1227=EDGE_LOOP('',(#4940,#4941,#4942,#4943));
#1228=EDGE_LOOP('',(#4944,#4945,#4946,#4947));
#1229=EDGE_LOOP('',(#4948,#4949,#4950,#4951));
#1230=EDGE_LOOP('',(#4952,#4953,#4954,#4955));
#1231=EDGE_LOOP('',(#4956,#4957,#4958,#4959));
#1232=EDGE_LOOP('',(#4960,#4961,#4962,#4963));
#1233=EDGE_LOOP('',(#4964,#4965,#4966,#4967));
#1234=EDGE_LOOP('',(#4968,#4969,#4970,#4971));
#1235=EDGE_LOOP('',(#4972,#4973,#4974,#4975));
#1236=EDGE_LOOP('',(#4976,#4977,#4978,#4979));
#1237=EDGE_LOOP('',(#4980,#4981,#4982,#4983));
#1238=EDGE_LOOP('',(#4984,#4985,#4986,#4987));
#1239=EDGE_LOOP('',(#4988,#4989,#4990,#4991));
#1240=EDGE_LOOP('',(#4992,#4993,#4994,#4995));
#1241=EDGE_LOOP('',(#4996,#4997,#4998,#4999));
#1242=EDGE_LOOP('',(#5000,#5001,#5002,#5003));
#1243=EDGE_LOOP('',(#5004,#5005,#5006,#5007));
#1244=EDGE_LOOP('',(#5008,#5009,#5010,#5011));
#1245=EDGE_LOOP('',(#5012,#5013,#5014,#5015));
#1246=EDGE_LOOP('',(#5016,#5017,#5018,#5019));
#1247=EDGE_LOOP('',(#5020,#5021,#5022,#5023));
#1248=EDGE_LOOP('',(#5024,#5025,#5026,#5027));
#1249=EDGE_LOOP('',(#5028,#5029,#5030,#5031));
#1250=EDGE_LOOP('',(#5032,#5033,#5034,#5035));
#1251=EDGE_LOOP('',(#5036,#5037,#5038,#5039));
#1252=EDGE_LOOP('',(#5040,#5041,#5042,#5043));
#1253=EDGE_LOOP('',(#5044,#5045,#5046,#5047));
#1254=EDGE_LOOP('',(#5048,#5049,#5050,#5051));
#1255=EDGE_LOOP('',(#5052,#5053,#5054,#5055));
#1256=EDGE_LOOP('',(#5056,#5057,#5058,#5059));
#1257=EDGE_LOOP('',(#5060,#5061,#5062,#5063));
#1258=EDGE_LOOP('',(#5064,#5065,#5066,#5067));
#1259=EDGE_LOOP('',(#5068,#5069,#5070,#5071));
#1260=EDGE_LOOP('',(#5072,#5073,#5074,#5075));
#1261=EDGE_LOOP('',(#5076,#5077,#5078,#5079));
#1262=EDGE_LOOP('',(#5080,#5081,#5082,#5083));
#1263=EDGE_LOOP('',(#5084,#5085,#5086,#5087));
#1264=EDGE_LOOP('',(#5088,#5089,#5090,#5091));
#1265=EDGE_LOOP('',(#5092,#5093,#5094,#5095));
#1266=EDGE_LOOP('',(#5096,#5097,#5098,#5099));
#1267=EDGE_LOOP('',(#5100,#5101,#5102,#5103));
#1268=EDGE_LOOP('',(#5104,#5105,#5106,#5107));
#1269=EDGE_LOOP('',(#5108,#5109,#5110,#5111));
#1270=EDGE_LOOP('',(#5112,#5113,#5114,#5115));
#1271=EDGE_LOOP('',(#5116,#5117,#5118,#5119));
#1272=EDGE_LOOP('',(#5120,#5121,#5122,#5123));
#1273=EDGE_LOOP('',(#5124,#5125,#5126,#5127));
#1274=EDGE_LOOP('',(#5128,#5129,#5130,#5131));
#1275=EDGE_LOOP('',(#5132,#5133,#5134,#5135));
#1276=EDGE_LOOP('',(#5136,#5137,#5138,#5139));
#1277=EDGE_LOOP('',(#5140,#5141,#5142,#5143));
#1278=EDGE_LOOP('',(#5144,#5145,#5146,#5147));
#1279=EDGE_LOOP('',(#5148,#5149,#5150,#5151));
#1280=EDGE_LOOP('',(#5152,#5153,#5154,#5155));
#1281=EDGE_LOOP('',(#5156,#5157,#5158,#5159));
#1282=EDGE_LOOP('',(#5160,#5161,#5162,#5163));
#1283=EDGE_LOOP('',(#5164,#5165,#5166,#5167));
#1284=EDGE_LOOP('',(#5168));
#1285=EDGE_LOOP('',(#5169));
#1286=EDGE_LOOP('',(#5170));
#1287=EDGE_LOOP('',(#5171));
#1288=EDGE_LOOP('',(#5172));
#1289=EDGE_LOOP('',(#5173));
#1290=EDGE_LOOP('',(#5174));
#1291=EDGE_LOOP('',(#5175));
#1292=EDGE_LOOP('',(#5176));
#1293=EDGE_LOOP('',(#5177));
#1294=EDGE_LOOP('',(#5178));
#1295=EDGE_LOOP('',(#5179));
#1296=EDGE_LOOP('',(#5180));
#1297=EDGE_LOOP('',(#5181));
#1298=EDGE_LOOP('',(#5182));
#1299=EDGE_LOOP('',(#5183));
#1300=EDGE_LOOP('',(#5184));
#1301=EDGE_LOOP('',(#5185));
#1302=EDGE_LOOP('',(#5186));
#1303=EDGE_LOOP('',(#5187));
#1304=EDGE_LOOP('',(#5188));
#1305=EDGE_LOOP('',(#5189));
#1306=EDGE_LOOP('',(#5190));
#1307=EDGE_LOOP('',(#5191));
#1308=EDGE_LOOP('',(#5192));
#1309=EDGE_LOOP('',(#5193));
#1310=EDGE_LOOP('',(#5194));
#1311=EDGE_LOOP('',(#5195));
#1312=EDGE_LOOP('',(#5196));
#1313=EDGE_LOOP('',(#5197));
#1314=EDGE_LOOP('',(#5198));
#1315=EDGE_LOOP('',(#5199));
#1316=EDGE_LOOP('',(#5200));
#1317=EDGE_LOOP('',(#5201));
#1318=EDGE_LOOP('',(#5202));
#1319=EDGE_LOOP('',(#5203));
#1320=EDGE_LOOP('',(#5204));
#1321=EDGE_LOOP('',(#5205));
#1322=EDGE_LOOP('',(#5206));
#1323=EDGE_LOOP('',(#5207));
#1324=EDGE_LOOP('',(#5208));
#1325=EDGE_LOOP('',(#5209));
#1326=EDGE_LOOP('',(#5210));
#1327=EDGE_LOOP('',(#5211));
#1328=EDGE_LOOP('',(#5212));
#1329=EDGE_LOOP('',(#5213));
#1330=EDGE_LOOP('',(#5214));
#1331=EDGE_LOOP('',(#5215));
#1332=EDGE_LOOP('',(#5216));
#1333=EDGE_LOOP('',(#5217));
#1334=EDGE_LOOP('',(#5218));
#1335=EDGE_LOOP('',(#5219));
#1336=EDGE_LOOP('',(#5220));
#1337=EDGE_LOOP('',(#5221));
#1338=EDGE_LOOP('',(#5222));
#1339=EDGE_LOOP('',(#5223));
#1340=EDGE_LOOP('',(#5224));
#1341=EDGE_LOOP('',(#5225));
#1342=EDGE_LOOP('',(#5226));
#1343=EDGE_LOOP('',(#5227));
#1344=EDGE_LOOP('',(#5228));
#1345=EDGE_LOOP('',(#5229));
#1346=EDGE_LOOP('',(#5230));
#1347=EDGE_LOOP('',(#5231));
#1348=EDGE_LOOP('',(#5232));
#1349=EDGE_LOOP('',(#5233));
#1350=EDGE_LOOP('',(#5234));
#1351=EDGE_LOOP('',(#5235));
#1352=EDGE_LOOP('',(#5236));
#1353=EDGE_LOOP('',(#5237));
#1354=EDGE_LOOP('',(#5238));
#1355=EDGE_LOOP('',(#5239));
#1356=EDGE_LOOP('',(#5240));
#1357=EDGE_LOOP('',(#5241));
#1358=EDGE_LOOP('',(#5242));
#1359=EDGE_LOOP('',(#5243));
#1360=EDGE_LOOP('',(#5244));
#1361=EDGE_LOOP('',(#5245));
#1362=EDGE_LOOP('',(#5246));
#1363=EDGE_LOOP('',(#5247));
#1364=EDGE_LOOP('',(#5248));
#1365=EDGE_LOOP('',(#5249,#5250,#5251,#5252));
#1366=EDGE_LOOP('',(#5253));
#1367=EDGE_LOOP('',(#5254));
#1368=EDGE_LOOP('',(#5255));
#1369=EDGE_LOOP('',(#5256));
#1370=EDGE_LOOP('',(#5257));
#1371=EDGE_LOOP('',(#5258));
#1372=EDGE_LOOP('',(#5259));
#1373=EDGE_LOOP('',(#5260));
#1374=EDGE_LOOP('',(#5261));
#1375=EDGE_LOOP('',(#5262));
#1376=EDGE_LOOP('',(#5263));
#1377=EDGE_LOOP('',(#5264));
#1378=EDGE_LOOP('',(#5265));
#1379=EDGE_LOOP('',(#5266));
#1380=EDGE_LOOP('',(#5267));
#1381=EDGE_LOOP('',(#5268));
#1382=EDGE_LOOP('',(#5269));
#1383=EDGE_LOOP('',(#5270));
#1384=EDGE_LOOP('',(#5271));
#1385=EDGE_LOOP('',(#5272));
#1386=EDGE_LOOP('',(#5273));
#1387=EDGE_LOOP('',(#5274));
#1388=EDGE_LOOP('',(#5275));
#1389=EDGE_LOOP('',(#5276));
#1390=EDGE_LOOP('',(#5277));
#1391=EDGE_LOOP('',(#5278));
#1392=EDGE_LOOP('',(#5279));
#1393=EDGE_LOOP('',(#5280));
#1394=EDGE_LOOP('',(#5281));
#1395=EDGE_LOOP('',(#5282));
#1396=EDGE_LOOP('',(#5283));
#1397=EDGE_LOOP('',(#5284));
#1398=EDGE_LOOP('',(#5285));
#1399=EDGE_LOOP('',(#5286));
#1400=EDGE_LOOP('',(#5287));
#1401=EDGE_LOOP('',(#5288));
#1402=EDGE_LOOP('',(#5289));
#1403=EDGE_LOOP('',(#5290));
#1404=EDGE_LOOP('',(#5291));
#1405=EDGE_LOOP('',(#5292));
#1406=EDGE_LOOP('',(#5293));
#1407=EDGE_LOOP('',(#5294));
#1408=EDGE_LOOP('',(#5295));
#1409=EDGE_LOOP('',(#5296));
#1410=EDGE_LOOP('',(#5297));
#1411=EDGE_LOOP('',(#5298));
#1412=EDGE_LOOP('',(#5299));
#1413=EDGE_LOOP('',(#5300));
#1414=EDGE_LOOP('',(#5301));
#1415=EDGE_LOOP('',(#5302));
#1416=EDGE_LOOP('',(#5303));
#1417=EDGE_LOOP('',(#5304));
#1418=EDGE_LOOP('',(#5305));
#1419=EDGE_LOOP('',(#5306));
#1420=EDGE_LOOP('',(#5307));
#1421=EDGE_LOOP('',(#5308));
#1422=EDGE_LOOP('',(#5309));
#1423=EDGE_LOOP('',(#5310));
#1424=EDGE_LOOP('',(#5311));
#1425=EDGE_LOOP('',(#5312));
#1426=EDGE_LOOP('',(#5313));
#1427=EDGE_LOOP('',(#5314));
#1428=EDGE_LOOP('',(#5315));
#1429=EDGE_LOOP('',(#5316));
#1430=EDGE_LOOP('',(#5317));
#1431=EDGE_LOOP('',(#5318));
#1432=EDGE_LOOP('',(#5319));
#1433=EDGE_LOOP('',(#5320));
#1434=EDGE_LOOP('',(#5321));
#1435=EDGE_LOOP('',(#5322));
#1436=EDGE_LOOP('',(#5323));
#1437=EDGE_LOOP('',(#5324));
#1438=EDGE_LOOP('',(#5325));
#1439=EDGE_LOOP('',(#5326));
#1440=EDGE_LOOP('',(#5327));
#1441=EDGE_LOOP('',(#5328));
#1442=EDGE_LOOP('',(#5329));
#1443=EDGE_LOOP('',(#5330));
#1444=EDGE_LOOP('',(#5331));
#1445=EDGE_LOOP('',(#5332));
#1446=EDGE_LOOP('',(#5333));
#1447=EDGE_LOOP('',(#5334,#5335,#5336,#5337));
#1448=EDGE_LOOP('',(#5338,#5339,#5340,#5341));
#1449=EDGE_LOOP('',(#5342,#5343,#5344,#5345));
#1450=EDGE_LOOP('',(#5346,#5347,#5348,#5349));
#1451=EDGE_LOOP('',(#5350,#5351,#5352,#5353));
#1452=EDGE_LOOP('',(#5354,#5355,#5356,#5357));
#1453=EDGE_LOOP('',(#5358,#5359,#5360,#5361));
#1454=EDGE_LOOP('',(#5362,#5363,#5364,#5365));
#1455=EDGE_LOOP('',(#5366,#5367,#5368,#5369));
#1456=EDGE_LOOP('',(#5370,#5371,#5372,#5373));
#1457=EDGE_LOOP('',(#5374,#5375,#5376,#5377));
#1458=EDGE_LOOP('',(#5378,#5379,#5380,#5381));
#1459=EDGE_LOOP('',(#5382,#5383,#5384,#5385));
#1460=EDGE_LOOP('',(#5386,#5387,#5388,#5389));
#1461=EDGE_LOOP('',(#5390,#5391,#5392,#5393));
#1462=EDGE_LOOP('',(#5394,#5395,#5396,#5397));
#1463=EDGE_LOOP('',(#5398,#5399,#5400,#5401));
#1464=EDGE_LOOP('',(#5402,#5403,#5404,#5405));
#1465=EDGE_LOOP('',(#5406,#5407,#5408,#5409));
#1466=EDGE_LOOP('',(#5410,#5411,#5412,#5413));
#1467=EDGE_LOOP('',(#5414,#5415,#5416,#5417));
#1468=EDGE_LOOP('',(#5418,#5419,#5420,#5421));
#1469=EDGE_LOOP('',(#5422,#5423,#5424,#5425));
#1470=EDGE_LOOP('',(#5426,#5427,#5428,#5429));
#1471=EDGE_LOOP('',(#5430,#5431,#5432,#5433));
#1472=EDGE_LOOP('',(#5434,#5435,#5436,#5437));
#1473=EDGE_LOOP('',(#5438,#5439,#5440,#5441));
#1474=EDGE_LOOP('',(#5442,#5443,#5444,#5445));
#1475=EDGE_LOOP('',(#5446,#5447,#5448,#5449));
#1476=EDGE_LOOP('',(#5450,#5451,#5452,#5453));
#1477=EDGE_LOOP('',(#5454,#5455,#5456,#5457));
#1478=EDGE_LOOP('',(#5458,#5459,#5460,#5461));
#1479=EDGE_LOOP('',(#5462,#5463,#5464,#5465));
#1480=EDGE_LOOP('',(#5466,#5467,#5468,#5469));
#1481=EDGE_LOOP('',(#5470,#5471,#5472,#5473));
#1482=EDGE_LOOP('',(#5474,#5475,#5476,#5477));
#1483=EDGE_LOOP('',(#5478,#5479,#5480,#5481));
#1484=EDGE_LOOP('',(#5482,#5483,#5484,#5485));
#1485=EDGE_LOOP('',(#5486,#5487,#5488,#5489));
#1486=EDGE_LOOP('',(#5490,#5491,#5492,#5493));
#1487=EDGE_LOOP('',(#5494,#5495,#5496,#5497));
#1488=EDGE_LOOP('',(#5498,#5499,#5500,#5501));
#1489=EDGE_LOOP('',(#5502,#5503,#5504,#5505));
#1490=EDGE_LOOP('',(#5506,#5507,#5508,#5509));
#1491=EDGE_LOOP('',(#5510,#5511,#5512,#5513));
#1492=EDGE_LOOP('',(#5514,#5515,#5516,#5517));
#1493=EDGE_LOOP('',(#5518,#5519,#5520,#5521));
#1494=EDGE_LOOP('',(#5522,#5523,#5524,#5525));
#1495=EDGE_LOOP('',(#5526,#5527,#5528,#5529));
#1496=EDGE_LOOP('',(#5530,#5531,#5532,#5533));
#1497=EDGE_LOOP('',(#5534,#5535,#5536,#5537));
#1498=EDGE_LOOP('',(#5538,#5539,#5540,#5541));
#1499=EDGE_LOOP('',(#5542,#5543,#5544,#5545));
#1500=EDGE_LOOP('',(#5546,#5547,#5548,#5549));
#1501=EDGE_LOOP('',(#5550,#5551,#5552,#5553));
#1502=EDGE_LOOP('',(#5554,#5555,#5556,#5557));
#1503=EDGE_LOOP('',(#5558,#5559,#5560,#5561));
#1504=EDGE_LOOP('',(#5562,#5563,#5564,#5565));
#1505=EDGE_LOOP('',(#5566,#5567,#5568,#5569));
#1506=EDGE_LOOP('',(#5570,#5571,#5572,#5573));
#1507=EDGE_LOOP('',(#5574,#5575,#5576,#5577));
#1508=EDGE_LOOP('',(#5578,#5579,#5580,#5581));
#1509=EDGE_LOOP('',(#5582,#5583,#5584,#5585));
#1510=EDGE_LOOP('',(#5586,#5587,#5588,#5589));
#1511=EDGE_LOOP('',(#5590,#5591,#5592,#5593));
#1512=EDGE_LOOP('',(#5594,#5595,#5596,#5597));
#1513=EDGE_LOOP('',(#5598,#5599,#5600,#5601));
#1514=EDGE_LOOP('',(#5602,#5603,#5604,#5605));
#1515=EDGE_LOOP('',(#5606,#5607,#5608,#5609));
#1516=EDGE_LOOP('',(#5610,#5611,#5612,#5613));
#1517=EDGE_LOOP('',(#5614,#5615,#5616,#5617));
#1518=EDGE_LOOP('',(#5618,#5619,#5620,#5621));
#1519=EDGE_LOOP('',(#5622,#5623,#5624,#5625));
#1520=EDGE_LOOP('',(#5626,#5627,#5628,#5629));
#1521=EDGE_LOOP('',(#5630,#5631,#5632,#5633));
#1522=EDGE_LOOP('',(#5634,#5635,#5636,#5637));
#1523=EDGE_LOOP('',(#5638,#5639,#5640,#5641));
#1524=EDGE_LOOP('',(#5642,#5643,#5644,#5645));
#1525=EDGE_LOOP('',(#5646,#5647,#5648,#5649));
#1526=EDGE_LOOP('',(#5650,#5651,#5652,#5653));
#1527=EDGE_LOOP('',(#5654,#5655,#5656,#5657));
#1528=EDGE_LOOP('',(#5658,#5659,#5660,#5661));
#1529=EDGE_LOOP('',(#5662,#5663,#5664,#5665,#5666));
#1530=EDGE_LOOP('',(#5667,#5668,#5669,#5670,#5671,#5672));
#1531=EDGE_LOOP('',(#5673,#5674,#5675,#5676,#5677,#5678));
#1532=EDGE_LOOP('',(#5679,#5680,#5681,#5682,#5683,#5684));
#1533=EDGE_LOOP('',(#5685,#5686,#5687,#5688,#5689));
#1534=EDGE_LOOP('',(#5690));
#1535=EDGE_LOOP('',(#5691));
#1536=EDGE_LOOP('',(#5692,#5693,#5694,#5695));
#1537=EDGE_LOOP('',(#5696));
#1538=EDGE_LOOP('',(#5697));
#1539=EDGE_LOOP('',(#5698));
#1540=EDGE_LOOP('',(#5699));
#1541=EDGE_LOOP('',(#5700,#5701,#5702,#5703));
#1542=EDGE_LOOP('',(#5704,#5705,#5706,#5707));
#1543=EDGE_LOOP('',(#5708,#5709,#5710,#5711));
#1544=EDGE_LOOP('',(#5712,#5713,#5714,#5715));
#1545=EDGE_LOOP('',(#5716));
#1546=EDGE_LOOP('',(#5717));
#1547=LINE('',#8907,#2028);
#1548=LINE('',#8910,#2029);
#1549=LINE('',#8917,#2030);
#1550=LINE('',#8919,#2031);
#1551=LINE('',#8920,#2032);
#1552=LINE('',#8923,#2033);
#1553=LINE('',#8927,#2034);
#1554=LINE('',#8931,#2035);
#1555=LINE('',#8935,#2036);
#1556=LINE('',#8939,#2037);
#1557=LINE('',#8943,#2038);
#1558=LINE('',#8947,#2039);
#1559=LINE('',#8959,#2040);
#1560=LINE('',#8963,#2041);
#1561=LINE('',#8967,#2042);
#1562=LINE('',#8971,#2043);
#1563=LINE('',#8975,#2044);
#1564=LINE('',#8979,#2045);
#1565=LINE('',#8983,#2046);
#1566=LINE('',#8987,#2047);
#1567=LINE('',#8991,#2048);
#1568=LINE('',#8995,#2049);
#1569=LINE('',#8998,#2050);
#1570=LINE('',#9001,#2051);
#1571=LINE('',#9002,#2052);
#1572=LINE('',#9006,#2053);
#1573=LINE('',#9013,#2054);
#1574=LINE('',#9014,#2055);
#1575=LINE('',#9052,#2056);
#1576=LINE('',#9053,#2057);
#1577=LINE('',#9056,#2058);
#1578=LINE('',#9057,#2059);
#1579=LINE('',#9060,#2060);
#1580=LINE('',#9064,#2061);
#1581=LINE('',#9067,#2062);
#1582=LINE('',#9071,#2063);
#1583=LINE('',#9072,#2064);
#1584=LINE('',#9106,#2065);
#1585=LINE('',#9109,#2066);
#1586=LINE('',#9111,#2067);
#1587=LINE('',#9115,#2068);
#1588=LINE('',#9121,#2069);
#1589=LINE('',#9124,#2070);
#1590=LINE('',#9132,#2071);
#1591=LINE('',#9133,#2072);
#1592=LINE('',#9140,#2073);
#1593=LINE('',#9145,#2074);
#1594=LINE('',#9147,#2075);
#1595=LINE('',#9148,#2076);
#1596=LINE('',#9149,#2077);
#1597=LINE('',#9156,#2078);
#1598=LINE('',#9160,#2079);
#1599=LINE('',#9164,#2080);
#1600=LINE('',#9168,#2081);
#1601=LINE('',#9172,#2082);
#1602=LINE('',#9176,#2083);
#1603=LINE('',#9178,#2084);
#1604=LINE('',#9182,#2085);
#1605=LINE('',#9186,#2086);
#1606=LINE('',#9190,#2087);
#1607=LINE('',#9193,#2088);
#1608=LINE('',#9199,#2089);
#1609=LINE('',#9211,#2090);
#1610=LINE('',#9219,#2091);
#1611=LINE('',#9227,#2092);
#1612=LINE('',#9235,#2093);
#1613=LINE('',#9240,#2094);
#1614=LINE('',#9249,#2095);
#1615=LINE('',#9257,#2096);
#1616=LINE('',#9261,#2097);
#1617=LINE('',#9262,#2098);
#1618=LINE('',#9264,#2099);
#1619=LINE('',#9266,#2100);
#1620=LINE('',#9300,#2101);
#1621=LINE('',#9308,#2102);
#1622=LINE('',#9315,#2103);
#1623=LINE('',#9320,#2104);
#1624=LINE('',#9328,#2105);
#1625=LINE('',#9336,#2106);
#1626=LINE('',#9344,#2107);
#1627=LINE('',#9350,#2108);
#1628=LINE('',#9352,#2109);
#1629=LINE('',#9353,#2110);
#1630=LINE('',#9355,#2111);
#1631=LINE('',#9357,#2112);
#1632=LINE('',#9359,#2113);
#1633=LINE('',#9361,#2114);
#1634=LINE('',#9363,#2115);
#1635=LINE('',#9365,#2116);
#1636=LINE('',#9367,#2117);
#1637=LINE('',#9369,#2118);
#1638=LINE('',#9372,#2119);
#1639=LINE('',#9373,#2120);
#1640=LINE('',#9375,#2121);
#1641=LINE('',#9377,#2122);
#1642=LINE('',#9378,#2123);
#1643=LINE('',#9380,#2124);
#1644=LINE('',#9383,#2125);
#1645=LINE('',#9429,#2126);
#1646=LINE('',#9432,#2127);
#1647=LINE('',#9435,#2128);
#1648=LINE('',#9437,#2129);
#1649=LINE('',#9439,#2130);
#1650=LINE('',#9441,#2131);
#1651=LINE('',#9443,#2132);
#1652=LINE('',#9445,#2133);
#1653=LINE('',#9446,#2134);
#1654=LINE('',#9449,#2135);
#1655=LINE('',#9451,#2136);
#1656=LINE('',#9453,#2137);
#1657=LINE('',#9455,#2138);
#1658=LINE('',#9457,#2139);
#1659=LINE('',#9462,#2140);
#1660=LINE('',#9466,#2141);
#1661=LINE('',#9470,#2142);
#1662=LINE('',#9486,#2143);
#1663=LINE('',#9490,#2144);
#1664=LINE('',#9491,#2145);
#1665=LINE('',#9494,#2146);
#1666=LINE('',#9497,#2147);
#1667=LINE('',#9504,#2148);
#1668=LINE('',#9507,#2149);
#1669=LINE('',#9509,#2150);
#1670=LINE('',#9518,#2151);
#1671=LINE('',#9519,#2152);
#1672=LINE('',#9522,#2153);
#1673=LINE('',#9523,#2154);
#1674=LINE('',#9526,#2155);
#1675=LINE('',#9537,#2156);
#1676=LINE('',#9539,#2157);
#1677=LINE('',#9540,#2158);
#1678=LINE('',#9577,#2159);
#1679=LINE('',#9578,#2160);
#1680=LINE('',#9580,#2161);
#1681=LINE('',#9583,#2162);
#1682=LINE('',#9584,#2163);
#1683=LINE('',#9587,#2164);
#1684=LINE('',#9588,#2165);
#1685=LINE('',#9591,#2166);
#1686=LINE('',#9592,#2167);
#1687=LINE('',#9594,#2168);
#1688=LINE('',#9597,#2169);
#1689=LINE('',#9599,#2170);
#1690=LINE('',#9601,#2171);
#1691=LINE('',#9609,#2172);
#1692=LINE('',#9611,#2173);
#1693=LINE('',#9613,#2174);
#1694=LINE('',#9614,#2175);
#1695=LINE('',#9618,#2176);
#1696=LINE('',#9619,#2177);
#1697=LINE('',#9620,#2178);
#1698=LINE('',#9623,#2179);
#1699=LINE('',#9625,#2180);
#1700=LINE('',#9626,#2181);
#1701=LINE('',#9629,#2182);
#1702=LINE('',#9631,#2183);
#1703=LINE('',#9633,#2184);
#1704=LINE('',#9635,#2185);
#1705=LINE('',#9637,#2186);
#1706=LINE('',#9639,#2187);
#1707=LINE('',#9641,#2188);
#1708=LINE('',#9643,#2189);
#1709=LINE('',#9645,#2190);
#1710=LINE('',#9647,#2191);
#1711=LINE('',#9649,#2192);
#1712=LINE('',#9651,#2193);
#1713=LINE('',#9653,#2194);
#1714=LINE('',#9655,#2195);
#1715=LINE('',#9657,#2196);
#1716=LINE('',#9659,#2197);
#1717=LINE('',#9661,#2198);
#1718=LINE('',#9663,#2199);
#1719=LINE('',#9665,#2200);
#1720=LINE('',#9667,#2201);
#1721=LINE('',#9669,#2202);
#1722=LINE('',#9671,#2203);
#1723=LINE('',#9672,#2204);
#1724=LINE('',#9675,#2205);
#1725=LINE('',#9677,#2206);
#1726=LINE('',#9679,#2207);
#1727=LINE('',#9680,#2208);
#1728=LINE('',#9683,#2209);
#1729=LINE('',#9685,#2210);
#1730=LINE('',#9687,#2211);
#1731=LINE('',#9688,#2212);
#1732=LINE('',#9691,#2213);
#1733=LINE('',#9693,#2214);
#1734=LINE('',#9695,#2215);
#1735=LINE('',#9696,#2216);
#1736=LINE('',#9699,#2217);
#1737=LINE('',#9701,#2218);
#1738=LINE('',#9703,#2219);
#1739=LINE('',#9704,#2220);
#1740=LINE('',#9707,#2221);
#1741=LINE('',#9709,#2222);
#1742=LINE('',#9711,#2223);
#1743=LINE('',#9713,#2224);
#1744=LINE('',#9715,#2225);
#1745=LINE('',#9717,#2226);
#1746=LINE('',#9719,#2227);
#1747=LINE('',#9721,#2228);
#1748=LINE('',#9723,#2229);
#1749=LINE('',#9725,#2230);
#1750=LINE('',#9727,#2231);
#1751=LINE('',#9729,#2232);
#1752=LINE('',#9731,#2233);
#1753=LINE('',#9733,#2234);
#1754=LINE('',#9735,#2235);
#1755=LINE('',#9737,#2236);
#1756=LINE('',#9739,#2237);
#1757=LINE('',#9741,#2238);
#1758=LINE('',#9743,#2239);
#1759=LINE('',#9745,#2240);
#1760=LINE('',#9747,#2241);
#1761=LINE('',#9749,#2242);
#1762=LINE('',#9750,#2243);
#1763=LINE('',#9753,#2244);
#1764=LINE('',#9755,#2245);
#1765=LINE('',#9757,#2246);
#1766=LINE('',#9758,#2247);
#1767=LINE('',#9761,#2248);
#1768=LINE('',#9763,#2249);
#1769=LINE('',#9765,#2250);
#1770=LINE('',#9766,#2251);
#1771=LINE('',#9769,#2252);
#1772=LINE('',#9771,#2253);
#1773=LINE('',#9773,#2254);
#1774=LINE('',#9774,#2255);
#1775=LINE('',#9777,#2256);
#1776=LINE('',#9779,#2257);
#1777=LINE('',#9781,#2258);
#1778=LINE('',#9782,#2259);
#1779=LINE('',#9784,#2260);
#1780=LINE('',#9786,#2261);
#1781=LINE('',#9788,#2262);
#1782=LINE('',#9790,#2263);
#1783=LINE('',#9792,#2264);
#1784=LINE('',#9794,#2265);
#1785=LINE('',#9796,#2266);
#1786=LINE('',#9798,#2267);
#1787=LINE('',#9800,#2268);
#1788=LINE('',#9802,#2269);
#1789=LINE('',#9804,#2270);
#1790=LINE('',#9806,#2271);
#1791=LINE('',#9808,#2272);
#1792=LINE('',#9810,#2273);
#1793=LINE('',#9812,#2274);
#1794=LINE('',#9814,#2275);
#1795=LINE('',#9816,#2276);
#1796=LINE('',#9818,#2277);
#1797=LINE('',#9820,#2278);
#1798=LINE('',#9822,#2279);
#1799=LINE('',#9824,#2280);
#1800=LINE('',#9826,#2281);
#1801=LINE('',#9830,#2282);
#1802=LINE('',#9832,#2283);
#1803=LINE('',#9833,#2284);
#1804=LINE('',#9836,#2285);
#1805=LINE('',#9837,#2286);
#1806=LINE('',#9840,#2287);
#1807=LINE('',#9841,#2288);
#1808=LINE('',#9843,#2289);
#1809=LINE('',#9846,#2290);
#1810=LINE('',#9848,#2291);
#1811=LINE('',#9849,#2292);
#1812=LINE('',#9852,#2293);
#1813=LINE('',#9853,#2294);
#1814=LINE('',#9856,#2295);
#1815=LINE('',#9857,#2296);
#1816=LINE('',#9859,#2297);
#1817=LINE('',#9862,#2298);
#1818=LINE('',#9864,#2299);
#1819=LINE('',#9865,#2300);
#1820=LINE('',#9868,#2301);
#1821=LINE('',#9869,#2302);
#1822=LINE('',#9872,#2303);
#1823=LINE('',#9873,#2304);
#1824=LINE('',#9875,#2305);
#1825=LINE('',#9878,#2306);
#1826=LINE('',#9880,#2307);
#1827=LINE('',#9881,#2308);
#1828=LINE('',#9884,#2309);
#1829=LINE('',#9885,#2310);
#1830=LINE('',#9888,#2311);
#1831=LINE('',#9889,#2312);
#1832=LINE('',#9891,#2313);
#1833=LINE('',#9894,#2314);
#1834=LINE('',#9896,#2315);
#1835=LINE('',#9897,#2316);
#1836=LINE('',#9900,#2317);
#1837=LINE('',#9901,#2318);
#1838=LINE('',#9904,#2319);
#1839=LINE('',#9905,#2320);
#1840=LINE('',#9907,#2321);
#1841=LINE('',#9910,#2322);
#1842=LINE('',#9912,#2323);
#1843=LINE('',#9913,#2324);
#1844=LINE('',#9916,#2325);
#1845=LINE('',#9917,#2326);
#1846=LINE('',#9920,#2327);
#1847=LINE('',#9921,#2328);
#1848=LINE('',#9923,#2329);
#1849=LINE('',#9926,#2330);
#1850=LINE('',#9928,#2331);
#1851=LINE('',#9929,#2332);
#1852=LINE('',#9932,#2333);
#1853=LINE('',#9933,#2334);
#1854=LINE('',#9936,#2335);
#1855=LINE('',#9937,#2336);
#1856=LINE('',#9939,#2337);
#1857=LINE('',#9942,#2338);
#1858=LINE('',#9944,#2339);
#1859=LINE('',#9945,#2340);
#1860=LINE('',#9948,#2341);
#1861=LINE('',#9949,#2342);
#1862=LINE('',#9952,#2343);
#1863=LINE('',#9953,#2344);
#1864=LINE('',#9955,#2345);
#1865=LINE('',#9958,#2346);
#1866=LINE('',#9960,#2347);
#1867=LINE('',#9961,#2348);
#1868=LINE('',#9964,#2349);
#1869=LINE('',#9965,#2350);
#1870=LINE('',#9968,#2351);
#1871=LINE('',#9969,#2352);
#1872=LINE('',#9971,#2353);
#1873=LINE('',#9974,#2354);
#1874=LINE('',#9976,#2355);
#1875=LINE('',#9977,#2356);
#1876=LINE('',#9980,#2357);
#1877=LINE('',#9981,#2358);
#1878=LINE('',#9984,#2359);
#1879=LINE('',#9985,#2360);
#1880=LINE('',#9987,#2361);
#1881=LINE('',#9990,#2362);
#1882=LINE('',#9992,#2363);
#1883=LINE('',#9993,#2364);
#1884=LINE('',#9996,#2365);
#1885=LINE('',#9997,#2366);
#1886=LINE('',#10000,#2367);
#1887=LINE('',#10001,#2368);
#1888=LINE('',#10003,#2369);
#1889=LINE('',#10006,#2370);
#1890=LINE('',#10008,#2371);
#1891=LINE('',#10009,#2372);
#1892=LINE('',#10012,#2373);
#1893=LINE('',#10013,#2374);
#1894=LINE('',#10016,#2375);
#1895=LINE('',#10017,#2376);
#1896=LINE('',#10019,#2377);
#1897=LINE('',#10022,#2378);
#1898=LINE('',#10024,#2379);
#1899=LINE('',#10025,#2380);
#1900=LINE('',#10028,#2381);
#1901=LINE('',#10029,#2382);
#1902=LINE('',#10032,#2383);
#1903=LINE('',#10033,#2384);
#1904=LINE('',#10035,#2385);
#1905=LINE('',#10038,#2386);
#1906=LINE('',#10040,#2387);
#1907=LINE('',#10041,#2388);
#1908=LINE('',#10044,#2389);
#1909=LINE('',#10045,#2390);
#1910=LINE('',#10048,#2391);
#1911=LINE('',#10049,#2392);
#1912=LINE('',#10051,#2393);
#1913=LINE('',#10054,#2394);
#1914=LINE('',#10056,#2395);
#1915=LINE('',#10057,#2396);
#1916=LINE('',#10060,#2397);
#1917=LINE('',#10061,#2398);
#1918=LINE('',#10064,#2399);
#1919=LINE('',#10065,#2400);
#1920=LINE('',#10067,#2401);
#1921=LINE('',#10070,#2402);
#1922=LINE('',#10072,#2403);
#1923=LINE('',#10073,#2404);
#1924=LINE('',#10076,#2405);
#1925=LINE('',#10077,#2406);
#1926=LINE('',#10080,#2407);
#1927=LINE('',#10081,#2408);
#1928=LINE('',#10083,#2409);
#1929=LINE('',#10098,#2410);
#1930=LINE('',#10100,#2411);
#1931=LINE('',#10102,#2412);
#1932=LINE('',#10103,#2413);
#1933=LINE('',#10107,#2414);
#1934=LINE('',#10108,#2415);
#1935=LINE('',#10109,#2416);
#1936=LINE('',#10112,#2417);
#1937=LINE('',#10114,#2418);
#1938=LINE('',#10115,#2419);
#1939=LINE('',#10117,#2420);
#1940=LINE('',#10281,#2421);
#1941=LINE('',#10446,#2422);
#1942=LINE('',#10448,#2423);
#1943=LINE('',#10450,#2424);
#1944=LINE('',#10452,#2425);
#1945=LINE('',#10454,#2426);
#1946=LINE('',#10456,#2427);
#1947=LINE('',#10458,#2428);
#1948=LINE('',#10460,#2429);
#1949=LINE('',#10462,#2430);
#1950=LINE('',#10464,#2431);
#1951=LINE('',#10466,#2432);
#1952=LINE('',#10468,#2433);
#1953=LINE('',#10470,#2434);
#1954=LINE('',#10472,#2435);
#1955=LINE('',#10474,#2436);
#1956=LINE('',#10476,#2437);
#1957=LINE('',#10478,#2438);
#1958=LINE('',#10480,#2439);
#1959=LINE('',#10482,#2440);
#1960=LINE('',#10484,#2441);
#1961=LINE('',#10486,#2442);
#1962=LINE('',#10488,#2443);
#1963=LINE('',#10490,#2444);
#1964=LINE('',#10492,#2445);
#1965=LINE('',#10494,#2446);
#1966=LINE('',#10496,#2447);
#1967=LINE('',#10498,#2448);
#1968=LINE('',#10500,#2449);
#1969=LINE('',#10502,#2450);
#1970=LINE('',#10504,#2451);
#1971=LINE('',#10506,#2452);
#1972=LINE('',#10508,#2453);
#1973=LINE('',#10510,#2454);
#1974=LINE('',#10512,#2455);
#1975=LINE('',#10514,#2456);
#1976=LINE('',#10516,#2457);
#1977=LINE('',#10518,#2458);
#1978=LINE('',#10520,#2459);
#1979=LINE('',#10522,#2460);
#1980=LINE('',#10524,#2461);
#1981=LINE('',#10526,#2462);
#1982=LINE('',#10528,#2463);
#1983=LINE('',#10530,#2464);
#1984=LINE('',#10532,#2465);
#1985=LINE('',#10534,#2466);
#1986=LINE('',#10536,#2467);
#1987=LINE('',#10538,#2468);
#1988=LINE('',#10540,#2469);
#1989=LINE('',#10542,#2470);
#1990=LINE('',#10544,#2471);
#1991=LINE('',#10546,#2472);
#1992=LINE('',#10548,#2473);
#1993=LINE('',#10550,#2474);
#1994=LINE('',#10552,#2475);
#1995=LINE('',#10554,#2476);
#1996=LINE('',#10556,#2477);
#1997=LINE('',#10558,#2478);
#1998=LINE('',#10560,#2479);
#1999=LINE('',#10562,#2480);
#2000=LINE('',#10564,#2481);
#2001=LINE('',#10566,#2482);
#2002=LINE('',#10568,#2483);
#2003=LINE('',#10570,#2484);
#2004=LINE('',#10572,#2485);
#2005=LINE('',#10574,#2486);
#2006=LINE('',#10576,#2487);
#2007=LINE('',#10578,#2488);
#2008=LINE('',#10580,#2489);
#2009=LINE('',#10582,#2490);
#2010=LINE('',#10584,#2491);
#2011=LINE('',#10586,#2492);
#2012=LINE('',#10588,#2493);
#2013=LINE('',#10590,#2494);
#2014=LINE('',#10592,#2495);
#2015=LINE('',#10594,#2496);
#2016=LINE('',#10596,#2497);
#2017=LINE('',#10598,#2498);
#2018=LINE('',#10600,#2499);
#2019=LINE('',#10602,#2500);
#2020=LINE('',#10604,#2501);
#2021=LINE('',#10606,#2502);
#2022=LINE('',#10622,#2503);
#2023=LINE('',#10635,#2504);
#2024=LINE('',#10645,#2505);
#2025=LINE('',#10652,#2506);
#2026=LINE('',#10662,#2507);
#2027=LINE('',#10667,#2508);
#2028=VECTOR('',#7001,10.);
#2029=VECTOR('',#7004,10.);
#2030=VECTOR('',#7013,10.);
#2031=VECTOR('',#7014,10.);
#2032=VECTOR('',#7015,10.);
#2033=VECTOR('',#7018,10.);
#2034=VECTOR('',#7021,10.);
#2035=VECTOR('',#7024,10.);
#2036=VECTOR('',#7027,10.);
#2037=VECTOR('',#7030,10.);
#2038=VECTOR('',#7033,10.);
#2039=VECTOR('',#7036,10.);
#2040=VECTOR('',#7047,10.);
#2041=VECTOR('',#7050,10.);
#2042=VECTOR('',#7053,10.);
#2043=VECTOR('',#7056,10.);
#2044=VECTOR('',#7059,10.);
#2045=VECTOR('',#7062,10.);
#2046=VECTOR('',#7065,10.);
#2047=VECTOR('',#7068,10.);
#2048=VECTOR('',#7071,10.);
#2049=VECTOR('',#7074,10.);
#2050=VECTOR('',#7077,10.);
#2051=VECTOR('',#7080,10.);
#2052=VECTOR('',#7081,10.);
#2053=VECTOR('',#7086,10.);
#2054=VECTOR('',#7095,10.);
#2055=VECTOR('',#7096,10.);
#2056=VECTOR('',#7105,10.);
#2057=VECTOR('',#7106,10.);
#2058=VECTOR('',#7109,10.);
#2059=VECTOR('',#7110,10.);
#2060=VECTOR('',#7113,10.);
#2061=VECTOR('',#7118,10.);
#2062=VECTOR('',#7121,10.);
#2063=VECTOR('',#7126,10.);
#2064=VECTOR('',#7127,10.);
#2065=VECTOR('',#7132,10.);
#2066=VECTOR('',#7135,10.);
#2067=VECTOR('',#7138,10.);
#2068=VECTOR('',#7143,10.);
#2069=VECTOR('',#7152,10.);
#2070=VECTOR('',#7155,10.);
#2071=VECTOR('',#7166,10.);
#2072=VECTOR('',#7167,10.);
#2073=VECTOR('',#7178,10.);
#2074=VECTOR('',#7187,10.);
#2075=VECTOR('',#7190,10.);
#2076=VECTOR('',#7191,10.);
#2077=VECTOR('',#7192,10.);
#2078=VECTOR('',#7197,10.);
#2079=VECTOR('',#7200,10.);
#2080=VECTOR('',#7203,10.);
#2081=VECTOR('',#7206,10.);
#2082=VECTOR('',#7209,10.);
#2083=VECTOR('',#7212,10.);
#2084=VECTOR('',#7213,10.);
#2085=VECTOR('',#7216,10.);
#2086=VECTOR('',#7219,10.);
#2087=VECTOR('',#7222,10.);
#2088=VECTOR('',#7225,10.);
#2089=VECTOR('',#7232,10.);
#2090=VECTOR('',#7251,1.45);
#2091=VECTOR('',#7262,1.45);
#2092=VECTOR('',#7273,1.82909412097519);
#2093=VECTOR('',#7284,1.45);
#2094=VECTOR('',#7289,10.);
#2095=VECTOR('',#7302,10.);
#2096=VECTOR('',#7313,10.);
#2097=VECTOR('',#7320,10.);
#2098=VECTOR('',#7321,10.);
#2099=VECTOR('',#7324,10.);
#2100=VECTOR('',#7327,10.);
#2101=VECTOR('',#7338,10.);
#2102=VECTOR('',#7349,10.);
#2103=VECTOR('',#7358,10.);
#2104=VECTOR('',#7365,10.);
#2105=VECTOR('',#7376,10.);
#2106=VECTOR('',#7387,10.);
#2107=VECTOR('',#7398,10.);
#2108=VECTOR('',#7407,10.);
#2109=VECTOR('',#7410,10.);
#2110=VECTOR('',#7411,10.);
#2111=VECTOR('',#7414,10.);
#2112=VECTOR('',#7417,10.);
#2113=VECTOR('',#7420,10.);
#2114=VECTOR('',#7423,10.);
#2115=VECTOR('',#7426,10.);
#2116=VECTOR('',#7429,10.);
#2117=VECTOR('',#7432,10.);
#2118=VECTOR('',#7435,10.);
#2119=VECTOR('',#7440,10.);
#2120=VECTOR('',#7441,10.);
#2121=VECTOR('',#7444,10.);
#2122=VECTOR('',#7447,10.);
#2123=VECTOR('',#7448,10.);
#2124=VECTOR('',#7451,10.);
#2125=VECTOR('',#7456,10.);
#2126=VECTOR('',#7541,10.);
#2127=VECTOR('',#7544,10.);
#2128=VECTOR('',#7547,10.);
#2129=VECTOR('',#7548,10.);
#2130=VECTOR('',#7549,10.);
#2131=VECTOR('',#7550,10.);
#2132=VECTOR('',#7551,10.);
#2133=VECTOR('',#7552,10.);
#2134=VECTOR('',#7553,10.);
#2135=VECTOR('',#7556,10.);
#2136=VECTOR('',#7557,10.);
#2137=VECTOR('',#7558,10.);
#2138=VECTOR('',#7559,10.);
#2139=VECTOR('',#7560,10.);
#2140=VECTOR('',#7565,10.);
#2141=VECTOR('',#7568,10.);
#2142=VECTOR('',#7571,10.);
#2143=VECTOR('',#7588,10.);
#2144=VECTOR('',#7593,10.);
#2145=VECTOR('',#7594,10.);
#2146=VECTOR('',#7597,10.);
#2147=VECTOR('',#7600,10.);
#2148=VECTOR('',#7609,10.);
#2149=VECTOR('',#7612,10.);
#2150=VECTOR('',#7615,10.);
#2151=VECTOR('',#7626,10.);
#2152=VECTOR('',#7627,10.);
#2153=VECTOR('',#7630,10.);
#2154=VECTOR('',#7631,10.);
#2155=VECTOR('',#7634,10.);
#2156=VECTOR('',#7655,10.);
#2157=VECTOR('',#7658,10.);
#2158=VECTOR('',#7659,10.);
#2159=VECTOR('',#7678,10.);
#2160=VECTOR('',#7679,10.);
#2161=VECTOR('',#7682,1.45);
#2162=VECTOR('',#7685,10.);
#2163=VECTOR('',#7686,10.);
#2164=VECTOR('',#7689,10.);
#2165=VECTOR('',#7690,10.);
#2166=VECTOR('',#7693,10.);
#2167=VECTOR('',#7694,10.);
#2168=VECTOR('',#7697,10.);
#2169=VECTOR('',#7702,1.45);
#2170=VECTOR('',#7705,1.45);
#2171=VECTOR('',#7708,1.45);
#2172=VECTOR('',#7719,1.);
#2173=VECTOR('',#7720,1.00000000000064);
#2174=VECTOR('',#7721,1.);
#2175=VECTOR('',#7722,1.00000000000064);
#2176=VECTOR('',#7725,1.);
#2177=VECTOR('',#7726,1.);
#2178=VECTOR('',#7727,1.);
#2179=VECTOR('',#7730,1.);
#2180=VECTOR('',#7731,1.);
#2181=VECTOR('',#7732,1.);
#2182=VECTOR('',#7735,1.00000000000064);
#2183=VECTOR('',#7736,1.);
#2184=VECTOR('',#7737,1.00000000000064);
#2185=VECTOR('',#7738,1.00000000000064);
#2186=VECTOR('',#7739,1.);
#2187=VECTOR('',#7740,1.00000000000064);
#2188=VECTOR('',#7741,1.00000000000064);
#2189=VECTOR('',#7742,1.);
#2190=VECTOR('',#7743,1.00000000000064);
#2191=VECTOR('',#7744,1.00000000000064);
#2192=VECTOR('',#7745,1.);
#2193=VECTOR('',#7746,1.00000000000064);
#2194=VECTOR('',#7747,1.);
#2195=VECTOR('',#7748,1.00000000000064);
#2196=VECTOR('',#7749,1.);
#2197=VECTOR('',#7750,1.00000000000064);
#2198=VECTOR('',#7751,1.00000000000064);
#2199=VECTOR('',#7752,1.);
#2200=VECTOR('',#7753,1.00000000000064);
#2201=VECTOR('',#7754,1.00000000000064);
#2202=VECTOR('',#7755,1.);
#2203=VECTOR('',#7756,1.00000000000064);
#2204=VECTOR('',#7757,1.00000000000064);
#2205=VECTOR('',#7758,1.);
#2206=VECTOR('',#7759,1.);
#2207=VECTOR('',#7760,1.);
#2208=VECTOR('',#7761,1.);
#2209=VECTOR('',#7762,1.);
#2210=VECTOR('',#7763,1.);
#2211=VECTOR('',#7764,1.);
#2212=VECTOR('',#7765,1.);
#2213=VECTOR('',#7766,1.);
#2214=VECTOR('',#7767,1.);
#2215=VECTOR('',#7768,1.);
#2216=VECTOR('',#7769,1.);
#2217=VECTOR('',#7770,1.);
#2218=VECTOR('',#7771,1.);
#2219=VECTOR('',#7772,1.);
#2220=VECTOR('',#7773,1.);
#2221=VECTOR('',#7776,1.00000000000064);
#2222=VECTOR('',#7777,1.00000000000064);
#2223=VECTOR('',#7778,1.);
#2224=VECTOR('',#7779,1.00000000000064);
#2225=VECTOR('',#7780,1.00000000000064);
#2226=VECTOR('',#7781,1.);
#2227=VECTOR('',#7782,1.00000000000064);
#2228=VECTOR('',#7783,1.00000000000064);
#2229=VECTOR('',#7784,1.);
#2230=VECTOR('',#7785,1.00000000000064);
#2231=VECTOR('',#7786,1.);
#2232=VECTOR('',#7787,1.00000000000064);
#2233=VECTOR('',#7788,1.);
#2234=VECTOR('',#7789,1.00000000000064);
#2235=VECTOR('',#7790,1.00000000000064);
#2236=VECTOR('',#7791,1.);
#2237=VECTOR('',#7792,1.00000000000064);
#2238=VECTOR('',#7793,1.00000000000064);
#2239=VECTOR('',#7794,1.);
#2240=VECTOR('',#7795,1.00000000000064);
#2241=VECTOR('',#7796,1.00000000000064);
#2242=VECTOR('',#7797,1.);
#2243=VECTOR('',#7798,1.00000000000064);
#2244=VECTOR('',#7799,1.);
#2245=VECTOR('',#7800,1.);
#2246=VECTOR('',#7801,1.);
#2247=VECTOR('',#7802,1.);
#2248=VECTOR('',#7803,1.);
#2249=VECTOR('',#7804,1.);
#2250=VECTOR('',#7805,1.);
#2251=VECTOR('',#7806,1.);
#2252=VECTOR('',#7807,1.);
#2253=VECTOR('',#7808,1.);
#2254=VECTOR('',#7809,1.);
#2255=VECTOR('',#7810,1.);
#2256=VECTOR('',#7811,1.);
#2257=VECTOR('',#7812,1.);
#2258=VECTOR('',#7813,1.);
#2259=VECTOR('',#7814,1.);
#2260=VECTOR('',#7817,1.);
#2261=VECTOR('',#7820,1.);
#2262=VECTOR('',#7823,1.);
#2263=VECTOR('',#7826,1.);
#2264=VECTOR('',#7829,1.);
#2265=VECTOR('',#7832,1.);
#2266=VECTOR('',#7835,1.);
#2267=VECTOR('',#7838,1.);
#2268=VECTOR('',#7841,1.);
#2269=VECTOR('',#7844,1.);
#2270=VECTOR('',#7847,1.);
#2271=VECTOR('',#7850,1.);
#2272=VECTOR('',#7853,1.);
#2273=VECTOR('',#7856,1.);
#2274=VECTOR('',#7859,1.);
#2275=VECTOR('',#7862,1.);
#2276=VECTOR('',#7865,1.);
#2277=VECTOR('',#7868,1.);
#2278=VECTOR('',#7871,1.);
#2279=VECTOR('',#7874,1.);
#2280=VECTOR('',#7877,1.);
#2281=VECTOR('',#7880,1.);
#2282=VECTOR('',#7885,1.);
#2283=VECTOR('',#7886,1.);
#2284=VECTOR('',#7887,1.);
#2285=VECTOR('',#7890,1.);
#2286=VECTOR('',#7891,1.);
#2287=VECTOR('',#7894,1.);
#2288=VECTOR('',#7895,1.);
#2289=VECTOR('',#7898,1.);
#2290=VECTOR('',#7901,1.);
#2291=VECTOR('',#7902,1.);
#2292=VECTOR('',#7903,1.);
#2293=VECTOR('',#7906,1.);
#2294=VECTOR('',#7907,1.);
#2295=VECTOR('',#7910,1.);
#2296=VECTOR('',#7911,1.);
#2297=VECTOR('',#7914,1.);
#2298=VECTOR('',#7917,1.);
#2299=VECTOR('',#7918,1.);
#2300=VECTOR('',#7919,1.);
#2301=VECTOR('',#7922,1.);
#2302=VECTOR('',#7923,1.);
#2303=VECTOR('',#7926,1.);
#2304=VECTOR('',#7927,1.);
#2305=VECTOR('',#7930,1.);
#2306=VECTOR('',#7933,1.);
#2307=VECTOR('',#7934,1.);
#2308=VECTOR('',#7935,1.);
#2309=VECTOR('',#7938,1.);
#2310=VECTOR('',#7939,1.);
#2311=VECTOR('',#7942,1.);
#2312=VECTOR('',#7943,1.);
#2313=VECTOR('',#7946,1.);
#2314=VECTOR('',#7949,1.);
#2315=VECTOR('',#7950,1.);
#2316=VECTOR('',#7951,1.);
#2317=VECTOR('',#7954,1.);
#2318=VECTOR('',#7955,1.);
#2319=VECTOR('',#7958,1.);
#2320=VECTOR('',#7959,1.);
#2321=VECTOR('',#7962,1.);
#2322=VECTOR('',#7965,1.);
#2323=VECTOR('',#7966,1.);
#2324=VECTOR('',#7967,1.);
#2325=VECTOR('',#7970,1.);
#2326=VECTOR('',#7971,1.);
#2327=VECTOR('',#7974,1.);
#2328=VECTOR('',#7975,1.);
#2329=VECTOR('',#7978,1.);
#2330=VECTOR('',#7981,1.);
#2331=VECTOR('',#7982,1.);
#2332=VECTOR('',#7983,1.);
#2333=VECTOR('',#7986,1.);
#2334=VECTOR('',#7987,1.);
#2335=VECTOR('',#7990,1.);
#2336=VECTOR('',#7991,1.);
#2337=VECTOR('',#7994,1.);
#2338=VECTOR('',#7997,1.);
#2339=VECTOR('',#7998,1.);
#2340=VECTOR('',#7999,1.);
#2341=VECTOR('',#8002,1.);
#2342=VECTOR('',#8003,1.);
#2343=VECTOR('',#8006,1.);
#2344=VECTOR('',#8007,1.);
#2345=VECTOR('',#8010,1.);
#2346=VECTOR('',#8013,1.00000000000065);
#2347=VECTOR('',#8014,1.00000000000065);
#2348=VECTOR('',#8015,1.);
#2349=VECTOR('',#8018,1.00000000000065);
#2350=VECTOR('',#8019,1.);
#2351=VECTOR('',#8022,1.);
#2352=VECTOR('',#8023,1.00000000000065);
#2353=VECTOR('',#8026,1.);
#2354=VECTOR('',#8029,1.00000000000065);
#2355=VECTOR('',#8030,1.);
#2356=VECTOR('',#8031,1.00000000000065);
#2357=VECTOR('',#8034,1.00000000000065);
#2358=VECTOR('',#8035,1.);
#2359=VECTOR('',#8038,1.00000000000065);
#2360=VECTOR('',#8039,1.);
#2361=VECTOR('',#8042,1.);
#2362=VECTOR('',#8045,1.00000000000065);
#2363=VECTOR('',#8046,1.);
#2364=VECTOR('',#8047,1.00000000000065);
#2365=VECTOR('',#8050,1.00000000000065);
#2366=VECTOR('',#8051,1.);
#2367=VECTOR('',#8054,1.00000000000065);
#2368=VECTOR('',#8055,1.);
#2369=VECTOR('',#8058,1.);
#2370=VECTOR('',#8061,1.00000000000065);
#2371=VECTOR('',#8062,1.00000000000065);
#2372=VECTOR('',#8063,1.);
#2373=VECTOR('',#8066,1.00000000000065);
#2374=VECTOR('',#8067,1.);
#2375=VECTOR('',#8070,1.);
#2376=VECTOR('',#8071,1.00000000000065);
#2377=VECTOR('',#8074,1.);
#2378=VECTOR('',#8077,1.00000000000065);
#2379=VECTOR('',#8078,1.);
#2380=VECTOR('',#8079,1.00000000000065);
#2381=VECTOR('',#8082,1.00000000000065);
#2382=VECTOR('',#8083,1.);
#2383=VECTOR('',#8086,1.00000000000065);
#2384=VECTOR('',#8087,1.);
#2385=VECTOR('',#8090,1.);
#2386=VECTOR('',#8093,1.00000000000065);
#2387=VECTOR('',#8094,1.00000000000065);
#2388=VECTOR('',#8095,1.);
#2389=VECTOR('',#8098,1.00000000000065);
#2390=VECTOR('',#8099,1.);
#2391=VECTOR('',#8102,1.00000000000065);
#2392=VECTOR('',#8103,1.);
#2393=VECTOR('',#8106,1.);
#2394=VECTOR('',#8109,1.00000000000065);
#2395=VECTOR('',#8110,1.00000000000065);
#2396=VECTOR('',#8111,1.);
#2397=VECTOR('',#8114,1.00000000000065);
#2398=VECTOR('',#8115,1.);
#2399=VECTOR('',#8118,1.00000000000065);
#2400=VECTOR('',#8119,1.);
#2401=VECTOR('',#8122,1.);
#2402=VECTOR('',#8125,1.00000000000065);
#2403=VECTOR('',#8126,1.);
#2404=VECTOR('',#8127,1.00000000000065);
#2405=VECTOR('',#8130,1.00000000000065);
#2406=VECTOR('',#8131,1.);
#2407=VECTOR('',#8134,1.00000000000065);
#2408=VECTOR('',#8135,1.);
#2409=VECTOR('',#8138,1.);
#2410=VECTOR('',#8163,1.);
#2411=VECTOR('',#8164,1.);
#2412=VECTOR('',#8165,1.);
#2413=VECTOR('',#8166,1.);
#2414=VECTOR('',#8169,1.);
#2415=VECTOR('',#8170,1.);
#2416=VECTOR('',#8171,1.);
#2417=VECTOR('',#8174,1.);
#2418=VECTOR('',#8175,1.);
#2419=VECTOR('',#8176,1.);
#2420=VECTOR('',#8179,1.);
#2421=VECTOR('',#8344,1.);
#2422=VECTOR('',#8511,0.5);
#2423=VECTOR('',#8514,0.5);
#2424=VECTOR('',#8517,0.5);
#2425=VECTOR('',#8520,0.5);
#2426=VECTOR('',#8523,0.5);
#2427=VECTOR('',#8526,0.5);
#2428=VECTOR('',#8529,0.5);
#2429=VECTOR('',#8532,0.5);
#2430=VECTOR('',#8535,0.5);
#2431=VECTOR('',#8538,0.5);
#2432=VECTOR('',#8541,0.5);
#2433=VECTOR('',#8544,0.5);
#2434=VECTOR('',#8547,0.5);
#2435=VECTOR('',#8550,0.85);
#2436=VECTOR('',#8553,0.75);
#2437=VECTOR('',#8556,2.);
#2438=VECTOR('',#8559,0.75);
#2439=VECTOR('',#8562,0.5);
#2440=VECTOR('',#8565,0.85);
#2441=VECTOR('',#8568,0.85);
#2442=VECTOR('',#8571,0.75);
#2443=VECTOR('',#8574,0.4);
#2444=VECTOR('',#8577,0.4);
#2445=VECTOR('',#8580,0.4);
#2446=VECTOR('',#8583,0.4);
#2447=VECTOR('',#8586,0.4);
#2448=VECTOR('',#8589,0.4);
#2449=VECTOR('',#8592,0.4);
#2450=VECTOR('',#8595,0.4);
#2451=VECTOR('',#8598,0.4);
#2452=VECTOR('',#8601,0.4);
#2453=VECTOR('',#8604,0.4);
#2454=VECTOR('',#8607,0.4);
#2455=VECTOR('',#8610,0.4);
#2456=VECTOR('',#8613,0.4);
#2457=VECTOR('',#8616,0.4);
#2458=VECTOR('',#8619,0.4);
#2459=VECTOR('',#8622,0.4);
#2460=VECTOR('',#8625,0.4);
#2461=VECTOR('',#8628,2.);
#2462=VECTOR('',#8631,0.75);
#2463=VECTOR('',#8634,0.85);
#2464=VECTOR('',#8637,0.85);
#2465=VECTOR('',#8640,2.);
#2466=VECTOR('',#8643,0.75);
#2467=VECTOR('',#8646,0.85);
#2468=VECTOR('',#8649,0.75);
#2469=VECTOR('',#8652,0.85);
#2470=VECTOR('',#8655,0.75);
#2471=VECTOR('',#8658,2.);
#2472=VECTOR('',#8661,0.75);
#2473=VECTOR('',#8664,0.85);
#2474=VECTOR('',#8667,0.85);
#2475=VECTOR('',#8670,0.75);
#2476=VECTOR('',#8673,0.85);
#2477=VECTOR('',#8676,0.75);
#2478=VECTOR('',#8679,2.);
#2479=VECTOR('',#8682,0.75);
#2480=VECTOR('',#8685,0.85);
#2481=VECTOR('',#8688,0.85);
#2482=VECTOR('',#8691,0.75);
#2483=VECTOR('',#8694,0.5);
#2484=VECTOR('',#8697,0.5);
#2485=VECTOR('',#8700,0.5);
#2486=VECTOR('',#8703,0.5);
#2487=VECTOR('',#8706,2.);
#2488=VECTOR('',#8709,0.85);
#2489=VECTOR('',#8712,0.85);
#2490=VECTOR('',#8715,0.75);
#2491=VECTOR('',#8718,0.75);
#2492=VECTOR('',#8721,2.);
#2493=VECTOR('',#8724,0.85);
#2494=VECTOR('',#8727,0.75);
#2495=VECTOR('',#8730,2.);
#2496=VECTOR('',#8733,0.75);
#2497=VECTOR('',#8736,0.85);
#2498=VECTOR('',#8739,0.85);
#2499=VECTOR('',#8742,0.75);
#2500=VECTOR('',#8745,2.);
#2501=VECTOR('',#8748,0.85);
#2502=VECTOR('',#8751,0.75);
#2503=VECTOR('',#8776,0.25);
#2504=VECTOR('',#8793,0.25);
#2505=VECTOR('',#8806,0.25);
#2506=VECTOR('',#8815,1.01);
#2507=VECTOR('',#8828,1.);
#2508=VECTOR('',#8835,1.);
#2509=CIRCLE('',#6280,1.);
#2510=CIRCLE('',#6281,0.999999999999996);
#2511=CIRCLE('',#6283,1.);
#2512=CIRCLE('',#6284,1.);
#2513=CIRCLE('',#6287,1.);
#2514=CIRCLE('',#6288,1.);
#2515=CIRCLE('',#6289,1.);
#2516=CIRCLE('',#6290,1.);
#2517=CIRCLE('',#6291,1.);
#2518=CIRCLE('',#6292,1.);
#2519=CIRCLE('',#6293,1.);
#2520=CIRCLE('',#6294,1.45);
#2521=CIRCLE('',#6295,1.82909412097519);
#2522=CIRCLE('',#6296,1.45);
#2523=CIRCLE('',#6297,1.45);
#2524=CIRCLE('',#6298,0.5);
#2525=CIRCLE('',#6299,0.5);
#2526=CIRCLE('',#6300,0.5);
#2527=CIRCLE('',#6301,0.5);
#2528=CIRCLE('',#6302,0.5);
#2529=CIRCLE('',#6303,0.5);
#2530=CIRCLE('',#6304,0.5);
#2531=CIRCLE('',#6305,0.5);
#2532=CIRCLE('',#6306,0.5);
#2533=CIRCLE('',#6307,0.5);
#2534=CIRCLE('',#6310,0.999999999999996);
#2535=CIRCLE('',#6312,1.);
#2536=CIRCLE('',#6313,1.);
#2537=CIRCLE('',#6315,1.00000000000001);
#2538=CIRCLE('',#6321,0.999999999999999);
#2539=CIRCLE('',#6325,1.00000000000001);
#2540=CIRCLE('',#6328,1.);
#2541=CIRCLE('',#6331,1.);
#2542=CIRCLE('',#6333,1.);
#2543=CIRCLE('',#6334,1.);
#2544=CIRCLE('',#6337,0.999999999999996);
#2545=CIRCLE('',#6339,1.);
#2546=CIRCLE('',#6340,1.);
#2547=CIRCLE('',#6343,0.999999999999996);
#2548=CIRCLE('',#6345,1.);
#2549=CIRCLE('',#6347,1.);
#2550=CIRCLE('',#6349,1.);
#2551=CIRCLE('',#6352,2.45);
#2552=CIRCLE('',#6353,2.82909412097519);
#2553=CIRCLE('',#6354,1.5);
#2554=CIRCLE('',#6355,1.5);
#2555=CIRCLE('',#6356,1.5);
#2556=CIRCLE('',#6357,1.5);
#2557=CIRCLE('',#6358,1.5);
#2558=CIRCLE('',#6359,1.5);
#2559=CIRCLE('',#6360,1.5);
#2560=CIRCLE('',#6361,1.5);
#2561=CIRCLE('',#6362,1.5);
#2562=CIRCLE('',#6363,2.45);
#2563=CIRCLE('',#6364,2.45);
#2564=CIRCLE('',#6371,1.);
#2565=CIRCLE('',#6372,1.45);
#2566=CIRCLE('',#6373,1.45);
#2567=CIRCLE('',#6376,1.);
#2568=CIRCLE('',#6377,1.45);
#2569=CIRCLE('',#6378,1.45);
#2570=CIRCLE('',#6381,1.);
#2571=CIRCLE('',#6382,1.82909412097519);
#2572=CIRCLE('',#6383,1.82909412097519);
#2573=CIRCLE('',#6386,1.);
#2574=CIRCLE('',#6387,1.45);
#2575=CIRCLE('',#6388,1.45);
#2576=CIRCLE('',#6391,0.999999999999999);
#2577=CIRCLE('',#6392,0.999999999999996);
#2578=CIRCLE('',#6394,0.999999999999979);
#2579=CIRCLE('',#6395,0.5);
#2580=CIRCLE('',#6397,0.999999999999996);
#2581=CIRCLE('',#6399,1.00000000000001);
#2582=CIRCLE('',#6400,0.5);
#2583=CIRCLE('',#6402,1.);
#2584=CIRCLE('',#6404,0.5);
#2585=CIRCLE('',#6410,0.499999999999989);
#2586=CIRCLE('',#6412,1.);
#2587=CIRCLE('',#6414,1.);
#2588=CIRCLE('',#6415,0.5);
#2589=CIRCLE('',#6417,1.);
#2590=CIRCLE('',#6419,1.);
#2591=CIRCLE('',#6420,0.5);
#2592=CIRCLE('',#6424,0.999999999999999);
#2593=CIRCLE('',#6426,1.);
#2594=CIRCLE('',#6427,0.5);
#2595=CIRCLE('',#6429,1.);
#2596=CIRCLE('',#6431,1.);
#2597=CIRCLE('',#6432,0.5);
#2598=CIRCLE('',#6434,0.999999999999999);
#2599=CIRCLE('',#6436,1.);
#2600=CIRCLE('',#6437,0.5);
#2601=CIRCLE('',#6439,0.999999999999999);
#2602=CIRCLE('',#6441,1.);
#2603=CIRCLE('',#6442,0.5);
#2604=CIRCLE('',#6501,1.);
#2605=CIRCLE('',#6502,1.);
#2606=CIRCLE('',#6505,1.);
#2607=CIRCLE('',#6506,1.);
#2608=CIRCLE('',#6507,1.);
#2609=CIRCLE('',#6508,1.);
#2610=CIRCLE('',#6509,1.);
#2611=CIRCLE('',#6510,1.45);
#2612=CIRCLE('',#6511,1.45);
#2613=CIRCLE('',#6512,1.45);
#2614=CIRCLE('',#6513,1.45);
#2615=CIRCLE('',#6514,1.45);
#2616=CIRCLE('',#6515,1.45);
#2617=CIRCLE('',#6517,1.);
#2618=CIRCLE('',#6520,0.999999999999996);
#2619=CIRCLE('',#6522,1.);
#2620=CIRCLE('',#6523,1.);
#2621=CIRCLE('',#6525,1.);
#2622=CIRCLE('',#6528,1.);
#2623=CIRCLE('',#6529,1.);
#2624=CIRCLE('',#6530,1.);
#2625=CIRCLE('',#6534,1.);
#2626=CIRCLE('',#6536,0.999999999999996);
#2627=CIRCLE('',#6537,0.999999999999995);
#2628=CIRCLE('',#6540,0.999999999999996);
#2629=CIRCLE('',#6541,0.999999999999995);
#2630=CIRCLE('',#6547,1.45);
#2631=CIRCLE('',#6548,1.45);
#2632=CIRCLE('',#6549,1.45);
#2633=CIRCLE('',#6550,1.45);
#2634=CIRCLE('',#6552,1.45);
#2635=CIRCLE('',#6674,0.5);
#2636=CIRCLE('',#6675,0.5);
#2637=CIRCLE('',#6676,0.5);
#2638=CIRCLE('',#6677,0.5);
#2639=CIRCLE('',#6678,0.5);
#2640=CIRCLE('',#6679,0.5);
#2641=CIRCLE('',#6680,0.5);
#2642=CIRCLE('',#6681,0.5);
#2643=CIRCLE('',#6682,0.5);
#2644=CIRCLE('',#6683,0.5);
#2645=CIRCLE('',#6684,0.5);
#2646=CIRCLE('',#6685,0.5);
#2647=CIRCLE('',#6686,0.5);
#2648=CIRCLE('',#6687,0.85);
#2649=CIRCLE('',#6688,0.75);
#2650=CIRCLE('',#6689,2.);
#2651=CIRCLE('',#6690,0.75);
#2652=CIRCLE('',#6691,0.5);
#2653=CIRCLE('',#6692,0.85);
#2654=CIRCLE('',#6693,0.85);
#2655=CIRCLE('',#6694,0.75);
#2656=CIRCLE('',#6695,0.4);
#2657=CIRCLE('',#6696,0.4);
#2658=CIRCLE('',#6697,0.4);
#2659=CIRCLE('',#6698,0.4);
#2660=CIRCLE('',#6699,0.4);
#2661=CIRCLE('',#6700,0.4);
#2662=CIRCLE('',#6701,0.4);
#2663=CIRCLE('',#6702,0.4);
#2664=CIRCLE('',#6703,0.4);
#2665=CIRCLE('',#6704,0.4);
#2666=CIRCLE('',#6705,0.4);
#2667=CIRCLE('',#6706,0.4);
#2668=CIRCLE('',#6707,0.4);
#2669=CIRCLE('',#6708,0.4);
#2670=CIRCLE('',#6709,0.4);
#2671=CIRCLE('',#6710,0.4);
#2672=CIRCLE('',#6711,0.4);
#2673=CIRCLE('',#6712,0.4);
#2674=CIRCLE('',#6713,2.);
#2675=CIRCLE('',#6714,0.75);
#2676=CIRCLE('',#6715,0.85);
#2677=CIRCLE('',#6716,0.85);
#2678=CIRCLE('',#6717,2.);
#2679=CIRCLE('',#6718,0.75);
#2680=CIRCLE('',#6719,0.85);
#2681=CIRCLE('',#6720,0.75);
#2682=CIRCLE('',#6721,0.85);
#2683=CIRCLE('',#6722,0.75);
#2684=CIRCLE('',#6723,2.);
#2685=CIRCLE('',#6724,0.75);
#2686=CIRCLE('',#6725,0.85);
#2687=CIRCLE('',#6726,0.85);
#2688=CIRCLE('',#6727,0.75);
#2689=CIRCLE('',#6728,0.85);
#2690=CIRCLE('',#6729,0.75);
#2691=CIRCLE('',#6730,2.);
#2692=CIRCLE('',#6731,0.75);
#2693=CIRCLE('',#6732,0.85);
#2694=CIRCLE('',#6733,0.85);
#2695=CIRCLE('',#6734,0.75);
#2696=CIRCLE('',#6735,0.5);
#2697=CIRCLE('',#6736,0.5);
#2698=CIRCLE('',#6737,0.5);
#2699=CIRCLE('',#6738,0.5);
#2700=CIRCLE('',#6739,2.);
#2701=CIRCLE('',#6740,0.85);
#2702=CIRCLE('',#6741,0.85);
#2703=CIRCLE('',#6742,0.75);
#2704=CIRCLE('',#6743,0.75);
#2705=CIRCLE('',#6744,2.);
#2706=CIRCLE('',#6745,0.85);
#2707=CIRCLE('',#6746,0.75);
#2708=CIRCLE('',#6747,2.);
#2709=CIRCLE('',#6748,0.75);
#2710=CIRCLE('',#6749,0.85);
#2711=CIRCLE('',#6750,0.85);
#2712=CIRCLE('',#6751,0.75);
#2713=CIRCLE('',#6752,2.);
#2714=CIRCLE('',#6753,0.85);
#2715=CIRCLE('',#6754,0.75);
#2716=CIRCLE('',#6756,0.5);
#2717=CIRCLE('',#6757,0.5);
#2718=CIRCLE('',#6758,0.5);
#2719=CIRCLE('',#6759,0.5);
#2720=CIRCLE('',#6760,0.5);
#2721=CIRCLE('',#6761,0.5);
#2722=CIRCLE('',#6762,0.5);
#2723=CIRCLE('',#6763,0.5);
#2724=CIRCLE('',#6764,0.5);
#2725=CIRCLE('',#6765,0.5);
#2726=CIRCLE('',#6766,0.5);
#2727=CIRCLE('',#6767,0.5);
#2728=CIRCLE('',#6768,0.5);
#2729=CIRCLE('',#6769,0.85);
#2730=CIRCLE('',#6770,0.75);
#2731=CIRCLE('',#6771,2.);
#2732=CIRCLE('',#6772,0.75);
#2733=CIRCLE('',#6773,0.5);
#2734=CIRCLE('',#6774,0.85);
#2735=CIRCLE('',#6775,0.85);
#2736=CIRCLE('',#6776,0.75);
#2737=CIRCLE('',#6777,0.4);
#2738=CIRCLE('',#6778,0.4);
#2739=CIRCLE('',#6779,0.4);
#2740=CIRCLE('',#6780,0.4);
#2741=CIRCLE('',#6781,0.4);
#2742=CIRCLE('',#6782,0.4);
#2743=CIRCLE('',#6783,0.4);
#2744=CIRCLE('',#6784,0.4);
#2745=CIRCLE('',#6785,0.4);
#2746=CIRCLE('',#6786,0.4);
#2747=CIRCLE('',#6787,0.4);
#2748=CIRCLE('',#6788,0.4);
#2749=CIRCLE('',#6789,0.4);
#2750=CIRCLE('',#6790,0.4);
#2751=CIRCLE('',#6791,0.4);
#2752=CIRCLE('',#6792,0.4);
#2753=CIRCLE('',#6793,0.4);
#2754=CIRCLE('',#6794,0.4);
#2755=CIRCLE('',#6795,2.);
#2756=CIRCLE('',#6796,0.75);
#2757=CIRCLE('',#6797,0.85);
#2758=CIRCLE('',#6798,0.85);
#2759=CIRCLE('',#6799,2.);
#2760=CIRCLE('',#6800,0.75);
#2761=CIRCLE('',#6801,0.85);
#2762=CIRCLE('',#6802,0.75);
#2763=CIRCLE('',#6803,0.85);
#2764=CIRCLE('',#6804,0.75);
#2765=CIRCLE('',#6805,2.);
#2766=CIRCLE('',#6806,0.75);
#2767=CIRCLE('',#6807,0.85);
#2768=CIRCLE('',#6808,0.85);
#2769=CIRCLE('',#6809,0.75);
#2770=CIRCLE('',#6810,0.85);
#2771=CIRCLE('',#6811,0.75);
#2772=CIRCLE('',#6812,2.);
#2773=CIRCLE('',#6813,0.75);
#2774=CIRCLE('',#6814,0.85);
#2775=CIRCLE('',#6815,0.85);
#2776=CIRCLE('',#6816,0.75);
#2777=CIRCLE('',#6817,0.5);
#2778=CIRCLE('',#6818,0.5);
#2779=CIRCLE('',#6819,0.5);
#2780=CIRCLE('',#6820,0.5);
#2781=CIRCLE('',#6821,2.);
#2782=CIRCLE('',#6822,0.85);
#2783=CIRCLE('',#6823,0.85);
#2784=CIRCLE('',#6824,0.75);
#2785=CIRCLE('',#6825,0.75);
#2786=CIRCLE('',#6826,2.);
#2787=CIRCLE('',#6827,0.85);
#2788=CIRCLE('',#6828,0.75);
#2789=CIRCLE('',#6829,2.);
#2790=CIRCLE('',#6830,0.75);
#2791=CIRCLE('',#6831,0.85);
#2792=CIRCLE('',#6832,0.85);
#2793=CIRCLE('',#6833,0.75);
#2794=CIRCLE('',#6834,2.);
#2795=CIRCLE('',#6835,0.85);
#2796=CIRCLE('',#6836,0.75);
#2797=CIRCLE('',#6929,0.25);
#2798=CIRCLE('',#6930,0.25);
#2799=CIRCLE('',#6931,0.25);
#2800=CIRCLE('',#6933,0.25);
#2801=CIRCLE('',#6934,0.25);
#2802=CIRCLE('',#6935,0.25);
#2803=CIRCLE('',#6937,0.25);
#2804=CIRCLE('',#6938,0.25);
#2805=CIRCLE('',#6940,0.25);
#2806=CIRCLE('',#6941,0.25);
#2807=CIRCLE('',#6942,0.25);
#2808=CIRCLE('',#6944,0.25);
#2809=CIRCLE('',#6948,1.01);
#2810=CIRCLE('',#6949,1.01);
#2811=CIRCLE('',#6951,1.);
#2812=CIRCLE('',#6953,1.);
#2813=CIRCLE('',#6955,1.);
#2814=CIRCLE('',#6957,1.);
#2815=CIRCLE('',#6959,0.6);
#2816=CIRCLE('',#6960,0.4);
#2817=CIRCLE('',#6962,0.4);
#2818=CIRCLE('',#6963,0.6);
#2819=VERTEX_POINT('',#8903);
#2820=VERTEX_POINT('',#8904);
#2821=VERTEX_POINT('',#8906);
#2822=VERTEX_POINT('',#8908);
#2823=VERTEX_POINT('',#8912);
#2824=VERTEX_POINT('',#8916);
#2825=VERTEX_POINT('',#8918);
#2826=VERTEX_POINT('',#8922);
#2827=VERTEX_POINT('',#8924);
#2828=VERTEX_POINT('',#8926);
#2829=VERTEX_POINT('',#8928);
#2830=VERTEX_POINT('',#8930);
#2831=VERTEX_POINT('',#8932);
#2832=VERTEX_POINT('',#8934);
#2833=VERTEX_POINT('',#8936);
#2834=VERTEX_POINT('',#8938);
#2835=VERTEX_POINT('',#8940);
#2836=VERTEX_POINT('',#8942);
#2837=VERTEX_POINT('',#8944);
#2838=VERTEX_POINT('',#8946);
#2839=VERTEX_POINT('',#8949);
#2840=VERTEX_POINT('',#8951);
#2841=VERTEX_POINT('',#8953);
#2842=VERTEX_POINT('',#8955);
#2843=VERTEX_POINT('',#8957);
#2844=VERTEX_POINT('',#8958);
#2845=VERTEX_POINT('',#8960);
#2846=VERTEX_POINT('',#8962);
#2847=VERTEX_POINT('',#8964);
#2848=VERTEX_POINT('',#8966);
#2849=VERTEX_POINT('',#8969);
#2850=VERTEX_POINT('',#8970);
#2851=VERTEX_POINT('',#8972);
#2852=VERTEX_POINT('',#8974);
#2853=VERTEX_POINT('',#8976);
#2854=VERTEX_POINT('',#8978);
#2855=VERTEX_POINT('',#8980);
#2856=VERTEX_POINT('',#8982);
#2857=VERTEX_POINT('',#8984);
#2858=VERTEX_POINT('',#8986);
#2859=VERTEX_POINT('',#8988);
#2860=VERTEX_POINT('',#8990);
#2861=VERTEX_POINT('',#8992);
#2862=VERTEX_POINT('',#8994);
#2863=VERTEX_POINT('',#8996);
#2864=VERTEX_POINT('',#9000);
#2865=VERTEX_POINT('',#9004);
#2866=VERTEX_POINT('',#9008);
#2867=VERTEX_POINT('',#9012);
#2868=VERTEX_POINT('',#9045);
#2869=VERTEX_POINT('',#9046);
#2870=VERTEX_POINT('',#9048);
#2871=VERTEX_POINT('',#9055);
#2872=VERTEX_POINT('',#9059);
#2873=VERTEX_POINT('',#9063);
#2874=VERTEX_POINT('',#9065);
#2875=VERTEX_POINT('',#9069);
#2876=VERTEX_POINT('',#9105);
#2877=VERTEX_POINT('',#9107);
#2878=VERTEX_POINT('',#9113);
#2879=VERTEX_POINT('',#9117);
#2880=VERTEX_POINT('',#9123);
#2881=VERTEX_POINT('',#9127);
#2882=VERTEX_POINT('',#9131);
#2883=VERTEX_POINT('',#9139);
#2884=VERTEX_POINT('',#9150);
#2885=VERTEX_POINT('',#9152);
#2886=VERTEX_POINT('',#9154);
#2887=VERTEX_POINT('',#9155);
#2888=VERTEX_POINT('',#9157);
#2889=VERTEX_POINT('',#9159);
#2890=VERTEX_POINT('',#9161);
#2891=VERTEX_POINT('',#9163);
#2892=VERTEX_POINT('',#9166);
#2893=VERTEX_POINT('',#9167);
#2894=VERTEX_POINT('',#9169);
#2895=VERTEX_POINT('',#9171);
#2896=VERTEX_POINT('',#9173);
#2897=VERTEX_POINT('',#9175);
#2898=VERTEX_POINT('',#9177);
#2899=VERTEX_POINT('',#9179);
#2900=VERTEX_POINT('',#9181);
#2901=VERTEX_POINT('',#9183);
#2902=VERTEX_POINT('',#9185);
#2903=VERTEX_POINT('',#9187);
#2904=VERTEX_POINT('',#9189);
#2905=VERTEX_POINT('',#9191);
#2906=VERTEX_POINT('',#9194);
#2907=VERTEX_POINT('',#9196);
#2908=VERTEX_POINT('',#9205);
#2909=VERTEX_POINT('',#9207);
#2910=VERTEX_POINT('',#9213);
#2911=VERTEX_POINT('',#9215);
#2912=VERTEX_POINT('',#9221);
#2913=VERTEX_POINT('',#9223);
#2914=VERTEX_POINT('',#9229);
#2915=VERTEX_POINT('',#9231);
#2916=VERTEX_POINT('',#9237);
#2917=VERTEX_POINT('',#9239);
#2918=VERTEX_POINT('',#9243);
#2919=VERTEX_POINT('',#9247);
#2920=VERTEX_POINT('',#9251);
#2921=VERTEX_POINT('',#9255);
#2922=VERTEX_POINT('',#9292);
#2923=VERTEX_POINT('',#9294);
#2924=VERTEX_POINT('',#9298);
#2925=VERTEX_POINT('',#9302);
#2926=VERTEX_POINT('',#9306);
#2927=VERTEX_POINT('',#9310);
#2928=VERTEX_POINT('',#9314);
#2929=VERTEX_POINT('',#9318);
#2930=VERTEX_POINT('',#9322);
#2931=VERTEX_POINT('',#9326);
#2932=VERTEX_POINT('',#9330);
#2933=VERTEX_POINT('',#9334);
#2934=VERTEX_POINT('',#9338);
#2935=VERTEX_POINT('',#9342);
#2936=VERTEX_POINT('',#9346);
#2937=VERTEX_POINT('',#9425);
#2938=VERTEX_POINT('',#9426);
#2939=VERTEX_POINT('',#9428);
#2940=VERTEX_POINT('',#9430);
#2941=VERTEX_POINT('',#9434);
#2942=VERTEX_POINT('',#9436);
#2943=VERTEX_POINT('',#9438);
#2944=VERTEX_POINT('',#9440);
#2945=VERTEX_POINT('',#9442);
#2946=VERTEX_POINT('',#9444);
#2947=VERTEX_POINT('',#9448);
#2948=VERTEX_POINT('',#9450);
#2949=VERTEX_POINT('',#9452);
#2950=VERTEX_POINT('',#9454);
#2951=VERTEX_POINT('',#9456);
#2952=VERTEX_POINT('',#9459);
#2953=VERTEX_POINT('',#9461);
#2954=VERTEX_POINT('',#9463);
#2955=VERTEX_POINT('',#9465);
#2956=VERTEX_POINT('',#9467);
#2957=VERTEX_POINT('',#9469);
#2958=VERTEX_POINT('',#9472);
#2959=VERTEX_POINT('',#9474);
#2960=VERTEX_POINT('',#9476);
#2961=VERTEX_POINT('',#9478);
#2962=VERTEX_POINT('',#9479);
#2963=VERTEX_POINT('',#9481);
#2964=VERTEX_POINT('',#9485);
#2965=VERTEX_POINT('',#9489);
#2966=VERTEX_POINT('',#9493);
#2967=VERTEX_POINT('',#9495);
#2968=VERTEX_POINT('',#9499);
#2969=VERTEX_POINT('',#9503);
#2970=VERTEX_POINT('',#9505);
#2971=VERTEX_POINT('',#9511);
#2972=VERTEX_POINT('',#9512);
#2973=VERTEX_POINT('',#9514);
#2974=VERTEX_POINT('',#9521);
#2975=VERTEX_POINT('',#9525);
#2976=VERTEX_POINT('',#9543);
#2977=VERTEX_POINT('',#9545);
#2978=VERTEX_POINT('',#9547);
#2979=VERTEX_POINT('',#9549);
#2980=VERTEX_POINT('',#9552);
#2981=VERTEX_POINT('',#9553);
#2982=VERTEX_POINT('',#9582);
#2983=VERTEX_POINT('',#9586);
#2984=VERTEX_POINT('',#9590);
#2985=VERTEX_POINT('',#9607);
#2986=VERTEX_POINT('',#9608);
#2987=VERTEX_POINT('',#9610);
#2988=VERTEX_POINT('',#9612);
#2989=VERTEX_POINT('',#9616);
#2990=VERTEX_POINT('',#9617);
#2991=VERTEX_POINT('',#9622);
#2992=VERTEX_POINT('',#9624);
#2993=VERTEX_POINT('',#9628);
#2994=VERTEX_POINT('',#9630);
#2995=VERTEX_POINT('',#9632);
#2996=VERTEX_POINT('',#9634);
#2997=VERTEX_POINT('',#9636);
#2998=VERTEX_POINT('',#9638);
#2999=VERTEX_POINT('',#9640);
#3000=VERTEX_POINT('',#9642);
#3001=VERTEX_POINT('',#9644);
#3002=VERTEX_POINT('',#9646);
#3003=VERTEX_POINT('',#9648);
#3004=VERTEX_POINT('',#9650);
#3005=VERTEX_POINT('',#9652);
#3006=VERTEX_POINT('',#9654);
#3007=VERTEX_POINT('',#9656);
#3008=VERTEX_POINT('',#9658);
#3009=VERTEX_POINT('',#9660);
#3010=VERTEX_POINT('',#9662);
#3011=VERTEX_POINT('',#9664);
#3012=VERTEX_POINT('',#9666);
#3013=VERTEX_POINT('',#9668);
#3014=VERTEX_POINT('',#9670);
#3015=VERTEX_POINT('',#9673);
#3016=VERTEX_POINT('',#9674);
#3017=VERTEX_POINT('',#9676);
#3018=VERTEX_POINT('',#9678);
#3019=VERTEX_POINT('',#9681);
#3020=VERTEX_POINT('',#9682);
#3021=VERTEX_POINT('',#9684);
#3022=VERTEX_POINT('',#9686);
#3023=VERTEX_POINT('',#9689);
#3024=VERTEX_POINT('',#9690);
#3025=VERTEX_POINT('',#9692);
#3026=VERTEX_POINT('',#9694);
#3027=VERTEX_POINT('',#9697);
#3028=VERTEX_POINT('',#9698);
#3029=VERTEX_POINT('',#9700);
#3030=VERTEX_POINT('',#9702);
#3031=VERTEX_POINT('',#9706);
#3032=VERTEX_POINT('',#9708);
#3033=VERTEX_POINT('',#9710);
#3034=VERTEX_POINT('',#9712);
#3035=VERTEX_POINT('',#9714);
#3036=VERTEX_POINT('',#9716);
#3037=VERTEX_POINT('',#9718);
#3038=VERTEX_POINT('',#9720);
#3039=VERTEX_POINT('',#9722);
#3040=VERTEX_POINT('',#9724);
#3041=VERTEX_POINT('',#9726);
#3042=VERTEX_POINT('',#9728);
#3043=VERTEX_POINT('',#9730);
#3044=VERTEX_POINT('',#9732);
#3045=VERTEX_POINT('',#9734);
#3046=VERTEX_POINT('',#9736);
#3047=VERTEX_POINT('',#9738);
#3048=VERTEX_POINT('',#9740);
#3049=VERTEX_POINT('',#9742);
#3050=VERTEX_POINT('',#9744);
#3051=VERTEX_POINT('',#9746);
#3052=VERTEX_POINT('',#9748);
#3053=VERTEX_POINT('',#9751);
#3054=VERTEX_POINT('',#9752);
#3055=VERTEX_POINT('',#9754);
#3056=VERTEX_POINT('',#9756);
#3057=VERTEX_POINT('',#9759);
#3058=VERTEX_POINT('',#9760);
#3059=VERTEX_POINT('',#9762);
#3060=VERTEX_POINT('',#9764);
#3061=VERTEX_POINT('',#9767);
#3062=VERTEX_POINT('',#9768);
#3063=VERTEX_POINT('',#9770);
#3064=VERTEX_POINT('',#9772);
#3065=VERTEX_POINT('',#9775);
#3066=VERTEX_POINT('',#9776);
#3067=VERTEX_POINT('',#9778);
#3068=VERTEX_POINT('',#9780);
#3069=VERTEX_POINT('',#9829);
#3070=VERTEX_POINT('',#9831);
#3071=VERTEX_POINT('',#9835);
#3072=VERTEX_POINT('',#9839);
#3073=VERTEX_POINT('',#9845);
#3074=VERTEX_POINT('',#9847);
#3075=VERTEX_POINT('',#9851);
#3076=VERTEX_POINT('',#9855);
#3077=VERTEX_POINT('',#9861);
#3078=VERTEX_POINT('',#9863);
#3079=VERTEX_POINT('',#9867);
#3080=VERTEX_POINT('',#9871);
#3081=VERTEX_POINT('',#9877);
#3082=VERTEX_POINT('',#9879);
#3083=VERTEX_POINT('',#9883);
#3084=VERTEX_POINT('',#9887);
#3085=VERTEX_POINT('',#9893);
#3086=VERTEX_POINT('',#9895);
#3087=VERTEX_POINT('',#9899);
#3088=VERTEX_POINT('',#9903);
#3089=VERTEX_POINT('',#9909);
#3090=VERTEX_POINT('',#9911);
#3091=VERTEX_POINT('',#9915);
#3092=VERTEX_POINT('',#9919);
#3093=VERTEX_POINT('',#9925);
#3094=VERTEX_POINT('',#9927);
#3095=VERTEX_POINT('',#9931);
#3096=VERTEX_POINT('',#9935);
#3097=VERTEX_POINT('',#9941);
#3098=VERTEX_POINT('',#9943);
#3099=VERTEX_POINT('',#9947);
#3100=VERTEX_POINT('',#9951);
#3101=VERTEX_POINT('',#9957);
#3102=VERTEX_POINT('',#9959);
#3103=VERTEX_POINT('',#9963);
#3104=VERTEX_POINT('',#9967);
#3105=VERTEX_POINT('',#9973);
#3106=VERTEX_POINT('',#9975);
#3107=VERTEX_POINT('',#9979);
#3108=VERTEX_POINT('',#9983);
#3109=VERTEX_POINT('',#9989);
#3110=VERTEX_POINT('',#9991);
#3111=VERTEX_POINT('',#9995);
#3112=VERTEX_POINT('',#9999);
#3113=VERTEX_POINT('',#10005);
#3114=VERTEX_POINT('',#10007);
#3115=VERTEX_POINT('',#10011);
#3116=VERTEX_POINT('',#10015);
#3117=VERTEX_POINT('',#10021);
#3118=VERTEX_POINT('',#10023);
#3119=VERTEX_POINT('',#10027);
#3120=VERTEX_POINT('',#10031);
#3121=VERTEX_POINT('',#10037);
#3122=VERTEX_POINT('',#10039);
#3123=VERTEX_POINT('',#10043);
#3124=VERTEX_POINT('',#10047);
#3125=VERTEX_POINT('',#10053);
#3126=VERTEX_POINT('',#10055);
#3127=VERTEX_POINT('',#10059);
#3128=VERTEX_POINT('',#10063);
#3129=VERTEX_POINT('',#10069);
#3130=VERTEX_POINT('',#10071);
#3131=VERTEX_POINT('',#10075);
#3132=VERTEX_POINT('',#10079);
#3133=VERTEX_POINT('',#10096);
#3134=VERTEX_POINT('',#10097);
#3135=VERTEX_POINT('',#10099);
#3136=VERTEX_POINT('',#10101);
#3137=VERTEX_POINT('',#10105);
#3138=VERTEX_POINT('',#10106);
#3139=VERTEX_POINT('',#10111);
#3140=VERTEX_POINT('',#10113);
#3141=VERTEX_POINT('',#10118);
#3142=VERTEX_POINT('',#10120);
#3143=VERTEX_POINT('',#10122);
#3144=VERTEX_POINT('',#10124);
#3145=VERTEX_POINT('',#10126);
#3146=VERTEX_POINT('',#10128);
#3147=VERTEX_POINT('',#10130);
#3148=VERTEX_POINT('',#10132);
#3149=VERTEX_POINT('',#10134);
#3150=VERTEX_POINT('',#10136);
#3151=VERTEX_POINT('',#10138);
#3152=VERTEX_POINT('',#10140);
#3153=VERTEX_POINT('',#10142);
#3154=VERTEX_POINT('',#10144);
#3155=VERTEX_POINT('',#10146);
#3156=VERTEX_POINT('',#10148);
#3157=VERTEX_POINT('',#10150);
#3158=VERTEX_POINT('',#10152);
#3159=VERTEX_POINT('',#10154);
#3160=VERTEX_POINT('',#10156);
#3161=VERTEX_POINT('',#10158);
#3162=VERTEX_POINT('',#10160);
#3163=VERTEX_POINT('',#10162);
#3164=VERTEX_POINT('',#10164);
#3165=VERTEX_POINT('',#10166);
#3166=VERTEX_POINT('',#10168);
#3167=VERTEX_POINT('',#10170);
#3168=VERTEX_POINT('',#10172);
#3169=VERTEX_POINT('',#10174);
#3170=VERTEX_POINT('',#10176);
#3171=VERTEX_POINT('',#10178);
#3172=VERTEX_POINT('',#10180);
#3173=VERTEX_POINT('',#10182);
#3174=VERTEX_POINT('',#10184);
#3175=VERTEX_POINT('',#10186);
#3176=VERTEX_POINT('',#10188);
#3177=VERTEX_POINT('',#10190);
#3178=VERTEX_POINT('',#10192);
#3179=VERTEX_POINT('',#10194);
#3180=VERTEX_POINT('',#10196);
#3181=VERTEX_POINT('',#10198);
#3182=VERTEX_POINT('',#10200);
#3183=VERTEX_POINT('',#10202);
#3184=VERTEX_POINT('',#10204);
#3185=VERTEX_POINT('',#10206);
#3186=VERTEX_POINT('',#10208);
#3187=VERTEX_POINT('',#10210);
#3188=VERTEX_POINT('',#10212);
#3189=VERTEX_POINT('',#10214);
#3190=VERTEX_POINT('',#10216);
#3191=VERTEX_POINT('',#10218);
#3192=VERTEX_POINT('',#10220);
#3193=VERTEX_POINT('',#10222);
#3194=VERTEX_POINT('',#10224);
#3195=VERTEX_POINT('',#10226);
#3196=VERTEX_POINT('',#10228);
#3197=VERTEX_POINT('',#10230);
#3198=VERTEX_POINT('',#10232);
#3199=VERTEX_POINT('',#10234);
#3200=VERTEX_POINT('',#10236);
#3201=VERTEX_POINT('',#10238);
#3202=VERTEX_POINT('',#10240);
#3203=VERTEX_POINT('',#10242);
#3204=VERTEX_POINT('',#10244);
#3205=VERTEX_POINT('',#10246);
#3206=VERTEX_POINT('',#10248);
#3207=VERTEX_POINT('',#10250);
#3208=VERTEX_POINT('',#10252);
#3209=VERTEX_POINT('',#10254);
#3210=VERTEX_POINT('',#10256);
#3211=VERTEX_POINT('',#10258);
#3212=VERTEX_POINT('',#10260);
#3213=VERTEX_POINT('',#10262);
#3214=VERTEX_POINT('',#10264);
#3215=VERTEX_POINT('',#10266);
#3216=VERTEX_POINT('',#10268);
#3217=VERTEX_POINT('',#10270);
#3218=VERTEX_POINT('',#10272);
#3219=VERTEX_POINT('',#10274);
#3220=VERTEX_POINT('',#10276);
#3221=VERTEX_POINT('',#10278);
#3222=VERTEX_POINT('',#10282);
#3223=VERTEX_POINT('',#10284);
#3224=VERTEX_POINT('',#10286);
#3225=VERTEX_POINT('',#10288);
#3226=VERTEX_POINT('',#10290);
#3227=VERTEX_POINT('',#10292);
#3228=VERTEX_POINT('',#10294);
#3229=VERTEX_POINT('',#10296);
#3230=VERTEX_POINT('',#10298);
#3231=VERTEX_POINT('',#10300);
#3232=VERTEX_POINT('',#10302);
#3233=VERTEX_POINT('',#10304);
#3234=VERTEX_POINT('',#10306);
#3235=VERTEX_POINT('',#10308);
#3236=VERTEX_POINT('',#10310);
#3237=VERTEX_POINT('',#10312);
#3238=VERTEX_POINT('',#10314);
#3239=VERTEX_POINT('',#10316);
#3240=VERTEX_POINT('',#10318);
#3241=VERTEX_POINT('',#10320);
#3242=VERTEX_POINT('',#10322);
#3243=VERTEX_POINT('',#10324);
#3244=VERTEX_POINT('',#10326);
#3245=VERTEX_POINT('',#10328);
#3246=VERTEX_POINT('',#10330);
#3247=VERTEX_POINT('',#10332);
#3248=VERTEX_POINT('',#10334);
#3249=VERTEX_POINT('',#10336);
#3250=VERTEX_POINT('',#10338);
#3251=VERTEX_POINT('',#10340);
#3252=VERTEX_POINT('',#10342);
#3253=VERTEX_POINT('',#10344);
#3254=VERTEX_POINT('',#10346);
#3255=VERTEX_POINT('',#10348);
#3256=VERTEX_POINT('',#10350);
#3257=VERTEX_POINT('',#10352);
#3258=VERTEX_POINT('',#10354);
#3259=VERTEX_POINT('',#10356);
#3260=VERTEX_POINT('',#10358);
#3261=VERTEX_POINT('',#10360);
#3262=VERTEX_POINT('',#10362);
#3263=VERTEX_POINT('',#10364);
#3264=VERTEX_POINT('',#10366);
#3265=VERTEX_POINT('',#10368);
#3266=VERTEX_POINT('',#10370);
#3267=VERTEX_POINT('',#10372);
#3268=VERTEX_POINT('',#10374);
#3269=VERTEX_POINT('',#10376);
#3270=VERTEX_POINT('',#10378);
#3271=VERTEX_POINT('',#10380);
#3272=VERTEX_POINT('',#10382);
#3273=VERTEX_POINT('',#10384);
#3274=VERTEX_POINT('',#10386);
#3275=VERTEX_POINT('',#10388);
#3276=VERTEX_POINT('',#10390);
#3277=VERTEX_POINT('',#10392);
#3278=VERTEX_POINT('',#10394);
#3279=VERTEX_POINT('',#10396);
#3280=VERTEX_POINT('',#10398);
#3281=VERTEX_POINT('',#10400);
#3282=VERTEX_POINT('',#10402);
#3283=VERTEX_POINT('',#10404);
#3284=VERTEX_POINT('',#10406);
#3285=VERTEX_POINT('',#10408);
#3286=VERTEX_POINT('',#10410);
#3287=VERTEX_POINT('',#10412);
#3288=VERTEX_POINT('',#10414);
#3289=VERTEX_POINT('',#10416);
#3290=VERTEX_POINT('',#10418);
#3291=VERTEX_POINT('',#10420);
#3292=VERTEX_POINT('',#10422);
#3293=VERTEX_POINT('',#10424);
#3294=VERTEX_POINT('',#10426);
#3295=VERTEX_POINT('',#10428);
#3296=VERTEX_POINT('',#10430);
#3297=VERTEX_POINT('',#10432);
#3298=VERTEX_POINT('',#10434);
#3299=VERTEX_POINT('',#10436);
#3300=VERTEX_POINT('',#10438);
#3301=VERTEX_POINT('',#10440);
#3302=VERTEX_POINT('',#10442);
#3303=VERTEX_POINT('',#10617);
#3304=VERTEX_POINT('',#10618);
#3305=VERTEX_POINT('',#10621);
#3306=VERTEX_POINT('',#10625);
#3307=VERTEX_POINT('',#10626);
#3308=VERTEX_POINT('',#10631);
#3309=VERTEX_POINT('',#10632);
#3310=VERTEX_POINT('',#10637);
#3311=VERTEX_POINT('',#10638);
#3312=VERTEX_POINT('',#10643);
#3313=VERTEX_POINT('',#10649);
#3314=VERTEX_POINT('',#10651);
#3315=VERTEX_POINT('',#10655);
#3316=VERTEX_POINT('',#10658);
#3317=VERTEX_POINT('',#10661);
#3318=VERTEX_POINT('',#10665);
#3319=VERTEX_POINT('',#10669);
#3320=VERTEX_POINT('',#10673);
#3321=EDGE_CURVE('',#2819,#2820,#2509,.T.);
#3322=EDGE_CURVE('',#2820,#2821,#1547,.T.);
#3323=EDGE_CURVE('',#2821,#2822,#2510,.T.);
#3324=EDGE_CURVE('',#2822,#2819,#1548,.T.);
#3325=EDGE_CURVE('',#2821,#2823,#2511,.T.);
#3326=EDGE_CURVE('',#2823,#2822,#2512,.T.);
#3327=EDGE_CURVE('',#2824,#2820,#1549,.T.);
#3328=EDGE_CURVE('',#2825,#2824,#1550,.T.);
#3329=EDGE_CURVE('',#2821,#2825,#1551,.T.);
#3330=EDGE_CURVE('',#2819,#2826,#1552,.T.);
#3331=EDGE_CURVE('',#2827,#2826,#2513,.T.);
#3332=EDGE_CURVE('',#2827,#2828,#1553,.T.);
#3333=EDGE_CURVE('',#2829,#2828,#2514,.T.);
#3334=EDGE_CURVE('',#2829,#2830,#1554,.T.);
#3335=EDGE_CURVE('',#2831,#2830,#2515,.T.);
#3336=EDGE_CURVE('',#2831,#2832,#1555,.T.);
#3337=EDGE_CURVE('',#2833,#2832,#2516,.T.);
#3338=EDGE_CURVE('',#2833,#2834,#1556,.T.);
#3339=EDGE_CURVE('',#2835,#2834,#2517,.T.);
#3340=EDGE_CURVE('',#2835,#2836,#1557,.T.);
#3341=EDGE_CURVE('',#2837,#2836,#2518,.T.);
#3342=EDGE_CURVE('',#2837,#2838,#1558,.T.);
#3343=EDGE_CURVE('',#2824,#2838,#2519,.T.);
#3344=EDGE_CURVE('',#2839,#2839,#2520,.T.);
#3345=EDGE_CURVE('',#2840,#2840,#2521,.T.);
#3346=EDGE_CURVE('',#2841,#2841,#2522,.T.);
#3347=EDGE_CURVE('',#2842,#2842,#2523,.T.);
#3348=EDGE_CURVE('',#2843,#2844,#1559,.T.);
#3349=EDGE_CURVE('',#2845,#2844,#2524,.T.);
#3350=EDGE_CURVE('',#2845,#2846,#1560,.T.);
#3351=EDGE_CURVE('',#2847,#2846,#2525,.T.);
#3352=EDGE_CURVE('',#2847,#2848,#1561,.T.);
#3353=EDGE_CURVE('',#2843,#2848,#2526,.T.);
#3354=EDGE_CURVE('',#2849,#2850,#1562,.T.);
#3355=EDGE_CURVE('',#2851,#2850,#2527,.T.);
#3356=EDGE_CURVE('',#2851,#2852,#1563,.T.);
#3357=EDGE_CURVE('',#2853,#2852,#2528,.T.);
#3358=EDGE_CURVE('',#2853,#2854,#1564,.T.);
#3359=EDGE_CURVE('',#2855,#2854,#2529,.T.);
#3360=EDGE_CURVE('',#2855,#2856,#1565,.T.);
#3361=EDGE_CURVE('',#2857,#2856,#2530,.T.);
#3362=EDGE_CURVE('',#2858,#2857,#1566,.T.);
#3363=EDGE_CURVE('',#2859,#2858,#2531,.T.);
#3364=EDGE_CURVE('',#2859,#2860,#1567,.T.);
#3365=EDGE_CURVE('',#2861,#2860,#2532,.T.);
#3366=EDGE_CURVE('',#2861,#2862,#1568,.T.);
#3367=EDGE_CURVE('',#2863,#2862,#2533,.T.);
#3368=EDGE_CURVE('',#2863,#2849,#1569,.T.);
#3369=EDGE_CURVE('',#2864,#2822,#1570,.T.);
#3370=EDGE_CURVE('',#2826,#2864,#1571,.T.);
#3371=EDGE_CURVE('',#2864,#2865,#2534,.T.);
#3372=EDGE_CURVE('',#2865,#2827,#1572,.T.);
#3373=EDGE_CURVE('',#2864,#2866,#2535,.T.);
#3374=EDGE_CURVE('',#2866,#2865,#2536,.T.);
#3375=EDGE_CURVE('',#2867,#2865,#1573,.T.);
#3376=EDGE_CURVE('',#2828,#2867,#1574,.T.);
#3377=EDGE_CURVE('',#2868,#2869,#2537,.T.);
#3378=EDGE_CURVE('',#2869,#2870,#360,.T.);
#3379=EDGE_CURVE('',#2870,#2868,#361,.T.);
#3380=EDGE_CURVE('',#2868,#2835,#1575,.T.);
#3381=EDGE_CURVE('',#2834,#2869,#1576,.T.);
#3382=EDGE_CURVE('',#2871,#2868,#1577,.T.);
#3383=EDGE_CURVE('',#2836,#2871,#1578,.T.);
#3384=EDGE_CURVE('',#2870,#2872,#1579,.T.);
#3385=EDGE_CURVE('',#2872,#2871,#2538,.T.);
#3386=EDGE_CURVE('',#2869,#2873,#1580,.T.);
#3387=EDGE_CURVE('',#2874,#2873,#362,.T.);
#3388=EDGE_CURVE('',#2874,#2870,#1581,.T.);
#3389=EDGE_CURVE('',#2875,#2873,#2539,.T.);
#3390=EDGE_CURVE('',#2873,#2833,#1582,.T.);
#3391=EDGE_CURVE('',#2832,#2875,#1583,.T.);
#3392=EDGE_CURVE('',#2875,#2874,#363,.T.);
#3393=EDGE_CURVE('',#2875,#2876,#1584,.T.);
#3394=EDGE_CURVE('',#2876,#2877,#2540,.T.);
#3395=EDGE_CURVE('',#2877,#2874,#1585,.T.);
#3396=EDGE_CURVE('',#2876,#2831,#1586,.T.);
#3397=EDGE_CURVE('',#2867,#2878,#2541,.T.);
#3398=EDGE_CURVE('',#2878,#2829,#1587,.T.);
#3399=EDGE_CURVE('',#2867,#2879,#2542,.T.);
#3400=EDGE_CURVE('',#2879,#2878,#2543,.T.);
#3401=EDGE_CURVE('',#2866,#2879,#1588,.T.);
#3402=EDGE_CURVE('',#2838,#2880,#1589,.T.);
#3403=EDGE_CURVE('',#2880,#2825,#2544,.T.);
#3404=EDGE_CURVE('',#2880,#2881,#2545,.T.);
#3405=EDGE_CURVE('',#2881,#2825,#2546,.T.);
#3406=EDGE_CURVE('',#2882,#2837,#1590,.T.);
#3407=EDGE_CURVE('',#2880,#2882,#1591,.T.);
#3408=EDGE_CURVE('',#2871,#2882,#2547,.T.);
#3409=EDGE_CURVE('',#2872,#2882,#2548,.T.);
#3410=EDGE_CURVE('',#2830,#2883,#1592,.T.);
#3411=EDGE_CURVE('',#2883,#2876,#2549,.T.);
#3412=EDGE_CURVE('',#2883,#2877,#2550,.T.);
#3413=EDGE_CURVE('',#2872,#2881,#1593,.T.);
#3414=EDGE_CURVE('',#2879,#2877,#1594,.T.);
#3415=EDGE_CURVE('',#2823,#2866,#1595,.T.);
#3416=EDGE_CURVE('',#2881,#2823,#1596,.T.);
#3417=EDGE_CURVE('',#2884,#2884,#2551,.T.);
#3418=EDGE_CURVE('',#2885,#2885,#2552,.T.);
#3419=EDGE_CURVE('',#2886,#2887,#1597,.T.);
#3420=EDGE_CURVE('',#2888,#2886,#2553,.T.);
#3421=EDGE_CURVE('',#2889,#2888,#1598,.T.);
#3422=EDGE_CURVE('',#2890,#2889,#2554,.T.);
#3423=EDGE_CURVE('',#2891,#2890,#1599,.T.);
#3424=EDGE_CURVE('',#2887,#2891,#2555,.T.);
#3425=EDGE_CURVE('',#2892,#2893,#1600,.T.);
#3426=EDGE_CURVE('',#2894,#2892,#2556,.T.);
#3427=EDGE_CURVE('',#2895,#2894,#1601,.T.);
#3428=EDGE_CURVE('',#2896,#2895,#2557,.T.);
#3429=EDGE_CURVE('',#2897,#2896,#1602,.T.);
#3430=EDGE_CURVE('',#2898,#2897,#1603,.T.);
#3431=EDGE_CURVE('',#2899,#2898,#2558,.T.);
#3432=EDGE_CURVE('',#2900,#2899,#1604,.T.);
#3433=EDGE_CURVE('',#2901,#2900,#2559,.T.);
#3434=EDGE_CURVE('',#2902,#2901,#1605,.T.);
#3435=EDGE_CURVE('',#2903,#2902,#2560,.T.);
#3436=EDGE_CURVE('',#2904,#2903,#1606,.T.);
#3437=EDGE_CURVE('',#2905,#2904,#2561,.T.);
#3438=EDGE_CURVE('',#2893,#2905,#1607,.T.);
#3439=EDGE_CURVE('',#2906,#2906,#2562,.T.);
#3440=EDGE_CURVE('',#2907,#2907,#2563,.T.);
#3441=EDGE_CURVE('',#2883,#2878,#1608,.T.);
#3442=EDGE_CURVE('',#2884,#2908,#2564,.T.);
#3443=EDGE_CURVE('',#2908,#2909,#2565,.T.);
#3444=EDGE_CURVE('',#2909,#2908,#2566,.T.);
#3445=EDGE_CURVE('',#2842,#2909,#1609,.T.);
#3446=EDGE_CURVE('',#2907,#2910,#2567,.T.);
#3447=EDGE_CURVE('',#2910,#2911,#2568,.T.);
#3448=EDGE_CURVE('',#2911,#2910,#2569,.T.);
#3449=EDGE_CURVE('',#2911,#2841,#1610,.T.);
#3450=EDGE_CURVE('',#2885,#2912,#2570,.T.);
#3451=EDGE_CURVE('',#2912,#2913,#2571,.T.);
#3452=EDGE_CURVE('',#2913,#2912,#2572,.T.);
#3453=EDGE_CURVE('',#2913,#2840,#1611,.T.);
#3454=EDGE_CURVE('',#2906,#2914,#2573,.T.);
#3455=EDGE_CURVE('',#2914,#2915,#2574,.T.);
#3456=EDGE_CURVE('',#2915,#2914,#2575,.T.);
#3457=EDGE_CURVE('',#2915,#2839,#1612,.T.);
#3458=EDGE_CURVE('',#2887,#2916,#2576,.T.);
#3459=EDGE_CURVE('',#2916,#2917,#1613,.T.);
#3460=EDGE_CURVE('',#2917,#2886,#2577,.T.);
#3461=EDGE_CURVE('',#2918,#2888,#2578,.T.);
#3462=EDGE_CURVE('',#2917,#2918,#2579,.T.);
#3463=EDGE_CURVE('',#2919,#2889,#2580,.T.);
#3464=EDGE_CURVE('',#2918,#2919,#1614,.T.);
#3465=EDGE_CURVE('',#2920,#2890,#2581,.T.);
#3466=EDGE_CURVE('',#2919,#2920,#2582,.T.);
#3467=EDGE_CURVE('',#2921,#2891,#2583,.T.);
#3468=EDGE_CURVE('',#2920,#2921,#1615,.T.);
#3469=EDGE_CURVE('',#2921,#2916,#2584,.T.);
#3470=EDGE_CURVE('',#2846,#2918,#1616,.T.);
#3471=EDGE_CURVE('',#2919,#2845,#1617,.T.);
#3472=EDGE_CURVE('',#2917,#2847,#1618,.T.);
#3473=EDGE_CURVE('',#2848,#2916,#1619,.T.);
#3474=EDGE_CURVE('',#2922,#2897,#364,.T.);
#3475=EDGE_CURVE('',#2897,#2923,#365,.T.);
#3476=EDGE_CURVE('',#2923,#2922,#2585,.T.);
#3477=EDGE_CURVE('',#2896,#2924,#2586,.T.);
#3478=EDGE_CURVE('',#2924,#2923,#1620,.T.);
#3479=EDGE_CURVE('',#2895,#2925,#2587,.T.);
#3480=EDGE_CURVE('',#2925,#2924,#2588,.T.);
#3481=EDGE_CURVE('',#2894,#2926,#2589,.T.);
#3482=EDGE_CURVE('',#2926,#2925,#1621,.T.);
#3483=EDGE_CURVE('',#2892,#2927,#2590,.T.);
#3484=EDGE_CURVE('',#2927,#2926,#2591,.T.);
#3485=EDGE_CURVE('',#2928,#2927,#1622,.T.);
#3486=EDGE_CURVE('',#2893,#2928,#366,.T.);
#3487=EDGE_CURVE('',#2905,#2929,#2592,.T.);
#3488=EDGE_CURVE('',#2929,#2928,#1623,.T.);
#3489=EDGE_CURVE('',#2904,#2930,#2593,.T.);
#3490=EDGE_CURVE('',#2930,#2929,#2594,.T.);
#3491=EDGE_CURVE('',#2903,#2931,#2595,.T.);
#3492=EDGE_CURVE('',#2931,#2930,#1624,.T.);
#3493=EDGE_CURVE('',#2902,#2932,#2596,.T.);
#3494=EDGE_CURVE('',#2932,#2931,#2597,.T.);
#3495=EDGE_CURVE('',#2901,#2933,#2598,.T.);
#3496=EDGE_CURVE('',#2933,#2932,#1625,.T.);
#3497=EDGE_CURVE('',#2900,#2934,#2599,.T.);
#3498=EDGE_CURVE('',#2934,#2933,#2600,.T.);
#3499=EDGE_CURVE('',#2899,#2935,#2601,.T.);
#3500=EDGE_CURVE('',#2935,#2934,#1626,.T.);
#3501=EDGE_CURVE('',#2898,#2936,#2602,.T.);
#3502=EDGE_CURVE('',#2936,#2935,#2603,.T.);
#3503=EDGE_CURVE('',#2922,#2936,#1627,.T.);
#3504=EDGE_CURVE('',#2858,#2922,#1628,.T.);
#3505=EDGE_CURVE('',#2936,#2857,#1629,.T.);
#3506=EDGE_CURVE('',#2923,#2859,#1630,.T.);
#3507=EDGE_CURVE('',#2860,#2924,#1631,.T.);
#3508=EDGE_CURVE('',#2925,#2861,#1632,.T.);
#3509=EDGE_CURVE('',#2862,#2926,#1633,.T.);
#3510=EDGE_CURVE('',#2927,#2863,#1634,.T.);
#3511=EDGE_CURVE('',#2849,#2928,#1635,.T.);
#3512=EDGE_CURVE('',#2844,#2920,#1636,.T.);
#3513=EDGE_CURVE('',#2921,#2843,#1637,.T.);
#3514=EDGE_CURVE('',#2932,#2853,#1638,.T.);
#3515=EDGE_CURVE('',#2852,#2931,#1639,.T.);
#3516=EDGE_CURVE('',#2930,#2851,#1640,.T.);
#3517=EDGE_CURVE('',#2934,#2855,#1641,.T.);
#3518=EDGE_CURVE('',#2854,#2933,#1642,.T.);
#3519=EDGE_CURVE('',#2856,#2935,#1643,.T.);
#3520=EDGE_CURVE('',#2850,#2929,#1644,.T.);
#3521=EDGE_CURVE('',#2937,#2938,#2604,.T.);
#3522=EDGE_CURVE('',#2938,#2939,#1645,.T.);
#3523=EDGE_CURVE('',#2939,#2940,#2605,.F.);
#3524=EDGE_CURVE('',#2940,#2937,#1646,.T.);
#3525=EDGE_CURVE('',#2941,#2939,#1647,.T.);
#3526=EDGE_CURVE('',#2942,#2938,#1648,.T.);
#3527=EDGE_CURVE('',#2943,#2942,#1649,.T.);
#3528=EDGE_CURVE('',#2944,#2943,#1650,.T.);
#3529=EDGE_CURVE('',#2945,#2944,#1651,.T.);
#3530=EDGE_CURVE('',#2946,#2945,#1652,.T.);
#3531=EDGE_CURVE('',#2941,#2946,#1653,.T.);
#3532=EDGE_CURVE('',#2937,#2947,#1654,.T.);
#3533=EDGE_CURVE('',#2947,#2948,#1655,.T.);
#3534=EDGE_CURVE('',#2948,#2949,#1656,.T.);
#3535=EDGE_CURVE('',#2949,#2950,#1657,.T.);
#3536=EDGE_CURVE('',#2950,#2951,#1658,.T.);
#3537=EDGE_CURVE('',#2946,#2951,#2606,.T.);
#3538=EDGE_CURVE('',#2952,#2945,#2607,.T.);
#3539=EDGE_CURVE('',#2952,#2953,#1659,.T.);
#3540=EDGE_CURVE('',#2954,#2953,#2608,.T.);
#3541=EDGE_CURVE('',#2954,#2955,#1660,.T.);
#3542=EDGE_CURVE('',#2956,#2955,#2609,.T.);
#3543=EDGE_CURVE('',#2956,#2957,#1661,.T.);
#3544=EDGE_CURVE('',#2942,#2957,#2610,.T.);
#3545=EDGE_CURVE('',#2958,#2958,#2611,.T.);
#3546=EDGE_CURVE('',#2959,#2959,#2612,.T.);
#3547=EDGE_CURVE('',#2960,#2960,#2613,.T.);
#3548=EDGE_CURVE('',#2961,#2962,#2614,.T.);
#3549=EDGE_CURVE('',#2962,#2963,#2615,.T.);
#3550=EDGE_CURVE('',#2963,#2961,#2616,.T.);
#3551=EDGE_CURVE('',#2951,#2964,#1662,.T.);
#3552=EDGE_CURVE('',#2964,#2941,#2617,.F.);
#3553=EDGE_CURVE('',#2950,#2965,#1663,.T.);
#3554=EDGE_CURVE('',#2965,#2964,#1664,.T.);
#3555=EDGE_CURVE('',#2953,#2966,#1665,.T.);
#3556=EDGE_CURVE('',#2966,#2967,#2618,.T.);
#3557=EDGE_CURVE('',#2967,#2954,#1666,.T.);
#3558=EDGE_CURVE('',#2966,#2968,#2619,.T.);
#3559=EDGE_CURVE('',#2968,#2967,#2620,.T.);
#3560=EDGE_CURVE('',#2966,#2969,#1667,.T.);
#3561=EDGE_CURVE('',#2970,#2969,#2621,.T.);
#3562=EDGE_CURVE('',#2970,#2968,#1668,.T.);
#3563=EDGE_CURVE('',#2969,#2952,#1669,.T.);
#3564=EDGE_CURVE('',#2971,#2972,#2622,.T.);
#3565=EDGE_CURVE('',#2972,#2973,#2623,.T.);
#3566=EDGE_CURVE('',#2973,#2971,#2624,.T.);
#3567=EDGE_CURVE('',#2955,#2972,#1670,.T.);
#3568=EDGE_CURVE('',#2971,#2956,#1671,.T.);
#3569=EDGE_CURVE('',#2974,#2971,#1672,.T.);
#3570=EDGE_CURVE('',#2957,#2974,#1673,.T.);
#3571=EDGE_CURVE('',#2973,#2975,#1674,.T.);
#3572=EDGE_CURVE('',#2974,#2975,#2625,.T.);
#3573=EDGE_CURVE('',#2943,#2974,#2626,.T.);
#3574=EDGE_CURVE('',#2975,#2943,#2627,.T.);
#3575=EDGE_CURVE('',#2969,#2944,#2628,.T.);
#3576=EDGE_CURVE('',#2944,#2970,#2629,.T.);
#3577=EDGE_CURVE('',#2975,#2970,#1675,.T.);
#3578=EDGE_CURVE('',#2968,#2973,#1676,.T.);
#3579=EDGE_CURVE('',#2972,#2967,#1677,.T.);
#3580=EDGE_CURVE('',#2976,#2976,#2630,.T.);
#3581=EDGE_CURVE('',#2977,#2977,#2631,.T.);
#3582=EDGE_CURVE('',#2978,#2978,#2632,.T.);
#3583=EDGE_CURVE('',#2979,#2979,#2633,.T.);
#3584=EDGE_CURVE('',#2980,#2981,#11,.T.);
#3585=EDGE_CURVE('',#2981,#2980,#2634,.T.);
#3586=EDGE_CURVE('',#2962,#2980,#1678,.T.);
#3587=EDGE_CURVE('',#2981,#2961,#1679,.T.);
#3588=EDGE_CURVE('',#2963,#2977,#1680,.T.);
#3589=EDGE_CURVE('',#2940,#2982,#1681,.T.);
#3590=EDGE_CURVE('',#2947,#2982,#1682,.T.);
#3591=EDGE_CURVE('',#2949,#2983,#1683,.T.);
#3592=EDGE_CURVE('',#2983,#2965,#1684,.T.);
#3593=EDGE_CURVE('',#2948,#2984,#1685,.T.);
#3594=EDGE_CURVE('',#2984,#2983,#1686,.T.);
#3595=EDGE_CURVE('',#2982,#2984,#1687,.T.);
#3596=EDGE_CURVE('',#2960,#2976,#1688,.T.);
#3597=EDGE_CURVE('',#2959,#2978,#1689,.T.);
#3598=EDGE_CURVE('',#2958,#2979,#1690,.T.);
#3599=EDGE_CURVE('',#2985,#2986,#1691,.T.);
#3600=EDGE_CURVE('',#2985,#2987,#1692,.T.);
#3601=EDGE_CURVE('',#2987,#2988,#1693,.T.);
#3602=EDGE_CURVE('',#2986,#2988,#1694,.T.);
#3603=EDGE_CURVE('',#2989,#2990,#1695,.T.);
#3604=EDGE_CURVE('',#2989,#2985,#1696,.T.);
#3605=EDGE_CURVE('',#2990,#2986,#1697,.T.);
#3606=EDGE_CURVE('',#2987,#2991,#1698,.T.);
#3607=EDGE_CURVE('',#2991,#2992,#1699,.T.);
#3608=EDGE_CURVE('',#2988,#2992,#1700,.T.);
#3609=EDGE_CURVE('',#2993,#2989,#1701,.T.);
#3610=EDGE_CURVE('',#2994,#2993,#1702,.T.);
#3611=EDGE_CURVE('',#2995,#2994,#1703,.T.);
#3612=EDGE_CURVE('',#2996,#2995,#1704,.T.);
#3613=EDGE_CURVE('',#2997,#2996,#1705,.T.);
#3614=EDGE_CURVE('',#2998,#2997,#1706,.T.);
#3615=EDGE_CURVE('',#2999,#2998,#1707,.T.);
#3616=EDGE_CURVE('',#3000,#2999,#1708,.T.);
#3617=EDGE_CURVE('',#3001,#3000,#1709,.T.);
#3618=EDGE_CURVE('',#3002,#3001,#1710,.T.);
#3619=EDGE_CURVE('',#3003,#3002,#1711,.T.);
#3620=EDGE_CURVE('',#3004,#3003,#1712,.T.);
#3621=EDGE_CURVE('',#3005,#3004,#1713,.T.);
#3622=EDGE_CURVE('',#3006,#3005,#1714,.T.);
#3623=EDGE_CURVE('',#3007,#3006,#1715,.T.);
#3624=EDGE_CURVE('',#3008,#3007,#1716,.T.);
#3625=EDGE_CURVE('',#3009,#3008,#1717,.T.);
#3626=EDGE_CURVE('',#3010,#3009,#1718,.T.);
#3627=EDGE_CURVE('',#3011,#3010,#1719,.T.);
#3628=EDGE_CURVE('',#3012,#3011,#1720,.T.);
#3629=EDGE_CURVE('',#3013,#3012,#1721,.T.);
#3630=EDGE_CURVE('',#3014,#3013,#1722,.T.);
#3631=EDGE_CURVE('',#2991,#3014,#1723,.T.);
#3632=EDGE_CURVE('',#3015,#3016,#1724,.T.);
#3633=EDGE_CURVE('',#3017,#3016,#1725,.T.);
#3634=EDGE_CURVE('',#3018,#3017,#1726,.T.);
#3635=EDGE_CURVE('',#3018,#3015,#1727,.T.);
#3636=EDGE_CURVE('',#3019,#3020,#1728,.T.);
#3637=EDGE_CURVE('',#3020,#3021,#1729,.T.);
#3638=EDGE_CURVE('',#3022,#3021,#1730,.T.);
#3639=EDGE_CURVE('',#3019,#3022,#1731,.T.);
#3640=EDGE_CURVE('',#3023,#3024,#1732,.T.);
#3641=EDGE_CURVE('',#3024,#3025,#1733,.T.);
#3642=EDGE_CURVE('',#3026,#3025,#1734,.T.);
#3643=EDGE_CURVE('',#3023,#3026,#1735,.T.);
#3644=EDGE_CURVE('',#3027,#3028,#1736,.T.);
#3645=EDGE_CURVE('',#3029,#3028,#1737,.T.);
#3646=EDGE_CURVE('',#3030,#3029,#1738,.T.);
#3647=EDGE_CURVE('',#3030,#3027,#1739,.T.);
#3648=EDGE_CURVE('',#2992,#3031,#1740,.T.);
#3649=EDGE_CURVE('',#3031,#3032,#1741,.T.);
#3650=EDGE_CURVE('',#3032,#3033,#1742,.T.);
#3651=EDGE_CURVE('',#3033,#3034,#1743,.T.);
#3652=EDGE_CURVE('',#3034,#3035,#1744,.T.);
#3653=EDGE_CURVE('',#3035,#3036,#1745,.T.);
#3654=EDGE_CURVE('',#3036,#3037,#1746,.T.);
#3655=EDGE_CURVE('',#3037,#3038,#1747,.T.);
#3656=EDGE_CURVE('',#3038,#3039,#1748,.T.);
#3657=EDGE_CURVE('',#3039,#3040,#1749,.T.);
#3658=EDGE_CURVE('',#3040,#3041,#1750,.T.);
#3659=EDGE_CURVE('',#3041,#3042,#1751,.T.);
#3660=EDGE_CURVE('',#3042,#3043,#1752,.T.);
#3661=EDGE_CURVE('',#3043,#3044,#1753,.T.);
#3662=EDGE_CURVE('',#3044,#3045,#1754,.T.);
#3663=EDGE_CURVE('',#3045,#3046,#1755,.T.);
#3664=EDGE_CURVE('',#3046,#3047,#1756,.T.);
#3665=EDGE_CURVE('',#3047,#3048,#1757,.T.);
#3666=EDGE_CURVE('',#3048,#3049,#1758,.T.);
#3667=EDGE_CURVE('',#3049,#3050,#1759,.T.);
#3668=EDGE_CURVE('',#3050,#3051,#1760,.T.);
#3669=EDGE_CURVE('',#3051,#3052,#1761,.T.);
#3670=EDGE_CURVE('',#3052,#2990,#1762,.T.);
#3671=EDGE_CURVE('',#3053,#3054,#1763,.T.);
#3672=EDGE_CURVE('',#3055,#3053,#1764,.T.);
#3673=EDGE_CURVE('',#3055,#3056,#1765,.T.);
#3674=EDGE_CURVE('',#3056,#3054,#1766,.T.);
#3675=EDGE_CURVE('',#3057,#3058,#1767,.T.);
#3676=EDGE_CURVE('',#3057,#3059,#1768,.T.);
#3677=EDGE_CURVE('',#3059,#3060,#1769,.T.);
#3678=EDGE_CURVE('',#3058,#3060,#1770,.T.);
#3679=EDGE_CURVE('',#3061,#3062,#1771,.T.);
#3680=EDGE_CURVE('',#3061,#3063,#1772,.T.);
#3681=EDGE_CURVE('',#3063,#3064,#1773,.T.);
#3682=EDGE_CURVE('',#3062,#3064,#1774,.T.);
#3683=EDGE_CURVE('',#3065,#3066,#1775,.T.);
#3684=EDGE_CURVE('',#3067,#3065,#1776,.T.);
#3685=EDGE_CURVE('',#3067,#3068,#1777,.T.);
#3686=EDGE_CURVE('',#3068,#3066,#1778,.T.);
#3687=EDGE_CURVE('',#2993,#3052,#1779,.T.);
#3688=EDGE_CURVE('',#3014,#3031,#1780,.T.);
#3689=EDGE_CURVE('',#2994,#3051,#1781,.T.);
#3690=EDGE_CURVE('',#3013,#3032,#1782,.T.);
#3691=EDGE_CURVE('',#2995,#3050,#1783,.T.);
#3692=EDGE_CURVE('',#3012,#3033,#1784,.T.);
#3693=EDGE_CURVE('',#2996,#3049,#1785,.T.);
#3694=EDGE_CURVE('',#3011,#3034,#1786,.T.);
#3695=EDGE_CURVE('',#2997,#3048,#1787,.T.);
#3696=EDGE_CURVE('',#3010,#3035,#1788,.T.);
#3697=EDGE_CURVE('',#2998,#3047,#1789,.T.);
#3698=EDGE_CURVE('',#3009,#3036,#1790,.T.);
#3699=EDGE_CURVE('',#2999,#3046,#1791,.T.);
#3700=EDGE_CURVE('',#3008,#3037,#1792,.T.);
#3701=EDGE_CURVE('',#3000,#3045,#1793,.T.);
#3702=EDGE_CURVE('',#3007,#3038,#1794,.T.);
#3703=EDGE_CURVE('',#3001,#3044,#1795,.T.);
#3704=EDGE_CURVE('',#3006,#3039,#1796,.T.);
#3705=EDGE_CURVE('',#3002,#3043,#1797,.T.);
#3706=EDGE_CURVE('',#3005,#3040,#1798,.T.);
#3707=EDGE_CURVE('',#3003,#3042,#1799,.T.);
#3708=EDGE_CURVE('',#3004,#3041,#1800,.T.);
#3709=EDGE_CURVE('',#3069,#3015,#1801,.T.);
#3710=EDGE_CURVE('',#3070,#3069,#1802,.T.);
#3711=EDGE_CURVE('',#3070,#3016,#1803,.T.);
#3712=EDGE_CURVE('',#3071,#3017,#1804,.T.);
#3713=EDGE_CURVE('',#3071,#3070,#1805,.T.);
#3714=EDGE_CURVE('',#3072,#3018,#1806,.T.);
#3715=EDGE_CURVE('',#3071,#3072,#1807,.T.);
#3716=EDGE_CURVE('',#3072,#3069,#1808,.T.);
#3717=EDGE_CURVE('',#3073,#3019,#1809,.T.);
#3718=EDGE_CURVE('',#3073,#3074,#1810,.T.);
#3719=EDGE_CURVE('',#3074,#3020,#1811,.T.);
#3720=EDGE_CURVE('',#3075,#3074,#1812,.T.);
#3721=EDGE_CURVE('',#3075,#3021,#1813,.T.);
#3722=EDGE_CURVE('',#3076,#3022,#1814,.T.);
#3723=EDGE_CURVE('',#3076,#3075,#1815,.T.);
#3724=EDGE_CURVE('',#3076,#3073,#1816,.T.);
#3725=EDGE_CURVE('',#3077,#3023,#1817,.T.);
#3726=EDGE_CURVE('',#3077,#3078,#1818,.T.);
#3727=EDGE_CURVE('',#3078,#3024,#1819,.T.);
#3728=EDGE_CURVE('',#3079,#3078,#1820,.T.);
#3729=EDGE_CURVE('',#3079,#3025,#1821,.T.);
#3730=EDGE_CURVE('',#3080,#3026,#1822,.T.);
#3731=EDGE_CURVE('',#3080,#3079,#1823,.T.);
#3732=EDGE_CURVE('',#3080,#3077,#1824,.T.);
#3733=EDGE_CURVE('',#3081,#3027,#1825,.T.);
#3734=EDGE_CURVE('',#3082,#3081,#1826,.T.);
#3735=EDGE_CURVE('',#3082,#3028,#1827,.T.);
#3736=EDGE_CURVE('',#3083,#3029,#1828,.T.);
#3737=EDGE_CURVE('',#3083,#3082,#1829,.T.);
#3738=EDGE_CURVE('',#3084,#3030,#1830,.T.);
#3739=EDGE_CURVE('',#3083,#3084,#1831,.T.);
#3740=EDGE_CURVE('',#3084,#3081,#1832,.T.);
#3741=EDGE_CURVE('',#3053,#3085,#1833,.T.);
#3742=EDGE_CURVE('',#3054,#3086,#1834,.T.);
#3743=EDGE_CURVE('',#3086,#3085,#1835,.T.);
#3744=EDGE_CURVE('',#3056,#3087,#1836,.T.);
#3745=EDGE_CURVE('',#3087,#3086,#1837,.T.);
#3746=EDGE_CURVE('',#3055,#3088,#1838,.T.);
#3747=EDGE_CURVE('',#3087,#3088,#1839,.T.);
#3748=EDGE_CURVE('',#3088,#3085,#1840,.T.);
#3749=EDGE_CURVE('',#3057,#3089,#1841,.T.);
#3750=EDGE_CURVE('',#3058,#3090,#1842,.T.);
#3751=EDGE_CURVE('',#3089,#3090,#1843,.T.);
#3752=EDGE_CURVE('',#3060,#3091,#1844,.T.);
#3753=EDGE_CURVE('',#3091,#3090,#1845,.T.);
#3754=EDGE_CURVE('',#3059,#3092,#1846,.T.);
#3755=EDGE_CURVE('',#3092,#3091,#1847,.T.);
#3756=EDGE_CURVE('',#3092,#3089,#1848,.T.);
#3757=EDGE_CURVE('',#3061,#3093,#1849,.T.);
#3758=EDGE_CURVE('',#3062,#3094,#1850,.T.);
#3759=EDGE_CURVE('',#3093,#3094,#1851,.T.);
#3760=EDGE_CURVE('',#3064,#3095,#1852,.T.);
#3761=EDGE_CURVE('',#3095,#3094,#1853,.T.);
#3762=EDGE_CURVE('',#3063,#3096,#1854,.T.);
#3763=EDGE_CURVE('',#3096,#3095,#1855,.T.);
#3764=EDGE_CURVE('',#3096,#3093,#1856,.T.);
#3765=EDGE_CURVE('',#3065,#3097,#1857,.T.);
#3766=EDGE_CURVE('',#3066,#3098,#1858,.T.);
#3767=EDGE_CURVE('',#3098,#3097,#1859,.T.);
#3768=EDGE_CURVE('',#3068,#3099,#1860,.T.);
#3769=EDGE_CURVE('',#3099,#3098,#1861,.T.);
#3770=EDGE_CURVE('',#3067,#3100,#1862,.T.);
#3771=EDGE_CURVE('',#3099,#3100,#1863,.T.);
#3772=EDGE_CURVE('',#3100,#3097,#1864,.T.);
#3773=EDGE_CURVE('',#3070,#3101,#1865,.T.);
#3774=EDGE_CURVE('',#3069,#3102,#1866,.T.);
#3775=EDGE_CURVE('',#3101,#3102,#1867,.T.);
#3776=EDGE_CURVE('',#3071,#3103,#1868,.T.);
#3777=EDGE_CURVE('',#3103,#3101,#1869,.T.);
#3778=EDGE_CURVE('',#3103,#3104,#1870,.T.);
#3779=EDGE_CURVE('',#3072,#3104,#1871,.T.);
#3780=EDGE_CURVE('',#3104,#3102,#1872,.T.);
#3781=EDGE_CURVE('',#3073,#3105,#1873,.T.);
#3782=EDGE_CURVE('',#3105,#3106,#1874,.T.);
#3783=EDGE_CURVE('',#3074,#3106,#1875,.T.);
#3784=EDGE_CURVE('',#3075,#3107,#1876,.T.);
#3785=EDGE_CURVE('',#3107,#3106,#1877,.T.);
#3786=EDGE_CURVE('',#3076,#3108,#1878,.T.);
#3787=EDGE_CURVE('',#3108,#3107,#1879,.T.);
#3788=EDGE_CURVE('',#3108,#3105,#1880,.T.);
#3789=EDGE_CURVE('',#3077,#3109,#1881,.T.);
#3790=EDGE_CURVE('',#3109,#3110,#1882,.T.);
#3791=EDGE_CURVE('',#3078,#3110,#1883,.T.);
#3792=EDGE_CURVE('',#3079,#3111,#1884,.T.);
#3793=EDGE_CURVE('',#3111,#3110,#1885,.T.);
#3794=EDGE_CURVE('',#3080,#3112,#1886,.T.);
#3795=EDGE_CURVE('',#3112,#3111,#1887,.T.);
#3796=EDGE_CURVE('',#3112,#3109,#1888,.T.);
#3797=EDGE_CURVE('',#3082,#3113,#1889,.T.);
#3798=EDGE_CURVE('',#3081,#3114,#1890,.T.);
#3799=EDGE_CURVE('',#3113,#3114,#1891,.T.);
#3800=EDGE_CURVE('',#3083,#3115,#1892,.T.);
#3801=EDGE_CURVE('',#3115,#3113,#1893,.T.);
#3802=EDGE_CURVE('',#3115,#3116,#1894,.T.);
#3803=EDGE_CURVE('',#3084,#3116,#1895,.T.);
#3804=EDGE_CURVE('',#3116,#3114,#1896,.T.);
#3805=EDGE_CURVE('',#3086,#3117,#1897,.T.);
#3806=EDGE_CURVE('',#3117,#3118,#1898,.T.);
#3807=EDGE_CURVE('',#3085,#3118,#1899,.T.);
#3808=EDGE_CURVE('',#3087,#3119,#1900,.T.);
#3809=EDGE_CURVE('',#3119,#3117,#1901,.T.);
#3810=EDGE_CURVE('',#3088,#3120,#1902,.T.);
#3811=EDGE_CURVE('',#3119,#3120,#1903,.T.);
#3812=EDGE_CURVE('',#3120,#3118,#1904,.T.);
#3813=EDGE_CURVE('',#3089,#3121,#1905,.T.);
#3814=EDGE_CURVE('',#3090,#3122,#1906,.T.);
#3815=EDGE_CURVE('',#3121,#3122,#1907,.T.);
#3816=EDGE_CURVE('',#3091,#3123,#1908,.T.);
#3817=EDGE_CURVE('',#3123,#3122,#1909,.T.);
#3818=EDGE_CURVE('',#3092,#3124,#1910,.T.);
#3819=EDGE_CURVE('',#3124,#3123,#1911,.T.);
#3820=EDGE_CURVE('',#3124,#3121,#1912,.T.);
#3821=EDGE_CURVE('',#3093,#3125,#1913,.T.);
#3822=EDGE_CURVE('',#3094,#3126,#1914,.T.);
#3823=EDGE_CURVE('',#3125,#3126,#1915,.T.);
#3824=EDGE_CURVE('',#3095,#3127,#1916,.T.);
#3825=EDGE_CURVE('',#3127,#3126,#1917,.T.);
#3826=EDGE_CURVE('',#3096,#3128,#1918,.T.);
#3827=EDGE_CURVE('',#3128,#3127,#1919,.T.);
#3828=EDGE_CURVE('',#3128,#3125,#1920,.T.);
#3829=EDGE_CURVE('',#3098,#3129,#1921,.T.);
#3830=EDGE_CURVE('',#3129,#3130,#1922,.T.);
#3831=EDGE_CURVE('',#3097,#3130,#1923,.T.);
#3832=EDGE_CURVE('',#3099,#3131,#1924,.T.);
#3833=EDGE_CURVE('',#3131,#3129,#1925,.T.);
#3834=EDGE_CURVE('',#3100,#3132,#1926,.T.);
#3835=EDGE_CURVE('',#3131,#3132,#1927,.T.);
#3836=EDGE_CURVE('',#3132,#3130,#1928,.T.);
#3837=EDGE_CURVE('',#3133,#3134,#1929,.T.);
#3838=EDGE_CURVE('',#3134,#3135,#1930,.T.);
#3839=EDGE_CURVE('',#3136,#3135,#1931,.T.);
#3840=EDGE_CURVE('',#3133,#3136,#1932,.T.);
#3841=EDGE_CURVE('',#3137,#3138,#1933,.T.);
#3842=EDGE_CURVE('',#3138,#3134,#1934,.T.);
#3843=EDGE_CURVE('',#3137,#3133,#1935,.T.);
#3844=EDGE_CURVE('',#3135,#3139,#1936,.T.);
#3845=EDGE_CURVE('',#3140,#3139,#1937,.T.);
#3846=EDGE_CURVE('',#3136,#3140,#1938,.T.);
#3847=EDGE_CURVE('',#3140,#3137,#1939,.T.);
#3848=EDGE_CURVE('',#3141,#3141,#2635,.T.);
#3849=EDGE_CURVE('',#3142,#3142,#2636,.T.);
#3850=EDGE_CURVE('',#3143,#3143,#2637,.T.);
#3851=EDGE_CURVE('',#3144,#3144,#2638,.T.);
#3852=EDGE_CURVE('',#3145,#3145,#2639,.T.);
#3853=EDGE_CURVE('',#3146,#3146,#2640,.T.);
#3854=EDGE_CURVE('',#3147,#3147,#2641,.T.);
#3855=EDGE_CURVE('',#3148,#3148,#2642,.T.);
#3856=EDGE_CURVE('',#3149,#3149,#2643,.T.);
#3857=EDGE_CURVE('',#3150,#3150,#2644,.T.);
#3858=EDGE_CURVE('',#3151,#3151,#2645,.T.);
#3859=EDGE_CURVE('',#3152,#3152,#2646,.T.);
#3860=EDGE_CURVE('',#3153,#3153,#2647,.T.);
#3861=EDGE_CURVE('',#3154,#3154,#2648,.T.);
#3862=EDGE_CURVE('',#3155,#3155,#2649,.T.);
#3863=EDGE_CURVE('',#3156,#3156,#2650,.T.);
#3864=EDGE_CURVE('',#3157,#3157,#2651,.T.);
#3865=EDGE_CURVE('',#3158,#3158,#2652,.T.);
#3866=EDGE_CURVE('',#3159,#3159,#2653,.T.);
#3867=EDGE_CURVE('',#3160,#3160,#2654,.T.);
#3868=EDGE_CURVE('',#3161,#3161,#2655,.T.);
#3869=EDGE_CURVE('',#3162,#3162,#2656,.T.);
#3870=EDGE_CURVE('',#3163,#3163,#2657,.T.);
#3871=EDGE_CURVE('',#3164,#3164,#2658,.T.);
#3872=EDGE_CURVE('',#3165,#3165,#2659,.T.);
#3873=EDGE_CURVE('',#3166,#3166,#2660,.T.);
#3874=EDGE_CURVE('',#3167,#3167,#2661,.T.);
#3875=EDGE_CURVE('',#3168,#3168,#2662,.T.);
#3876=EDGE_CURVE('',#3169,#3169,#2663,.T.);
#3877=EDGE_CURVE('',#3170,#3170,#2664,.T.);
#3878=EDGE_CURVE('',#3171,#3171,#2665,.T.);
#3879=EDGE_CURVE('',#3172,#3172,#2666,.T.);
#3880=EDGE_CURVE('',#3173,#3173,#2667,.T.);
#3881=EDGE_CURVE('',#3174,#3174,#2668,.T.);
#3882=EDGE_CURVE('',#3175,#3175,#2669,.T.);
#3883=EDGE_CURVE('',#3176,#3176,#2670,.T.);
#3884=EDGE_CURVE('',#3177,#3177,#2671,.T.);
#3885=EDGE_CURVE('',#3178,#3178,#2672,.T.);
#3886=EDGE_CURVE('',#3179,#3179,#2673,.T.);
#3887=EDGE_CURVE('',#3180,#3180,#2674,.T.);
#3888=EDGE_CURVE('',#3181,#3181,#2675,.T.);
#3889=EDGE_CURVE('',#3182,#3182,#2676,.T.);
#3890=EDGE_CURVE('',#3183,#3183,#2677,.T.);
#3891=EDGE_CURVE('',#3184,#3184,#2678,.T.);
#3892=EDGE_CURVE('',#3185,#3185,#2679,.T.);
#3893=EDGE_CURVE('',#3186,#3186,#2680,.T.);
#3894=EDGE_CURVE('',#3187,#3187,#2681,.T.);
#3895=EDGE_CURVE('',#3188,#3188,#2682,.T.);
#3896=EDGE_CURVE('',#3189,#3189,#2683,.T.);
#3897=EDGE_CURVE('',#3190,#3190,#2684,.T.);
#3898=EDGE_CURVE('',#3191,#3191,#2685,.T.);
#3899=EDGE_CURVE('',#3192,#3192,#2686,.T.);
#3900=EDGE_CURVE('',#3193,#3193,#2687,.T.);
#3901=EDGE_CURVE('',#3194,#3194,#2688,.T.);
#3902=EDGE_CURVE('',#3195,#3195,#2689,.T.);
#3903=EDGE_CURVE('',#3196,#3196,#2690,.T.);
#3904=EDGE_CURVE('',#3197,#3197,#2691,.T.);
#3905=EDGE_CURVE('',#3198,#3198,#2692,.T.);
#3906=EDGE_CURVE('',#3199,#3199,#2693,.T.);
#3907=EDGE_CURVE('',#3200,#3200,#2694,.T.);
#3908=EDGE_CURVE('',#3201,#3201,#2695,.T.);
#3909=EDGE_CURVE('',#3202,#3202,#2696,.T.);
#3910=EDGE_CURVE('',#3203,#3203,#2697,.T.);
#3911=EDGE_CURVE('',#3204,#3204,#2698,.T.);
#3912=EDGE_CURVE('',#3205,#3205,#2699,.T.);
#3913=EDGE_CURVE('',#3206,#3206,#2700,.T.);
#3914=EDGE_CURVE('',#3207,#3207,#2701,.T.);
#3915=EDGE_CURVE('',#3208,#3208,#2702,.T.);
#3916=EDGE_CURVE('',#3209,#3209,#2703,.T.);
#3917=EDGE_CURVE('',#3210,#3210,#2704,.T.);
#3918=EDGE_CURVE('',#3211,#3211,#2705,.T.);
#3919=EDGE_CURVE('',#3212,#3212,#2706,.T.);
#3920=EDGE_CURVE('',#3213,#3213,#2707,.T.);
#3921=EDGE_CURVE('',#3214,#3214,#2708,.T.);
#3922=EDGE_CURVE('',#3215,#3215,#2709,.T.);
#3923=EDGE_CURVE('',#3216,#3216,#2710,.T.);
#3924=EDGE_CURVE('',#3217,#3217,#2711,.T.);
#3925=EDGE_CURVE('',#3218,#3218,#2712,.T.);
#3926=EDGE_CURVE('',#3219,#3219,#2713,.T.);
#3927=EDGE_CURVE('',#3220,#3220,#2714,.T.);
#3928=EDGE_CURVE('',#3221,#3221,#2715,.T.);
#3929=EDGE_CURVE('',#3139,#3138,#1940,.T.);
#3930=EDGE_CURVE('',#3222,#3222,#2716,.T.);
#3931=EDGE_CURVE('',#3223,#3223,#2717,.T.);
#3932=EDGE_CURVE('',#3224,#3224,#2718,.T.);
#3933=EDGE_CURVE('',#3225,#3225,#2719,.T.);
#3934=EDGE_CURVE('',#3226,#3226,#2720,.T.);
#3935=EDGE_CURVE('',#3227,#3227,#2721,.T.);
#3936=EDGE_CURVE('',#3228,#3228,#2722,.T.);
#3937=EDGE_CURVE('',#3229,#3229,#2723,.T.);
#3938=EDGE_CURVE('',#3230,#3230,#2724,.T.);
#3939=EDGE_CURVE('',#3231,#3231,#2725,.T.);
#3940=EDGE_CURVE('',#3232,#3232,#2726,.T.);
#3941=EDGE_CURVE('',#3233,#3233,#2727,.T.);
#3942=EDGE_CURVE('',#3234,#3234,#2728,.T.);
#3943=EDGE_CURVE('',#3235,#3235,#2729,.T.);
#3944=EDGE_CURVE('',#3236,#3236,#2730,.T.);
#3945=EDGE_CURVE('',#3237,#3237,#2731,.T.);
#3946=EDGE_CURVE('',#3238,#3238,#2732,.T.);
#3947=EDGE_CURVE('',#3239,#3239,#2733,.T.);
#3948=EDGE_CURVE('',#3240,#3240,#2734,.T.);
#3949=EDGE_CURVE('',#3241,#3241,#2735,.T.);
#3950=EDGE_CURVE('',#3242,#3242,#2736,.T.);
#3951=EDGE_CURVE('',#3243,#3243,#2737,.T.);
#3952=EDGE_CURVE('',#3244,#3244,#2738,.T.);
#3953=EDGE_CURVE('',#3245,#3245,#2739,.T.);
#3954=EDGE_CURVE('',#3246,#3246,#2740,.T.);
#3955=EDGE_CURVE('',#3247,#3247,#2741,.T.);
#3956=EDGE_CURVE('',#3248,#3248,#2742,.T.);
#3957=EDGE_CURVE('',#3249,#3249,#2743,.T.);
#3958=EDGE_CURVE('',#3250,#3250,#2744,.T.);
#3959=EDGE_CURVE('',#3251,#3251,#2745,.T.);
#3960=EDGE_CURVE('',#3252,#3252,#2746,.T.);
#3961=EDGE_CURVE('',#3253,#3253,#2747,.T.);
#3962=EDGE_CURVE('',#3254,#3254,#2748,.T.);
#3963=EDGE_CURVE('',#3255,#3255,#2749,.T.);
#3964=EDGE_CURVE('',#3256,#3256,#2750,.T.);
#3965=EDGE_CURVE('',#3257,#3257,#2751,.T.);
#3966=EDGE_CURVE('',#3258,#3258,#2752,.T.);
#3967=EDGE_CURVE('',#3259,#3259,#2753,.T.);
#3968=EDGE_CURVE('',#3260,#3260,#2754,.T.);
#3969=EDGE_CURVE('',#3261,#3261,#2755,.T.);
#3970=EDGE_CURVE('',#3262,#3262,#2756,.T.);
#3971=EDGE_CURVE('',#3263,#3263,#2757,.T.);
#3972=EDGE_CURVE('',#3264,#3264,#2758,.T.);
#3973=EDGE_CURVE('',#3265,#3265,#2759,.T.);
#3974=EDGE_CURVE('',#3266,#3266,#2760,.T.);
#3975=EDGE_CURVE('',#3267,#3267,#2761,.T.);
#3976=EDGE_CURVE('',#3268,#3268,#2762,.T.);
#3977=EDGE_CURVE('',#3269,#3269,#2763,.T.);
#3978=EDGE_CURVE('',#3270,#3270,#2764,.T.);
#3979=EDGE_CURVE('',#3271,#3271,#2765,.T.);
#3980=EDGE_CURVE('',#3272,#3272,#2766,.T.);
#3981=EDGE_CURVE('',#3273,#3273,#2767,.T.);
#3982=EDGE_CURVE('',#3274,#3274,#2768,.T.);
#3983=EDGE_CURVE('',#3275,#3275,#2769,.T.);
#3984=EDGE_CURVE('',#3276,#3276,#2770,.T.);
#3985=EDGE_CURVE('',#3277,#3277,#2771,.T.);
#3986=EDGE_CURVE('',#3278,#3278,#2772,.T.);
#3987=EDGE_CURVE('',#3279,#3279,#2773,.T.);
#3988=EDGE_CURVE('',#3280,#3280,#2774,.T.);
#3989=EDGE_CURVE('',#3281,#3281,#2775,.T.);
#3990=EDGE_CURVE('',#3282,#3282,#2776,.T.);
#3991=EDGE_CURVE('',#3283,#3283,#2777,.T.);
#3992=EDGE_CURVE('',#3284,#3284,#2778,.T.);
#3993=EDGE_CURVE('',#3285,#3285,#2779,.T.);
#3994=EDGE_CURVE('',#3286,#3286,#2780,.T.);
#3995=EDGE_CURVE('',#3287,#3287,#2781,.T.);
#3996=EDGE_CURVE('',#3288,#3288,#2782,.T.);
#3997=EDGE_CURVE('',#3289,#3289,#2783,.T.);
#3998=EDGE_CURVE('',#3290,#3290,#2784,.T.);
#3999=EDGE_CURVE('',#3291,#3291,#2785,.T.);
#4000=EDGE_CURVE('',#3292,#3292,#2786,.T.);
#4001=EDGE_CURVE('',#3293,#3293,#2787,.T.);
#4002=EDGE_CURVE('',#3294,#3294,#2788,.T.);
#4003=EDGE_CURVE('',#3295,#3295,#2789,.T.);
#4004=EDGE_CURVE('',#3296,#3296,#2790,.T.);
#4005=EDGE_CURVE('',#3297,#3297,#2791,.T.);
#4006=EDGE_CURVE('',#3298,#3298,#2792,.T.);
#4007=EDGE_CURVE('',#3299,#3299,#2793,.T.);
#4008=EDGE_CURVE('',#3300,#3300,#2794,.T.);
#4009=EDGE_CURVE('',#3301,#3301,#2795,.T.);
#4010=EDGE_CURVE('',#3302,#3302,#2796,.T.);
#4011=EDGE_CURVE('',#3222,#3141,#1941,.T.);
#4012=EDGE_CURVE('',#3223,#3142,#1942,.T.);
#4013=EDGE_CURVE('',#3224,#3143,#1943,.T.);
#4014=EDGE_CURVE('',#3225,#3144,#1944,.T.);
#4015=EDGE_CURVE('',#3226,#3145,#1945,.T.);
#4016=EDGE_CURVE('',#3227,#3146,#1946,.T.);
#4017=EDGE_CURVE('',#3228,#3147,#1947,.T.);
#4018=EDGE_CURVE('',#3229,#3148,#1948,.T.);
#4019=EDGE_CURVE('',#3230,#3149,#1949,.T.);
#4020=EDGE_CURVE('',#3231,#3150,#1950,.T.);
#4021=EDGE_CURVE('',#3232,#3151,#1951,.T.);
#4022=EDGE_CURVE('',#3233,#3152,#1952,.T.);
#4023=EDGE_CURVE('',#3234,#3153,#1953,.T.);
#4024=EDGE_CURVE('',#3235,#3154,#1954,.T.);
#4025=EDGE_CURVE('',#3236,#3155,#1955,.T.);
#4026=EDGE_CURVE('',#3237,#3156,#1956,.T.);
#4027=EDGE_CURVE('',#3238,#3157,#1957,.T.);
#4028=EDGE_CURVE('',#3239,#3158,#1958,.T.);
#4029=EDGE_CURVE('',#3240,#3159,#1959,.T.);
#4030=EDGE_CURVE('',#3241,#3160,#1960,.T.);
#4031=EDGE_CURVE('',#3242,#3161,#1961,.T.);
#4032=EDGE_CURVE('',#3243,#3162,#1962,.T.);
#4033=EDGE_CURVE('',#3244,#3163,#1963,.T.);
#4034=EDGE_CURVE('',#3245,#3164,#1964,.T.);
#4035=EDGE_CURVE('',#3246,#3165,#1965,.T.);
#4036=EDGE_CURVE('',#3247,#3166,#1966,.T.);
#4037=EDGE_CURVE('',#3248,#3167,#1967,.T.);
#4038=EDGE_CURVE('',#3249,#3168,#1968,.T.);
#4039=EDGE_CURVE('',#3250,#3169,#1969,.T.);
#4040=EDGE_CURVE('',#3251,#3170,#1970,.T.);
#4041=EDGE_CURVE('',#3252,#3171,#1971,.T.);
#4042=EDGE_CURVE('',#3253,#3172,#1972,.T.);
#4043=EDGE_CURVE('',#3254,#3173,#1973,.T.);
#4044=EDGE_CURVE('',#3255,#3174,#1974,.T.);
#4045=EDGE_CURVE('',#3256,#3175,#1975,.T.);
#4046=EDGE_CURVE('',#3257,#3176,#1976,.T.);
#4047=EDGE_CURVE('',#3258,#3177,#1977,.T.);
#4048=EDGE_CURVE('',#3259,#3178,#1978,.T.);
#4049=EDGE_CURVE('',#3260,#3179,#1979,.T.);
#4050=EDGE_CURVE('',#3261,#3180,#1980,.T.);
#4051=EDGE_CURVE('',#3262,#3181,#1981,.T.);
#4052=EDGE_CURVE('',#3263,#3182,#1982,.T.);
#4053=EDGE_CURVE('',#3264,#3183,#1983,.T.);
#4054=EDGE_CURVE('',#3265,#3184,#1984,.T.);
#4055=EDGE_CURVE('',#3266,#3185,#1985,.T.);
#4056=EDGE_CURVE('',#3267,#3186,#1986,.T.);
#4057=EDGE_CURVE('',#3268,#3187,#1987,.T.);
#4058=EDGE_CURVE('',#3269,#3188,#1988,.T.);
#4059=EDGE_CURVE('',#3270,#3189,#1989,.T.);
#4060=EDGE_CURVE('',#3271,#3190,#1990,.T.);
#4061=EDGE_CURVE('',#3272,#3191,#1991,.T.);
#4062=EDGE_CURVE('',#3273,#3192,#1992,.T.);
#4063=EDGE_CURVE('',#3274,#3193,#1993,.T.);
#4064=EDGE_CURVE('',#3275,#3194,#1994,.T.);
#4065=EDGE_CURVE('',#3276,#3195,#1995,.T.);
#4066=EDGE_CURVE('',#3277,#3196,#1996,.T.);
#4067=EDGE_CURVE('',#3278,#3197,#1997,.T.);
#4068=EDGE_CURVE('',#3279,#3198,#1998,.T.);
#4069=EDGE_CURVE('',#3280,#3199,#1999,.T.);
#4070=EDGE_CURVE('',#3281,#3200,#2000,.T.);
#4071=EDGE_CURVE('',#3282,#3201,#2001,.T.);
#4072=EDGE_CURVE('',#3283,#3202,#2002,.T.);
#4073=EDGE_CURVE('',#3284,#3203,#2003,.T.);
#4074=EDGE_CURVE('',#3285,#3204,#2004,.T.);
#4075=EDGE_CURVE('',#3286,#3205,#2005,.T.);
#4076=EDGE_CURVE('',#3287,#3206,#2006,.T.);
#4077=EDGE_CURVE('',#3288,#3207,#2007,.T.);
#4078=EDGE_CURVE('',#3289,#3208,#2008,.T.);
#4079=EDGE_CURVE('',#3290,#3209,#2009,.T.);
#4080=EDGE_CURVE('',#3291,#3210,#2010,.T.);
#4081=EDGE_CURVE('',#3292,#3211,#2011,.T.);
#4082=EDGE_CURVE('',#3293,#3212,#2012,.T.);
#4083=EDGE_CURVE('',#3294,#3213,#2013,.T.);
#4084=EDGE_CURVE('',#3295,#3214,#2014,.T.);
#4085=EDGE_CURVE('',#3296,#3215,#2015,.T.);
#4086=EDGE_CURVE('',#3297,#3216,#2016,.T.);
#4087=EDGE_CURVE('',#3298,#3217,#2017,.T.);
#4088=EDGE_CURVE('',#3299,#3218,#2018,.T.);
#4089=EDGE_CURVE('',#3300,#3219,#2019,.T.);
#4090=EDGE_CURVE('',#3301,#3220,#2020,.T.);
#4091=EDGE_CURVE('',#3302,#3221,#2021,.T.);
#4092=EDGE_CURVE('',#3303,#3304,#2797,.T.);
#4093=EDGE_CURVE('',#3304,#3303,#2798,.T.);
#4094=EDGE_CURVE('',#3304,#3305,#2022,.T.);
#4095=EDGE_CURVE('',#3305,#3305,#2799,.T.);
#4096=EDGE_CURVE('',#3306,#3307,#2800,.T.);
#4097=EDGE_CURVE('',#3307,#3306,#2801,.T.);
#4098=EDGE_CURVE('',#3306,#3303,#2802,.T.);
#4099=EDGE_CURVE('',#3308,#3309,#2803,.T.);
#4100=EDGE_CURVE('',#3309,#3308,#2804,.T.);
#4101=EDGE_CURVE('',#3309,#3307,#2023,.T.);
#4102=EDGE_CURVE('',#3310,#3311,#2805,.T.);
#4103=EDGE_CURVE('',#3311,#3310,#2806,.T.);
#4104=EDGE_CURVE('',#3310,#3308,#2807,.T.);
#4105=EDGE_CURVE('',#3312,#3312,#2808,.T.);
#4106=EDGE_CURVE('',#3312,#3311,#2024,.T.);
#4107=EDGE_CURVE('',#3313,#3313,#2809,.T.);
#4108=EDGE_CURVE('',#3313,#3314,#2025,.T.);
#4109=EDGE_CURVE('',#3314,#3314,#2810,.T.);
#4110=EDGE_CURVE('',#3315,#3315,#2811,.T.);
#4111=EDGE_CURVE('',#3316,#3316,#2812,.T.);
#4112=EDGE_CURVE('',#3315,#3317,#2026,.T.);
#4113=EDGE_CURVE('',#3317,#3317,#2813,.T.);
#4114=EDGE_CURVE('',#3318,#3318,#2814,.T.);
#4115=EDGE_CURVE('',#3318,#3316,#2027,.T.);
#4116=EDGE_CURVE('',#3319,#3319,#2815,.T.);
#4117=EDGE_CURVE('',#3319,#3317,#2816,.T.);
#4118=EDGE_CURVE('',#3318,#3320,#2817,.T.);
#4119=EDGE_CURVE('',#3320,#3320,#2818,.T.);
#4120=ORIENTED_EDGE('',*,*,#3321,.T.);
#4121=ORIENTED_EDGE('',*,*,#3322,.T.);
#4122=ORIENTED_EDGE('',*,*,#3323,.T.);
#4123=ORIENTED_EDGE('',*,*,#3324,.T.);
#4124=ORIENTED_EDGE('',*,*,#3323,.F.);
#4125=ORIENTED_EDGE('',*,*,#3325,.T.);
#4126=ORIENTED_EDGE('',*,*,#3326,.T.);
#4127=ORIENTED_EDGE('',*,*,#3322,.F.);
#4128=ORIENTED_EDGE('',*,*,#3327,.F.);
#4129=ORIENTED_EDGE('',*,*,#3328,.F.);
#4130=ORIENTED_EDGE('',*,*,#3329,.F.);
#4131=ORIENTED_EDGE('',*,*,#3321,.F.);
#4132=ORIENTED_EDGE('',*,*,#3330,.T.);
#4133=ORIENTED_EDGE('',*,*,#3331,.F.);
#4134=ORIENTED_EDGE('',*,*,#3332,.T.);
#4135=ORIENTED_EDGE('',*,*,#3333,.F.);
#4136=ORIENTED_EDGE('',*,*,#3334,.T.);
#4137=ORIENTED_EDGE('',*,*,#3335,.F.);
#4138=ORIENTED_EDGE('',*,*,#3336,.T.);
#4139=ORIENTED_EDGE('',*,*,#3337,.F.);
#4140=ORIENTED_EDGE('',*,*,#3338,.T.);
#4141=ORIENTED_EDGE('',*,*,#3339,.F.);
#4142=ORIENTED_EDGE('',*,*,#3340,.T.);
#4143=ORIENTED_EDGE('',*,*,#3341,.F.);
#4144=ORIENTED_EDGE('',*,*,#3342,.T.);
#4145=ORIENTED_EDGE('',*,*,#3343,.F.);
#4146=ORIENTED_EDGE('',*,*,#3327,.T.);
#4147=ORIENTED_EDGE('',*,*,#3344,.T.);
#4148=ORIENTED_EDGE('',*,*,#3345,.T.);
#4149=ORIENTED_EDGE('',*,*,#3346,.T.);
#4150=ORIENTED_EDGE('',*,*,#3347,.T.);
#4151=ORIENTED_EDGE('',*,*,#3348,.T.);
#4152=ORIENTED_EDGE('',*,*,#3349,.F.);
#4153=ORIENTED_EDGE('',*,*,#3350,.T.);
#4154=ORIENTED_EDGE('',*,*,#3351,.F.);
#4155=ORIENTED_EDGE('',*,*,#3352,.T.);
#4156=ORIENTED_EDGE('',*,*,#3353,.F.);
#4157=ORIENTED_EDGE('',*,*,#3354,.T.);
#4158=ORIENTED_EDGE('',*,*,#3355,.F.);
#4159=ORIENTED_EDGE('',*,*,#3356,.T.);
#4160=ORIENTED_EDGE('',*,*,#3357,.F.);
#4161=ORIENTED_EDGE('',*,*,#3358,.T.);
#4162=ORIENTED_EDGE('',*,*,#3359,.F.);
#4163=ORIENTED_EDGE('',*,*,#3360,.T.);
#4164=ORIENTED_EDGE('',*,*,#3361,.F.);
#4165=ORIENTED_EDGE('',*,*,#3362,.F.);
#4166=ORIENTED_EDGE('',*,*,#3363,.F.);
#4167=ORIENTED_EDGE('',*,*,#3364,.T.);
#4168=ORIENTED_EDGE('',*,*,#3365,.F.);
#4169=ORIENTED_EDGE('',*,*,#3366,.T.);
#4170=ORIENTED_EDGE('',*,*,#3367,.F.);
#4171=ORIENTED_EDGE('',*,*,#3368,.T.);
#4172=ORIENTED_EDGE('',*,*,#3324,.F.);
#4173=ORIENTED_EDGE('',*,*,#3369,.F.);
#4174=ORIENTED_EDGE('',*,*,#3370,.F.);
#4175=ORIENTED_EDGE('',*,*,#3330,.F.);
#4176=ORIENTED_EDGE('',*,*,#3331,.T.);
#4177=ORIENTED_EDGE('',*,*,#3370,.T.);
#4178=ORIENTED_EDGE('',*,*,#3371,.T.);
#4179=ORIENTED_EDGE('',*,*,#3372,.T.);
#4180=ORIENTED_EDGE('',*,*,#3371,.F.);
#4181=ORIENTED_EDGE('',*,*,#3373,.T.);
#4182=ORIENTED_EDGE('',*,*,#3374,.T.);
#4183=ORIENTED_EDGE('',*,*,#3372,.F.);
#4184=ORIENTED_EDGE('',*,*,#3375,.F.);
#4185=ORIENTED_EDGE('',*,*,#3376,.F.);
#4186=ORIENTED_EDGE('',*,*,#3332,.F.);
#4187=ORIENTED_EDGE('',*,*,#3377,.T.);
#4188=ORIENTED_EDGE('',*,*,#3378,.T.);
#4189=ORIENTED_EDGE('',*,*,#3379,.T.);
#4190=ORIENTED_EDGE('',*,*,#3377,.F.);
#4191=ORIENTED_EDGE('',*,*,#3380,.T.);
#4192=ORIENTED_EDGE('',*,*,#3339,.T.);
#4193=ORIENTED_EDGE('',*,*,#3381,.T.);
#4194=ORIENTED_EDGE('',*,*,#3380,.F.);
#4195=ORIENTED_EDGE('',*,*,#3382,.F.);
#4196=ORIENTED_EDGE('',*,*,#3383,.F.);
#4197=ORIENTED_EDGE('',*,*,#3340,.F.);
#4198=ORIENTED_EDGE('',*,*,#3379,.F.);
#4199=ORIENTED_EDGE('',*,*,#3384,.T.);
#4200=ORIENTED_EDGE('',*,*,#3385,.T.);
#4201=ORIENTED_EDGE('',*,*,#3382,.T.);
#4202=ORIENTED_EDGE('',*,*,#3378,.F.);
#4203=ORIENTED_EDGE('',*,*,#3386,.T.);
#4204=ORIENTED_EDGE('',*,*,#3387,.F.);
#4205=ORIENTED_EDGE('',*,*,#3388,.T.);
#4206=ORIENTED_EDGE('',*,*,#3389,.T.);
#4207=ORIENTED_EDGE('',*,*,#3390,.T.);
#4208=ORIENTED_EDGE('',*,*,#3337,.T.);
#4209=ORIENTED_EDGE('',*,*,#3391,.T.);
#4210=ORIENTED_EDGE('',*,*,#3389,.F.);
#4211=ORIENTED_EDGE('',*,*,#3392,.T.);
#4212=ORIENTED_EDGE('',*,*,#3387,.T.);
#4213=ORIENTED_EDGE('',*,*,#3392,.F.);
#4214=ORIENTED_EDGE('',*,*,#3393,.T.);
#4215=ORIENTED_EDGE('',*,*,#3394,.T.);
#4216=ORIENTED_EDGE('',*,*,#3395,.T.);
#4217=ORIENTED_EDGE('',*,*,#3391,.F.);
#4218=ORIENTED_EDGE('',*,*,#3336,.F.);
#4219=ORIENTED_EDGE('',*,*,#3396,.F.);
#4220=ORIENTED_EDGE('',*,*,#3393,.F.);
#4221=ORIENTED_EDGE('',*,*,#3333,.T.);
#4222=ORIENTED_EDGE('',*,*,#3376,.T.);
#4223=ORIENTED_EDGE('',*,*,#3397,.T.);
#4224=ORIENTED_EDGE('',*,*,#3398,.T.);
#4225=ORIENTED_EDGE('',*,*,#3397,.F.);
#4226=ORIENTED_EDGE('',*,*,#3399,.T.);
#4227=ORIENTED_EDGE('',*,*,#3400,.T.);
#4228=ORIENTED_EDGE('',*,*,#3374,.F.);
#4229=ORIENTED_EDGE('',*,*,#3401,.T.);
#4230=ORIENTED_EDGE('',*,*,#3399,.F.);
#4231=ORIENTED_EDGE('',*,*,#3375,.T.);
#4232=ORIENTED_EDGE('',*,*,#3343,.T.);
#4233=ORIENTED_EDGE('',*,*,#3402,.T.);
#4234=ORIENTED_EDGE('',*,*,#3403,.T.);
#4235=ORIENTED_EDGE('',*,*,#3328,.T.);
#4236=ORIENTED_EDGE('',*,*,#3403,.F.);
#4237=ORIENTED_EDGE('',*,*,#3404,.T.);
#4238=ORIENTED_EDGE('',*,*,#3405,.T.);
#4239=ORIENTED_EDGE('',*,*,#3402,.F.);
#4240=ORIENTED_EDGE('',*,*,#3342,.F.);
#4241=ORIENTED_EDGE('',*,*,#3406,.F.);
#4242=ORIENTED_EDGE('',*,*,#3407,.F.);
#4243=ORIENTED_EDGE('',*,*,#3341,.T.);
#4244=ORIENTED_EDGE('',*,*,#3383,.T.);
#4245=ORIENTED_EDGE('',*,*,#3408,.T.);
#4246=ORIENTED_EDGE('',*,*,#3406,.T.);
#4247=ORIENTED_EDGE('',*,*,#3385,.F.);
#4248=ORIENTED_EDGE('',*,*,#3409,.T.);
#4249=ORIENTED_EDGE('',*,*,#3408,.F.);
#4250=ORIENTED_EDGE('',*,*,#3335,.T.);
#4251=ORIENTED_EDGE('',*,*,#3410,.T.);
#4252=ORIENTED_EDGE('',*,*,#3411,.T.);
#4253=ORIENTED_EDGE('',*,*,#3396,.T.);
#4254=ORIENTED_EDGE('',*,*,#3411,.F.);
#4255=ORIENTED_EDGE('',*,*,#3412,.T.);
#4256=ORIENTED_EDGE('',*,*,#3394,.F.);
#4257=ORIENTED_EDGE('',*,*,#3404,.F.);
#4258=ORIENTED_EDGE('',*,*,#3407,.T.);
#4259=ORIENTED_EDGE('',*,*,#3409,.F.);
#4260=ORIENTED_EDGE('',*,*,#3413,.T.);
#4261=ORIENTED_EDGE('',*,*,#3384,.F.);
#4262=ORIENTED_EDGE('',*,*,#3388,.F.);
#4263=ORIENTED_EDGE('',*,*,#3395,.F.);
#4264=ORIENTED_EDGE('',*,*,#3414,.F.);
#4265=ORIENTED_EDGE('',*,*,#3401,.F.);
#4266=ORIENTED_EDGE('',*,*,#3415,.F.);
#4267=ORIENTED_EDGE('',*,*,#3416,.F.);
#4268=ORIENTED_EDGE('',*,*,#3413,.F.);
#4269=ORIENTED_EDGE('',*,*,#3417,.F.);
#4270=ORIENTED_EDGE('',*,*,#3418,.F.);
#4271=ORIENTED_EDGE('',*,*,#3419,.F.);
#4272=ORIENTED_EDGE('',*,*,#3420,.F.);
#4273=ORIENTED_EDGE('',*,*,#3421,.F.);
#4274=ORIENTED_EDGE('',*,*,#3422,.F.);
#4275=ORIENTED_EDGE('',*,*,#3423,.F.);
#4276=ORIENTED_EDGE('',*,*,#3424,.F.);
#4277=ORIENTED_EDGE('',*,*,#3425,.F.);
#4278=ORIENTED_EDGE('',*,*,#3426,.F.);
#4279=ORIENTED_EDGE('',*,*,#3427,.F.);
#4280=ORIENTED_EDGE('',*,*,#3428,.F.);
#4281=ORIENTED_EDGE('',*,*,#3429,.F.);
#4282=ORIENTED_EDGE('',*,*,#3430,.F.);
#4283=ORIENTED_EDGE('',*,*,#3431,.F.);
#4284=ORIENTED_EDGE('',*,*,#3432,.F.);
#4285=ORIENTED_EDGE('',*,*,#3433,.F.);
#4286=ORIENTED_EDGE('',*,*,#3434,.F.);
#4287=ORIENTED_EDGE('',*,*,#3435,.F.);
#4288=ORIENTED_EDGE('',*,*,#3436,.F.);
#4289=ORIENTED_EDGE('',*,*,#3437,.F.);
#4290=ORIENTED_EDGE('',*,*,#3438,.F.);
#4291=ORIENTED_EDGE('',*,*,#3439,.F.);
#4292=ORIENTED_EDGE('',*,*,#3440,.F.);
#4293=ORIENTED_EDGE('',*,*,#3400,.F.);
#4294=ORIENTED_EDGE('',*,*,#3414,.T.);
#4295=ORIENTED_EDGE('',*,*,#3412,.F.);
#4296=ORIENTED_EDGE('',*,*,#3441,.T.);
#4297=ORIENTED_EDGE('',*,*,#3398,.F.);
#4298=ORIENTED_EDGE('',*,*,#3441,.F.);
#4299=ORIENTED_EDGE('',*,*,#3410,.F.);
#4300=ORIENTED_EDGE('',*,*,#3334,.F.);
#4301=ORIENTED_EDGE('',*,*,#3381,.F.);
#4302=ORIENTED_EDGE('',*,*,#3338,.F.);
#4303=ORIENTED_EDGE('',*,*,#3390,.F.);
#4304=ORIENTED_EDGE('',*,*,#3386,.F.);
#4305=ORIENTED_EDGE('',*,*,#3325,.F.);
#4306=ORIENTED_EDGE('',*,*,#3329,.T.);
#4307=ORIENTED_EDGE('',*,*,#3405,.F.);
#4308=ORIENTED_EDGE('',*,*,#3416,.T.);
#4309=ORIENTED_EDGE('',*,*,#3326,.F.);
#4310=ORIENTED_EDGE('',*,*,#3415,.T.);
#4311=ORIENTED_EDGE('',*,*,#3373,.F.);
#4312=ORIENTED_EDGE('',*,*,#3369,.T.);
#4313=ORIENTED_EDGE('',*,*,#3417,.T.);
#4314=ORIENTED_EDGE('',*,*,#3442,.T.);
#4315=ORIENTED_EDGE('',*,*,#3443,.T.);
#4316=ORIENTED_EDGE('',*,*,#3444,.T.);
#4317=ORIENTED_EDGE('',*,*,#3442,.F.);
#4318=ORIENTED_EDGE('',*,*,#3347,.F.);
#4319=ORIENTED_EDGE('',*,*,#3445,.T.);
#4320=ORIENTED_EDGE('',*,*,#3443,.F.);
#4321=ORIENTED_EDGE('',*,*,#3444,.F.);
#4322=ORIENTED_EDGE('',*,*,#3445,.F.);
#4323=ORIENTED_EDGE('',*,*,#3440,.T.);
#4324=ORIENTED_EDGE('',*,*,#3446,.T.);
#4325=ORIENTED_EDGE('',*,*,#3447,.T.);
#4326=ORIENTED_EDGE('',*,*,#3448,.T.);
#4327=ORIENTED_EDGE('',*,*,#3446,.F.);
#4328=ORIENTED_EDGE('',*,*,#3448,.F.);
#4329=ORIENTED_EDGE('',*,*,#3449,.T.);
#4330=ORIENTED_EDGE('',*,*,#3346,.F.);
#4331=ORIENTED_EDGE('',*,*,#3449,.F.);
#4332=ORIENTED_EDGE('',*,*,#3447,.F.);
#4333=ORIENTED_EDGE('',*,*,#3418,.T.);
#4334=ORIENTED_EDGE('',*,*,#3450,.T.);
#4335=ORIENTED_EDGE('',*,*,#3451,.T.);
#4336=ORIENTED_EDGE('',*,*,#3452,.T.);
#4337=ORIENTED_EDGE('',*,*,#3450,.F.);
#4338=ORIENTED_EDGE('',*,*,#3452,.F.);
#4339=ORIENTED_EDGE('',*,*,#3453,.T.);
#4340=ORIENTED_EDGE('',*,*,#3345,.F.);
#4341=ORIENTED_EDGE('',*,*,#3453,.F.);
#4342=ORIENTED_EDGE('',*,*,#3451,.F.);
#4343=ORIENTED_EDGE('',*,*,#3439,.T.);
#4344=ORIENTED_EDGE('',*,*,#3454,.T.);
#4345=ORIENTED_EDGE('',*,*,#3455,.T.);
#4346=ORIENTED_EDGE('',*,*,#3456,.T.);
#4347=ORIENTED_EDGE('',*,*,#3454,.F.);
#4348=ORIENTED_EDGE('',*,*,#3456,.F.);
#4349=ORIENTED_EDGE('',*,*,#3457,.T.);
#4350=ORIENTED_EDGE('',*,*,#3344,.F.);
#4351=ORIENTED_EDGE('',*,*,#3457,.F.);
#4352=ORIENTED_EDGE('',*,*,#3455,.F.);
#4353=ORIENTED_EDGE('',*,*,#3458,.T.);
#4354=ORIENTED_EDGE('',*,*,#3459,.T.);
#4355=ORIENTED_EDGE('',*,*,#3460,.T.);
#4356=ORIENTED_EDGE('',*,*,#3419,.T.);
#4357=ORIENTED_EDGE('',*,*,#3461,.T.);
#4358=ORIENTED_EDGE('',*,*,#3420,.T.);
#4359=ORIENTED_EDGE('',*,*,#3460,.F.);
#4360=ORIENTED_EDGE('',*,*,#3462,.T.);
#4361=ORIENTED_EDGE('',*,*,#3463,.T.);
#4362=ORIENTED_EDGE('',*,*,#3421,.T.);
#4363=ORIENTED_EDGE('',*,*,#3461,.F.);
#4364=ORIENTED_EDGE('',*,*,#3464,.T.);
#4365=ORIENTED_EDGE('',*,*,#3465,.T.);
#4366=ORIENTED_EDGE('',*,*,#3422,.T.);
#4367=ORIENTED_EDGE('',*,*,#3463,.F.);
#4368=ORIENTED_EDGE('',*,*,#3466,.T.);
#4369=ORIENTED_EDGE('',*,*,#3467,.T.);
#4370=ORIENTED_EDGE('',*,*,#3423,.T.);
#4371=ORIENTED_EDGE('',*,*,#3465,.F.);
#4372=ORIENTED_EDGE('',*,*,#3468,.T.);
#4373=ORIENTED_EDGE('',*,*,#3467,.F.);
#4374=ORIENTED_EDGE('',*,*,#3469,.T.);
#4375=ORIENTED_EDGE('',*,*,#3458,.F.);
#4376=ORIENTED_EDGE('',*,*,#3424,.T.);
#4377=ORIENTED_EDGE('',*,*,#3464,.F.);
#4378=ORIENTED_EDGE('',*,*,#3470,.F.);
#4379=ORIENTED_EDGE('',*,*,#3350,.F.);
#4380=ORIENTED_EDGE('',*,*,#3471,.F.);
#4381=ORIENTED_EDGE('',*,*,#3462,.F.);
#4382=ORIENTED_EDGE('',*,*,#3472,.T.);
#4383=ORIENTED_EDGE('',*,*,#3351,.T.);
#4384=ORIENTED_EDGE('',*,*,#3470,.T.);
#4385=ORIENTED_EDGE('',*,*,#3459,.F.);
#4386=ORIENTED_EDGE('',*,*,#3473,.F.);
#4387=ORIENTED_EDGE('',*,*,#3352,.F.);
#4388=ORIENTED_EDGE('',*,*,#3472,.F.);
#4389=ORIENTED_EDGE('',*,*,#3474,.T.);
#4390=ORIENTED_EDGE('',*,*,#3475,.T.);
#4391=ORIENTED_EDGE('',*,*,#3476,.T.);
#4392=ORIENTED_EDGE('',*,*,#3475,.F.);
#4393=ORIENTED_EDGE('',*,*,#3429,.T.);
#4394=ORIENTED_EDGE('',*,*,#3477,.T.);
#4395=ORIENTED_EDGE('',*,*,#3478,.T.);
#4396=ORIENTED_EDGE('',*,*,#3479,.T.);
#4397=ORIENTED_EDGE('',*,*,#3480,.T.);
#4398=ORIENTED_EDGE('',*,*,#3477,.F.);
#4399=ORIENTED_EDGE('',*,*,#3428,.T.);
#4400=ORIENTED_EDGE('',*,*,#3481,.T.);
#4401=ORIENTED_EDGE('',*,*,#3482,.T.);
#4402=ORIENTED_EDGE('',*,*,#3479,.F.);
#4403=ORIENTED_EDGE('',*,*,#3427,.T.);
#4404=ORIENTED_EDGE('',*,*,#3483,.T.);
#4405=ORIENTED_EDGE('',*,*,#3484,.T.);
#4406=ORIENTED_EDGE('',*,*,#3481,.F.);
#4407=ORIENTED_EDGE('',*,*,#3426,.T.);
#4408=ORIENTED_EDGE('',*,*,#3485,.T.);
#4409=ORIENTED_EDGE('',*,*,#3483,.F.);
#4410=ORIENTED_EDGE('',*,*,#3425,.T.);
#4411=ORIENTED_EDGE('',*,*,#3486,.T.);
#4412=ORIENTED_EDGE('',*,*,#3438,.T.);
#4413=ORIENTED_EDGE('',*,*,#3487,.T.);
#4414=ORIENTED_EDGE('',*,*,#3488,.T.);
#4415=ORIENTED_EDGE('',*,*,#3486,.F.);
#4416=ORIENTED_EDGE('',*,*,#3489,.T.);
#4417=ORIENTED_EDGE('',*,*,#3490,.T.);
#4418=ORIENTED_EDGE('',*,*,#3487,.F.);
#4419=ORIENTED_EDGE('',*,*,#3437,.T.);
#4420=ORIENTED_EDGE('',*,*,#3491,.T.);
#4421=ORIENTED_EDGE('',*,*,#3492,.T.);
#4422=ORIENTED_EDGE('',*,*,#3489,.F.);
#4423=ORIENTED_EDGE('',*,*,#3436,.T.);
#4424=ORIENTED_EDGE('',*,*,#3493,.T.);
#4425=ORIENTED_EDGE('',*,*,#3494,.T.);
#4426=ORIENTED_EDGE('',*,*,#3491,.F.);
#4427=ORIENTED_EDGE('',*,*,#3435,.T.);
#4428=ORIENTED_EDGE('',*,*,#3495,.T.);
#4429=ORIENTED_EDGE('',*,*,#3496,.T.);
#4430=ORIENTED_EDGE('',*,*,#3493,.F.);
#4431=ORIENTED_EDGE('',*,*,#3434,.T.);
#4432=ORIENTED_EDGE('',*,*,#3497,.T.);
#4433=ORIENTED_EDGE('',*,*,#3498,.T.);
#4434=ORIENTED_EDGE('',*,*,#3495,.F.);
#4435=ORIENTED_EDGE('',*,*,#3433,.T.);
#4436=ORIENTED_EDGE('',*,*,#3499,.T.);
#4437=ORIENTED_EDGE('',*,*,#3500,.T.);
#4438=ORIENTED_EDGE('',*,*,#3497,.F.);
#4439=ORIENTED_EDGE('',*,*,#3432,.T.);
#4440=ORIENTED_EDGE('',*,*,#3501,.T.);
#4441=ORIENTED_EDGE('',*,*,#3502,.T.);
#4442=ORIENTED_EDGE('',*,*,#3499,.F.);
#4443=ORIENTED_EDGE('',*,*,#3431,.T.);
#4444=ORIENTED_EDGE('',*,*,#3474,.F.);
#4445=ORIENTED_EDGE('',*,*,#3503,.T.);
#4446=ORIENTED_EDGE('',*,*,#3501,.F.);
#4447=ORIENTED_EDGE('',*,*,#3430,.T.);
#4448=ORIENTED_EDGE('',*,*,#3503,.F.);
#4449=ORIENTED_EDGE('',*,*,#3504,.F.);
#4450=ORIENTED_EDGE('',*,*,#3362,.T.);
#4451=ORIENTED_EDGE('',*,*,#3505,.F.);
#4452=ORIENTED_EDGE('',*,*,#3476,.F.);
#4453=ORIENTED_EDGE('',*,*,#3506,.T.);
#4454=ORIENTED_EDGE('',*,*,#3363,.T.);
#4455=ORIENTED_EDGE('',*,*,#3504,.T.);
#4456=ORIENTED_EDGE('',*,*,#3478,.F.);
#4457=ORIENTED_EDGE('',*,*,#3507,.F.);
#4458=ORIENTED_EDGE('',*,*,#3364,.F.);
#4459=ORIENTED_EDGE('',*,*,#3506,.F.);
#4460=ORIENTED_EDGE('',*,*,#3480,.F.);
#4461=ORIENTED_EDGE('',*,*,#3508,.T.);
#4462=ORIENTED_EDGE('',*,*,#3365,.T.);
#4463=ORIENTED_EDGE('',*,*,#3507,.T.);
#4464=ORIENTED_EDGE('',*,*,#3482,.F.);
#4465=ORIENTED_EDGE('',*,*,#3509,.F.);
#4466=ORIENTED_EDGE('',*,*,#3366,.F.);
#4467=ORIENTED_EDGE('',*,*,#3508,.F.);
#4468=ORIENTED_EDGE('',*,*,#3484,.F.);
#4469=ORIENTED_EDGE('',*,*,#3510,.T.);
#4470=ORIENTED_EDGE('',*,*,#3367,.T.);
#4471=ORIENTED_EDGE('',*,*,#3509,.T.);
#4472=ORIENTED_EDGE('',*,*,#3485,.F.);
#4473=ORIENTED_EDGE('',*,*,#3511,.F.);
#4474=ORIENTED_EDGE('',*,*,#3368,.F.);
#4475=ORIENTED_EDGE('',*,*,#3510,.F.);
#4476=ORIENTED_EDGE('',*,*,#3466,.F.);
#4477=ORIENTED_EDGE('',*,*,#3471,.T.);
#4478=ORIENTED_EDGE('',*,*,#3349,.T.);
#4479=ORIENTED_EDGE('',*,*,#3512,.T.);
#4480=ORIENTED_EDGE('',*,*,#3468,.F.);
#4481=ORIENTED_EDGE('',*,*,#3512,.F.);
#4482=ORIENTED_EDGE('',*,*,#3348,.F.);
#4483=ORIENTED_EDGE('',*,*,#3513,.F.);
#4484=ORIENTED_EDGE('',*,*,#3469,.F.);
#4485=ORIENTED_EDGE('',*,*,#3513,.T.);
#4486=ORIENTED_EDGE('',*,*,#3353,.T.);
#4487=ORIENTED_EDGE('',*,*,#3473,.T.);
#4488=ORIENTED_EDGE('',*,*,#3494,.F.);
#4489=ORIENTED_EDGE('',*,*,#3514,.T.);
#4490=ORIENTED_EDGE('',*,*,#3357,.T.);
#4491=ORIENTED_EDGE('',*,*,#3515,.T.);
#4492=ORIENTED_EDGE('',*,*,#3492,.F.);
#4493=ORIENTED_EDGE('',*,*,#3515,.F.);
#4494=ORIENTED_EDGE('',*,*,#3356,.F.);
#4495=ORIENTED_EDGE('',*,*,#3516,.F.);
#4496=ORIENTED_EDGE('',*,*,#3498,.F.);
#4497=ORIENTED_EDGE('',*,*,#3517,.T.);
#4498=ORIENTED_EDGE('',*,*,#3359,.T.);
#4499=ORIENTED_EDGE('',*,*,#3518,.T.);
#4500=ORIENTED_EDGE('',*,*,#3500,.F.);
#4501=ORIENTED_EDGE('',*,*,#3519,.F.);
#4502=ORIENTED_EDGE('',*,*,#3360,.F.);
#4503=ORIENTED_EDGE('',*,*,#3517,.F.);
#4504=ORIENTED_EDGE('',*,*,#3502,.F.);
#4505=ORIENTED_EDGE('',*,*,#3505,.T.);
#4506=ORIENTED_EDGE('',*,*,#3361,.T.);
#4507=ORIENTED_EDGE('',*,*,#3519,.T.);
#4508=ORIENTED_EDGE('',*,*,#3490,.F.);
#4509=ORIENTED_EDGE('',*,*,#3516,.T.);
#4510=ORIENTED_EDGE('',*,*,#3355,.T.);
#4511=ORIENTED_EDGE('',*,*,#3520,.T.);
#4512=ORIENTED_EDGE('',*,*,#3496,.F.);
#4513=ORIENTED_EDGE('',*,*,#3518,.F.);
#4514=ORIENTED_EDGE('',*,*,#3358,.F.);
#4515=ORIENTED_EDGE('',*,*,#3514,.F.);
#4516=ORIENTED_EDGE('',*,*,#3488,.F.);
#4517=ORIENTED_EDGE('',*,*,#3520,.F.);
#4518=ORIENTED_EDGE('',*,*,#3354,.F.);
#4519=ORIENTED_EDGE('',*,*,#3511,.T.);
#4520=ORIENTED_EDGE('',*,*,#3521,.T.);
#4521=ORIENTED_EDGE('',*,*,#3522,.T.);
#4522=ORIENTED_EDGE('',*,*,#3523,.T.);
#4523=ORIENTED_EDGE('',*,*,#3524,.T.);
#4524=ORIENTED_EDGE('',*,*,#3525,.T.);
#4525=ORIENTED_EDGE('',*,*,#3522,.F.);
#4526=ORIENTED_EDGE('',*,*,#3526,.F.);
#4527=ORIENTED_EDGE('',*,*,#3527,.F.);
#4528=ORIENTED_EDGE('',*,*,#3528,.F.);
#4529=ORIENTED_EDGE('',*,*,#3529,.F.);
#4530=ORIENTED_EDGE('',*,*,#3530,.F.);
#4531=ORIENTED_EDGE('',*,*,#3531,.F.);
#4532=ORIENTED_EDGE('',*,*,#3521,.F.);
#4533=ORIENTED_EDGE('',*,*,#3532,.T.);
#4534=ORIENTED_EDGE('',*,*,#3533,.T.);
#4535=ORIENTED_EDGE('',*,*,#3534,.T.);
#4536=ORIENTED_EDGE('',*,*,#3535,.T.);
#4537=ORIENTED_EDGE('',*,*,#3536,.T.);
#4538=ORIENTED_EDGE('',*,*,#3537,.F.);
#4539=ORIENTED_EDGE('',*,*,#3530,.T.);
#4540=ORIENTED_EDGE('',*,*,#3538,.F.);
#4541=ORIENTED_EDGE('',*,*,#3539,.T.);
#4542=ORIENTED_EDGE('',*,*,#3540,.F.);
#4543=ORIENTED_EDGE('',*,*,#3541,.T.);
#4544=ORIENTED_EDGE('',*,*,#3542,.F.);
#4545=ORIENTED_EDGE('',*,*,#3543,.T.);
#4546=ORIENTED_EDGE('',*,*,#3544,.F.);
#4547=ORIENTED_EDGE('',*,*,#3526,.T.);
#4548=ORIENTED_EDGE('',*,*,#3545,.T.);
#4549=ORIENTED_EDGE('',*,*,#3546,.T.);
#4550=ORIENTED_EDGE('',*,*,#3547,.T.);
#4551=ORIENTED_EDGE('',*,*,#3548,.T.);
#4552=ORIENTED_EDGE('',*,*,#3549,.T.);
#4553=ORIENTED_EDGE('',*,*,#3550,.T.);
#4554=ORIENTED_EDGE('',*,*,#3537,.T.);
#4555=ORIENTED_EDGE('',*,*,#3551,.T.);
#4556=ORIENTED_EDGE('',*,*,#3552,.T.);
#4557=ORIENTED_EDGE('',*,*,#3531,.T.);
#4558=ORIENTED_EDGE('',*,*,#3551,.F.);
#4559=ORIENTED_EDGE('',*,*,#3536,.F.);
#4560=ORIENTED_EDGE('',*,*,#3553,.T.);
#4561=ORIENTED_EDGE('',*,*,#3554,.T.);
#4562=ORIENTED_EDGE('',*,*,#3540,.T.);
#4563=ORIENTED_EDGE('',*,*,#3555,.T.);
#4564=ORIENTED_EDGE('',*,*,#3556,.T.);
#4565=ORIENTED_EDGE('',*,*,#3557,.T.);
#4566=ORIENTED_EDGE('',*,*,#3556,.F.);
#4567=ORIENTED_EDGE('',*,*,#3558,.T.);
#4568=ORIENTED_EDGE('',*,*,#3559,.T.);
#4569=ORIENTED_EDGE('',*,*,#3558,.F.);
#4570=ORIENTED_EDGE('',*,*,#3560,.T.);
#4571=ORIENTED_EDGE('',*,*,#3561,.F.);
#4572=ORIENTED_EDGE('',*,*,#3562,.T.);
#4573=ORIENTED_EDGE('',*,*,#3555,.F.);
#4574=ORIENTED_EDGE('',*,*,#3539,.F.);
#4575=ORIENTED_EDGE('',*,*,#3563,.F.);
#4576=ORIENTED_EDGE('',*,*,#3560,.F.);
#4577=ORIENTED_EDGE('',*,*,#3564,.T.);
#4578=ORIENTED_EDGE('',*,*,#3565,.T.);
#4579=ORIENTED_EDGE('',*,*,#3566,.T.);
#4580=ORIENTED_EDGE('',*,*,#3542,.T.);
#4581=ORIENTED_EDGE('',*,*,#3567,.T.);
#4582=ORIENTED_EDGE('',*,*,#3564,.F.);
#4583=ORIENTED_EDGE('',*,*,#3568,.T.);
#4584=ORIENTED_EDGE('',*,*,#3568,.F.);
#4585=ORIENTED_EDGE('',*,*,#3569,.F.);
#4586=ORIENTED_EDGE('',*,*,#3570,.F.);
#4587=ORIENTED_EDGE('',*,*,#3543,.F.);
#4588=ORIENTED_EDGE('',*,*,#3566,.F.);
#4589=ORIENTED_EDGE('',*,*,#3571,.T.);
#4590=ORIENTED_EDGE('',*,*,#3572,.F.);
#4591=ORIENTED_EDGE('',*,*,#3569,.T.);
#4592=ORIENTED_EDGE('',*,*,#3573,.T.);
#4593=ORIENTED_EDGE('',*,*,#3572,.T.);
#4594=ORIENTED_EDGE('',*,*,#3574,.T.);
#4595=ORIENTED_EDGE('',*,*,#3544,.T.);
#4596=ORIENTED_EDGE('',*,*,#3570,.T.);
#4597=ORIENTED_EDGE('',*,*,#3573,.F.);
#4598=ORIENTED_EDGE('',*,*,#3527,.T.);
#4599=ORIENTED_EDGE('',*,*,#3575,.T.);
#4600=ORIENTED_EDGE('',*,*,#3576,.T.);
#4601=ORIENTED_EDGE('',*,*,#3561,.T.);
#4602=ORIENTED_EDGE('',*,*,#3538,.T.);
#4603=ORIENTED_EDGE('',*,*,#3529,.T.);
#4604=ORIENTED_EDGE('',*,*,#3575,.F.);
#4605=ORIENTED_EDGE('',*,*,#3563,.T.);
#4606=ORIENTED_EDGE('',*,*,#3574,.F.);
#4607=ORIENTED_EDGE('',*,*,#3577,.T.);
#4608=ORIENTED_EDGE('',*,*,#3576,.F.);
#4609=ORIENTED_EDGE('',*,*,#3528,.T.);
#4610=ORIENTED_EDGE('',*,*,#3559,.F.);
#4611=ORIENTED_EDGE('',*,*,#3578,.T.);
#4612=ORIENTED_EDGE('',*,*,#3565,.F.);
#4613=ORIENTED_EDGE('',*,*,#3579,.T.);
#4614=ORIENTED_EDGE('',*,*,#3557,.F.);
#4615=ORIENTED_EDGE('',*,*,#3579,.F.);
#4616=ORIENTED_EDGE('',*,*,#3567,.F.);
#4617=ORIENTED_EDGE('',*,*,#3541,.F.);
#4618=ORIENTED_EDGE('',*,*,#3578,.F.);
#4619=ORIENTED_EDGE('',*,*,#3562,.F.);
#4620=ORIENTED_EDGE('',*,*,#3577,.F.);
#4621=ORIENTED_EDGE('',*,*,#3571,.F.);
#4622=ORIENTED_EDGE('',*,*,#3580,.F.);
#4623=ORIENTED_EDGE('',*,*,#3581,.F.);
#4624=ORIENTED_EDGE('',*,*,#3582,.F.);
#4625=ORIENTED_EDGE('',*,*,#3583,.F.);
#4626=ORIENTED_EDGE('',*,*,#3584,.F.);
#4627=ORIENTED_EDGE('',*,*,#3585,.F.);
#4628=ORIENTED_EDGE('',*,*,#3586,.F.);
#4629=ORIENTED_EDGE('',*,*,#3548,.F.);
#4630=ORIENTED_EDGE('',*,*,#3587,.F.);
#4631=ORIENTED_EDGE('',*,*,#3585,.T.);
#4632=ORIENTED_EDGE('',*,*,#3586,.T.);
#4633=ORIENTED_EDGE('',*,*,#3584,.T.);
#4634=ORIENTED_EDGE('',*,*,#3587,.T.);
#4635=ORIENTED_EDGE('',*,*,#3550,.F.);
#4636=ORIENTED_EDGE('',*,*,#3588,.T.);
#4637=ORIENTED_EDGE('',*,*,#3581,.T.);
#4638=ORIENTED_EDGE('',*,*,#3588,.F.);
#4639=ORIENTED_EDGE('',*,*,#3549,.F.);
#4640=ORIENTED_EDGE('',*,*,#3524,.F.);
#4641=ORIENTED_EDGE('',*,*,#3589,.T.);
#4642=ORIENTED_EDGE('',*,*,#3590,.F.);
#4643=ORIENTED_EDGE('',*,*,#3532,.F.);
#4644=ORIENTED_EDGE('',*,*,#3553,.F.);
#4645=ORIENTED_EDGE('',*,*,#3535,.F.);
#4646=ORIENTED_EDGE('',*,*,#3591,.T.);
#4647=ORIENTED_EDGE('',*,*,#3592,.T.);
#4648=ORIENTED_EDGE('',*,*,#3534,.F.);
#4649=ORIENTED_EDGE('',*,*,#3593,.T.);
#4650=ORIENTED_EDGE('',*,*,#3594,.T.);
#4651=ORIENTED_EDGE('',*,*,#3591,.F.);
#4652=ORIENTED_EDGE('',*,*,#3533,.F.);
#4653=ORIENTED_EDGE('',*,*,#3590,.T.);
#4654=ORIENTED_EDGE('',*,*,#3595,.T.);
#4655=ORIENTED_EDGE('',*,*,#3593,.F.);
#4656=ORIENTED_EDGE('',*,*,#3592,.F.);
#4657=ORIENTED_EDGE('',*,*,#3594,.F.);
#4658=ORIENTED_EDGE('',*,*,#3595,.F.);
#4659=ORIENTED_EDGE('',*,*,#3589,.F.);
#4660=ORIENTED_EDGE('',*,*,#3523,.F.);
#4661=ORIENTED_EDGE('',*,*,#3525,.F.);
#4662=ORIENTED_EDGE('',*,*,#3552,.F.);
#4663=ORIENTED_EDGE('',*,*,#3554,.F.);
#4664=ORIENTED_EDGE('',*,*,#3547,.F.);
#4665=ORIENTED_EDGE('',*,*,#3596,.T.);
#4666=ORIENTED_EDGE('',*,*,#3580,.T.);
#4667=ORIENTED_EDGE('',*,*,#3596,.F.);
#4668=ORIENTED_EDGE('',*,*,#3546,.F.);
#4669=ORIENTED_EDGE('',*,*,#3597,.T.);
#4670=ORIENTED_EDGE('',*,*,#3582,.T.);
#4671=ORIENTED_EDGE('',*,*,#3597,.F.);
#4672=ORIENTED_EDGE('',*,*,#3545,.F.);
#4673=ORIENTED_EDGE('',*,*,#3598,.T.);
#4674=ORIENTED_EDGE('',*,*,#3583,.T.);
#4675=ORIENTED_EDGE('',*,*,#3598,.F.);
#4676=ORIENTED_EDGE('',*,*,#3599,.F.);
#4677=ORIENTED_EDGE('',*,*,#3600,.T.);
#4678=ORIENTED_EDGE('',*,*,#3601,.T.);
#4679=ORIENTED_EDGE('',*,*,#3602,.F.);
#4680=ORIENTED_EDGE('',*,*,#3603,.F.);
#4681=ORIENTED_EDGE('',*,*,#3604,.T.);
#4682=ORIENTED_EDGE('',*,*,#3599,.T.);
#4683=ORIENTED_EDGE('',*,*,#3605,.F.);
#4684=ORIENTED_EDGE('',*,*,#3601,.F.);
#4685=ORIENTED_EDGE('',*,*,#3606,.T.);
#4686=ORIENTED_EDGE('',*,*,#3607,.T.);
#4687=ORIENTED_EDGE('',*,*,#3608,.F.);
#4688=ORIENTED_EDGE('',*,*,#3600,.F.);
#4689=ORIENTED_EDGE('',*,*,#3604,.F.);
#4690=ORIENTED_EDGE('',*,*,#3609,.F.);
#4691=ORIENTED_EDGE('',*,*,#3610,.F.);
#4692=ORIENTED_EDGE('',*,*,#3611,.F.);
#4693=ORIENTED_EDGE('',*,*,#3612,.F.);
#4694=ORIENTED_EDGE('',*,*,#3613,.F.);
#4695=ORIENTED_EDGE('',*,*,#3614,.F.);
#4696=ORIENTED_EDGE('',*,*,#3615,.F.);
#4697=ORIENTED_EDGE('',*,*,#3616,.F.);
#4698=ORIENTED_EDGE('',*,*,#3617,.F.);
#4699=ORIENTED_EDGE('',*,*,#3618,.F.);
#4700=ORIENTED_EDGE('',*,*,#3619,.F.);
#4701=ORIENTED_EDGE('',*,*,#3620,.F.);
#4702=ORIENTED_EDGE('',*,*,#3621,.F.);
#4703=ORIENTED_EDGE('',*,*,#3622,.F.);
#4704=ORIENTED_EDGE('',*,*,#3623,.F.);
#4705=ORIENTED_EDGE('',*,*,#3624,.F.);
#4706=ORIENTED_EDGE('',*,*,#3625,.F.);
#4707=ORIENTED_EDGE('',*,*,#3626,.F.);
#4708=ORIENTED_EDGE('',*,*,#3627,.F.);
#4709=ORIENTED_EDGE('',*,*,#3628,.F.);
#4710=ORIENTED_EDGE('',*,*,#3629,.F.);
#4711=ORIENTED_EDGE('',*,*,#3630,.F.);
#4712=ORIENTED_EDGE('',*,*,#3631,.F.);
#4713=ORIENTED_EDGE('',*,*,#3606,.F.);
#4714=ORIENTED_EDGE('',*,*,#3632,.T.);
#4715=ORIENTED_EDGE('',*,*,#3633,.F.);
#4716=ORIENTED_EDGE('',*,*,#3634,.F.);
#4717=ORIENTED_EDGE('',*,*,#3635,.T.);
#4718=ORIENTED_EDGE('',*,*,#3636,.T.);
#4719=ORIENTED_EDGE('',*,*,#3637,.T.);
#4720=ORIENTED_EDGE('',*,*,#3638,.F.);
#4721=ORIENTED_EDGE('',*,*,#3639,.F.);
#4722=ORIENTED_EDGE('',*,*,#3640,.T.);
#4723=ORIENTED_EDGE('',*,*,#3641,.T.);
#4724=ORIENTED_EDGE('',*,*,#3642,.F.);
#4725=ORIENTED_EDGE('',*,*,#3643,.F.);
#4726=ORIENTED_EDGE('',*,*,#3644,.T.);
#4727=ORIENTED_EDGE('',*,*,#3645,.F.);
#4728=ORIENTED_EDGE('',*,*,#3646,.F.);
#4729=ORIENTED_EDGE('',*,*,#3647,.T.);
#4730=ORIENTED_EDGE('',*,*,#3602,.T.);
#4731=ORIENTED_EDGE('',*,*,#3608,.T.);
#4732=ORIENTED_EDGE('',*,*,#3648,.T.);
#4733=ORIENTED_EDGE('',*,*,#3649,.T.);
#4734=ORIENTED_EDGE('',*,*,#3650,.T.);
#4735=ORIENTED_EDGE('',*,*,#3651,.T.);
#4736=ORIENTED_EDGE('',*,*,#3652,.T.);
#4737=ORIENTED_EDGE('',*,*,#3653,.T.);
#4738=ORIENTED_EDGE('',*,*,#3654,.T.);
#4739=ORIENTED_EDGE('',*,*,#3655,.T.);
#4740=ORIENTED_EDGE('',*,*,#3656,.T.);
#4741=ORIENTED_EDGE('',*,*,#3657,.T.);
#4742=ORIENTED_EDGE('',*,*,#3658,.T.);
#4743=ORIENTED_EDGE('',*,*,#3659,.T.);
#4744=ORIENTED_EDGE('',*,*,#3660,.T.);
#4745=ORIENTED_EDGE('',*,*,#3661,.T.);
#4746=ORIENTED_EDGE('',*,*,#3662,.T.);
#4747=ORIENTED_EDGE('',*,*,#3663,.T.);
#4748=ORIENTED_EDGE('',*,*,#3664,.T.);
#4749=ORIENTED_EDGE('',*,*,#3665,.T.);
#4750=ORIENTED_EDGE('',*,*,#3666,.T.);
#4751=ORIENTED_EDGE('',*,*,#3667,.T.);
#4752=ORIENTED_EDGE('',*,*,#3668,.T.);
#4753=ORIENTED_EDGE('',*,*,#3669,.T.);
#4754=ORIENTED_EDGE('',*,*,#3670,.T.);
#4755=ORIENTED_EDGE('',*,*,#3605,.T.);
#4756=ORIENTED_EDGE('',*,*,#3671,.F.);
#4757=ORIENTED_EDGE('',*,*,#3672,.F.);
#4758=ORIENTED_EDGE('',*,*,#3673,.T.);
#4759=ORIENTED_EDGE('',*,*,#3674,.T.);
#4760=ORIENTED_EDGE('',*,*,#3675,.F.);
#4761=ORIENTED_EDGE('',*,*,#3676,.T.);
#4762=ORIENTED_EDGE('',*,*,#3677,.T.);
#4763=ORIENTED_EDGE('',*,*,#3678,.F.);
#4764=ORIENTED_EDGE('',*,*,#3679,.F.);
#4765=ORIENTED_EDGE('',*,*,#3680,.T.);
#4766=ORIENTED_EDGE('',*,*,#3681,.T.);
#4767=ORIENTED_EDGE('',*,*,#3682,.F.);
#4768=ORIENTED_EDGE('',*,*,#3683,.F.);
#4769=ORIENTED_EDGE('',*,*,#3684,.F.);
#4770=ORIENTED_EDGE('',*,*,#3685,.T.);
#4771=ORIENTED_EDGE('',*,*,#3686,.T.);
#4772=ORIENTED_EDGE('',*,*,#3687,.F.);
#4773=ORIENTED_EDGE('',*,*,#3609,.T.);
#4774=ORIENTED_EDGE('',*,*,#3603,.T.);
#4775=ORIENTED_EDGE('',*,*,#3670,.F.);
#4776=ORIENTED_EDGE('',*,*,#3607,.F.);
#4777=ORIENTED_EDGE('',*,*,#3631,.T.);
#4778=ORIENTED_EDGE('',*,*,#3688,.T.);
#4779=ORIENTED_EDGE('',*,*,#3648,.F.);
#4780=ORIENTED_EDGE('',*,*,#3689,.F.);
#4781=ORIENTED_EDGE('',*,*,#3610,.T.);
#4782=ORIENTED_EDGE('',*,*,#3687,.T.);
#4783=ORIENTED_EDGE('',*,*,#3669,.F.);
#4784=ORIENTED_EDGE('',*,*,#3688,.F.);
#4785=ORIENTED_EDGE('',*,*,#3630,.T.);
#4786=ORIENTED_EDGE('',*,*,#3690,.T.);
#4787=ORIENTED_EDGE('',*,*,#3649,.F.);
#4788=ORIENTED_EDGE('',*,*,#3691,.F.);
#4789=ORIENTED_EDGE('',*,*,#3611,.T.);
#4790=ORIENTED_EDGE('',*,*,#3689,.T.);
#4791=ORIENTED_EDGE('',*,*,#3668,.F.);
#4792=ORIENTED_EDGE('',*,*,#3690,.F.);
#4793=ORIENTED_EDGE('',*,*,#3629,.T.);
#4794=ORIENTED_EDGE('',*,*,#3692,.T.);
#4795=ORIENTED_EDGE('',*,*,#3650,.F.);
#4796=ORIENTED_EDGE('',*,*,#3693,.F.);
#4797=ORIENTED_EDGE('',*,*,#3612,.T.);
#4798=ORIENTED_EDGE('',*,*,#3691,.T.);
#4799=ORIENTED_EDGE('',*,*,#3667,.F.);
#4800=ORIENTED_EDGE('',*,*,#3692,.F.);
#4801=ORIENTED_EDGE('',*,*,#3628,.T.);
#4802=ORIENTED_EDGE('',*,*,#3694,.T.);
#4803=ORIENTED_EDGE('',*,*,#3651,.F.);
#4804=ORIENTED_EDGE('',*,*,#3695,.F.);
#4805=ORIENTED_EDGE('',*,*,#3613,.T.);
#4806=ORIENTED_EDGE('',*,*,#3693,.T.);
#4807=ORIENTED_EDGE('',*,*,#3666,.F.);
#4808=ORIENTED_EDGE('',*,*,#3694,.F.);
#4809=ORIENTED_EDGE('',*,*,#3627,.T.);
#4810=ORIENTED_EDGE('',*,*,#3696,.T.);
#4811=ORIENTED_EDGE('',*,*,#3652,.F.);
#4812=ORIENTED_EDGE('',*,*,#3697,.F.);
#4813=ORIENTED_EDGE('',*,*,#3614,.T.);
#4814=ORIENTED_EDGE('',*,*,#3695,.T.);
#4815=ORIENTED_EDGE('',*,*,#3665,.F.);
#4816=ORIENTED_EDGE('',*,*,#3696,.F.);
#4817=ORIENTED_EDGE('',*,*,#3626,.T.);
#4818=ORIENTED_EDGE('',*,*,#3698,.T.);
#4819=ORIENTED_EDGE('',*,*,#3653,.F.);
#4820=ORIENTED_EDGE('',*,*,#3699,.F.);
#4821=ORIENTED_EDGE('',*,*,#3615,.T.);
#4822=ORIENTED_EDGE('',*,*,#3697,.T.);
#4823=ORIENTED_EDGE('',*,*,#3664,.F.);
#4824=ORIENTED_EDGE('',*,*,#3698,.F.);
#4825=ORIENTED_EDGE('',*,*,#3625,.T.);
#4826=ORIENTED_EDGE('',*,*,#3700,.T.);
#4827=ORIENTED_EDGE('',*,*,#3654,.F.);
#4828=ORIENTED_EDGE('',*,*,#3701,.F.);
#4829=ORIENTED_EDGE('',*,*,#3616,.T.);
#4830=ORIENTED_EDGE('',*,*,#3699,.T.);
#4831=ORIENTED_EDGE('',*,*,#3663,.F.);
#4832=ORIENTED_EDGE('',*,*,#3700,.F.);
#4833=ORIENTED_EDGE('',*,*,#3624,.T.);
#4834=ORIENTED_EDGE('',*,*,#3702,.T.);
#4835=ORIENTED_EDGE('',*,*,#3655,.F.);
#4836=ORIENTED_EDGE('',*,*,#3703,.F.);
#4837=ORIENTED_EDGE('',*,*,#3617,.T.);
#4838=ORIENTED_EDGE('',*,*,#3701,.T.);
#4839=ORIENTED_EDGE('',*,*,#3662,.F.);
#4840=ORIENTED_EDGE('',*,*,#3702,.F.);
#4841=ORIENTED_EDGE('',*,*,#3623,.T.);
#4842=ORIENTED_EDGE('',*,*,#3704,.T.);
#4843=ORIENTED_EDGE('',*,*,#3656,.F.);
#4844=ORIENTED_EDGE('',*,*,#3705,.F.);
#4845=ORIENTED_EDGE('',*,*,#3618,.T.);
#4846=ORIENTED_EDGE('',*,*,#3703,.T.);
#4847=ORIENTED_EDGE('',*,*,#3661,.F.);
#4848=ORIENTED_EDGE('',*,*,#3704,.F.);
#4849=ORIENTED_EDGE('',*,*,#3622,.T.);
#4850=ORIENTED_EDGE('',*,*,#3706,.T.);
#4851=ORIENTED_EDGE('',*,*,#3657,.F.);
#4852=ORIENTED_EDGE('',*,*,#3707,.F.);
#4853=ORIENTED_EDGE('',*,*,#3619,.T.);
#4854=ORIENTED_EDGE('',*,*,#3705,.T.);
#4855=ORIENTED_EDGE('',*,*,#3660,.F.);
#4856=ORIENTED_EDGE('',*,*,#3706,.F.);
#4857=ORIENTED_EDGE('',*,*,#3621,.T.);
#4858=ORIENTED_EDGE('',*,*,#3708,.T.);
#4859=ORIENTED_EDGE('',*,*,#3658,.F.);
#4860=ORIENTED_EDGE('',*,*,#3708,.F.);
#4861=ORIENTED_EDGE('',*,*,#3620,.T.);
#4862=ORIENTED_EDGE('',*,*,#3707,.T.);
#4863=ORIENTED_EDGE('',*,*,#3659,.F.);
#4864=ORIENTED_EDGE('',*,*,#3709,.F.);
#4865=ORIENTED_EDGE('',*,*,#3710,.F.);
#4866=ORIENTED_EDGE('',*,*,#3711,.T.);
#4867=ORIENTED_EDGE('',*,*,#3632,.F.);
#4868=ORIENTED_EDGE('',*,*,#3712,.T.);
#4869=ORIENTED_EDGE('',*,*,#3633,.T.);
#4870=ORIENTED_EDGE('',*,*,#3711,.F.);
#4871=ORIENTED_EDGE('',*,*,#3713,.F.);
#4872=ORIENTED_EDGE('',*,*,#3714,.T.);
#4873=ORIENTED_EDGE('',*,*,#3634,.T.);
#4874=ORIENTED_EDGE('',*,*,#3712,.F.);
#4875=ORIENTED_EDGE('',*,*,#3715,.T.);
#4876=ORIENTED_EDGE('',*,*,#3714,.F.);
#4877=ORIENTED_EDGE('',*,*,#3716,.T.);
#4878=ORIENTED_EDGE('',*,*,#3709,.T.);
#4879=ORIENTED_EDGE('',*,*,#3635,.F.);
#4880=ORIENTED_EDGE('',*,*,#3717,.F.);
#4881=ORIENTED_EDGE('',*,*,#3718,.T.);
#4882=ORIENTED_EDGE('',*,*,#3719,.T.);
#4883=ORIENTED_EDGE('',*,*,#3636,.F.);
#4884=ORIENTED_EDGE('',*,*,#3719,.F.);
#4885=ORIENTED_EDGE('',*,*,#3720,.F.);
#4886=ORIENTED_EDGE('',*,*,#3721,.T.);
#4887=ORIENTED_EDGE('',*,*,#3637,.F.);
#4888=ORIENTED_EDGE('',*,*,#3722,.T.);
#4889=ORIENTED_EDGE('',*,*,#3638,.T.);
#4890=ORIENTED_EDGE('',*,*,#3721,.F.);
#4891=ORIENTED_EDGE('',*,*,#3723,.F.);
#4892=ORIENTED_EDGE('',*,*,#3717,.T.);
#4893=ORIENTED_EDGE('',*,*,#3639,.T.);
#4894=ORIENTED_EDGE('',*,*,#3722,.F.);
#4895=ORIENTED_EDGE('',*,*,#3724,.T.);
#4896=ORIENTED_EDGE('',*,*,#3725,.F.);
#4897=ORIENTED_EDGE('',*,*,#3726,.T.);
#4898=ORIENTED_EDGE('',*,*,#3727,.T.);
#4899=ORIENTED_EDGE('',*,*,#3640,.F.);
#4900=ORIENTED_EDGE('',*,*,#3727,.F.);
#4901=ORIENTED_EDGE('',*,*,#3728,.F.);
#4902=ORIENTED_EDGE('',*,*,#3729,.T.);
#4903=ORIENTED_EDGE('',*,*,#3641,.F.);
#4904=ORIENTED_EDGE('',*,*,#3730,.T.);
#4905=ORIENTED_EDGE('',*,*,#3642,.T.);
#4906=ORIENTED_EDGE('',*,*,#3729,.F.);
#4907=ORIENTED_EDGE('',*,*,#3731,.F.);
#4908=ORIENTED_EDGE('',*,*,#3725,.T.);
#4909=ORIENTED_EDGE('',*,*,#3643,.T.);
#4910=ORIENTED_EDGE('',*,*,#3730,.F.);
#4911=ORIENTED_EDGE('',*,*,#3732,.T.);
#4912=ORIENTED_EDGE('',*,*,#3733,.F.);
#4913=ORIENTED_EDGE('',*,*,#3734,.F.);
#4914=ORIENTED_EDGE('',*,*,#3735,.T.);
#4915=ORIENTED_EDGE('',*,*,#3644,.F.);
#4916=ORIENTED_EDGE('',*,*,#3736,.T.);
#4917=ORIENTED_EDGE('',*,*,#3645,.T.);
#4918=ORIENTED_EDGE('',*,*,#3735,.F.);
#4919=ORIENTED_EDGE('',*,*,#3737,.F.);
#4920=ORIENTED_EDGE('',*,*,#3738,.T.);
#4921=ORIENTED_EDGE('',*,*,#3646,.T.);
#4922=ORIENTED_EDGE('',*,*,#3736,.F.);
#4923=ORIENTED_EDGE('',*,*,#3739,.T.);
#4924=ORIENTED_EDGE('',*,*,#3738,.F.);
#4925=ORIENTED_EDGE('',*,*,#3740,.T.);
#4926=ORIENTED_EDGE('',*,*,#3733,.T.);
#4927=ORIENTED_EDGE('',*,*,#3647,.F.);
#4928=ORIENTED_EDGE('',*,*,#3741,.F.);
#4929=ORIENTED_EDGE('',*,*,#3671,.T.);
#4930=ORIENTED_EDGE('',*,*,#3742,.T.);
#4931=ORIENTED_EDGE('',*,*,#3743,.T.);
#4932=ORIENTED_EDGE('',*,*,#3744,.T.);
#4933=ORIENTED_EDGE('',*,*,#3745,.T.);
#4934=ORIENTED_EDGE('',*,*,#3742,.F.);
#4935=ORIENTED_EDGE('',*,*,#3674,.F.);
#4936=ORIENTED_EDGE('',*,*,#3746,.T.);
#4937=ORIENTED_EDGE('',*,*,#3747,.F.);
#4938=ORIENTED_EDGE('',*,*,#3744,.F.);
#4939=ORIENTED_EDGE('',*,*,#3673,.F.);
#4940=ORIENTED_EDGE('',*,*,#3746,.F.);
#4941=ORIENTED_EDGE('',*,*,#3672,.T.);
#4942=ORIENTED_EDGE('',*,*,#3741,.T.);
#4943=ORIENTED_EDGE('',*,*,#3748,.F.);
#4944=ORIENTED_EDGE('',*,*,#3749,.F.);
#4945=ORIENTED_EDGE('',*,*,#3675,.T.);
#4946=ORIENTED_EDGE('',*,*,#3750,.T.);
#4947=ORIENTED_EDGE('',*,*,#3751,.F.);
#4948=ORIENTED_EDGE('',*,*,#3750,.F.);
#4949=ORIENTED_EDGE('',*,*,#3678,.T.);
#4950=ORIENTED_EDGE('',*,*,#3752,.T.);
#4951=ORIENTED_EDGE('',*,*,#3753,.T.);
#4952=ORIENTED_EDGE('',*,*,#3754,.T.);
#4953=ORIENTED_EDGE('',*,*,#3755,.T.);
#4954=ORIENTED_EDGE('',*,*,#3752,.F.);
#4955=ORIENTED_EDGE('',*,*,#3677,.F.);
#4956=ORIENTED_EDGE('',*,*,#3749,.T.);
#4957=ORIENTED_EDGE('',*,*,#3756,.F.);
#4958=ORIENTED_EDGE('',*,*,#3754,.F.);
#4959=ORIENTED_EDGE('',*,*,#3676,.F.);
#4960=ORIENTED_EDGE('',*,*,#3757,.F.);
#4961=ORIENTED_EDGE('',*,*,#3679,.T.);
#4962=ORIENTED_EDGE('',*,*,#3758,.T.);
#4963=ORIENTED_EDGE('',*,*,#3759,.F.);
#4964=ORIENTED_EDGE('',*,*,#3758,.F.);
#4965=ORIENTED_EDGE('',*,*,#3682,.T.);
#4966=ORIENTED_EDGE('',*,*,#3760,.T.);
#4967=ORIENTED_EDGE('',*,*,#3761,.T.);
#4968=ORIENTED_EDGE('',*,*,#3762,.T.);
#4969=ORIENTED_EDGE('',*,*,#3763,.T.);
#4970=ORIENTED_EDGE('',*,*,#3760,.F.);
#4971=ORIENTED_EDGE('',*,*,#3681,.F.);
#4972=ORIENTED_EDGE('',*,*,#3757,.T.);
#4973=ORIENTED_EDGE('',*,*,#3764,.F.);
#4974=ORIENTED_EDGE('',*,*,#3762,.F.);
#4975=ORIENTED_EDGE('',*,*,#3680,.F.);
#4976=ORIENTED_EDGE('',*,*,#3765,.F.);
#4977=ORIENTED_EDGE('',*,*,#3683,.T.);
#4978=ORIENTED_EDGE('',*,*,#3766,.T.);
#4979=ORIENTED_EDGE('',*,*,#3767,.T.);
#4980=ORIENTED_EDGE('',*,*,#3768,.T.);
#4981=ORIENTED_EDGE('',*,*,#3769,.T.);
#4982=ORIENTED_EDGE('',*,*,#3766,.F.);
#4983=ORIENTED_EDGE('',*,*,#3686,.F.);
#4984=ORIENTED_EDGE('',*,*,#3770,.T.);
#4985=ORIENTED_EDGE('',*,*,#3771,.F.);
#4986=ORIENTED_EDGE('',*,*,#3768,.F.);
#4987=ORIENTED_EDGE('',*,*,#3685,.F.);
#4988=ORIENTED_EDGE('',*,*,#3770,.F.);
#4989=ORIENTED_EDGE('',*,*,#3684,.T.);
#4990=ORIENTED_EDGE('',*,*,#3765,.T.);
#4991=ORIENTED_EDGE('',*,*,#3772,.F.);
#4992=ORIENTED_EDGE('',*,*,#3773,.F.);
#4993=ORIENTED_EDGE('',*,*,#3710,.T.);
#4994=ORIENTED_EDGE('',*,*,#3774,.T.);
#4995=ORIENTED_EDGE('',*,*,#3775,.F.);
#4996=ORIENTED_EDGE('',*,*,#3776,.F.);
#4997=ORIENTED_EDGE('',*,*,#3713,.T.);
#4998=ORIENTED_EDGE('',*,*,#3773,.T.);
#4999=ORIENTED_EDGE('',*,*,#3777,.F.);
#5000=ORIENTED_EDGE('',*,*,#3776,.T.);
#5001=ORIENTED_EDGE('',*,*,#3778,.T.);
#5002=ORIENTED_EDGE('',*,*,#3779,.F.);
#5003=ORIENTED_EDGE('',*,*,#3715,.F.);
#5004=ORIENTED_EDGE('',*,*,#3779,.T.);
#5005=ORIENTED_EDGE('',*,*,#3780,.T.);
#5006=ORIENTED_EDGE('',*,*,#3774,.F.);
#5007=ORIENTED_EDGE('',*,*,#3716,.F.);
#5008=ORIENTED_EDGE('',*,*,#3781,.T.);
#5009=ORIENTED_EDGE('',*,*,#3782,.T.);
#5010=ORIENTED_EDGE('',*,*,#3783,.F.);
#5011=ORIENTED_EDGE('',*,*,#3718,.F.);
#5012=ORIENTED_EDGE('',*,*,#3784,.F.);
#5013=ORIENTED_EDGE('',*,*,#3720,.T.);
#5014=ORIENTED_EDGE('',*,*,#3783,.T.);
#5015=ORIENTED_EDGE('',*,*,#3785,.F.);
#5016=ORIENTED_EDGE('',*,*,#3786,.F.);
#5017=ORIENTED_EDGE('',*,*,#3723,.T.);
#5018=ORIENTED_EDGE('',*,*,#3784,.T.);
#5019=ORIENTED_EDGE('',*,*,#3787,.F.);
#5020=ORIENTED_EDGE('',*,*,#3786,.T.);
#5021=ORIENTED_EDGE('',*,*,#3788,.T.);
#5022=ORIENTED_EDGE('',*,*,#3781,.F.);
#5023=ORIENTED_EDGE('',*,*,#3724,.F.);
#5024=ORIENTED_EDGE('',*,*,#3789,.T.);
#5025=ORIENTED_EDGE('',*,*,#3790,.T.);
#5026=ORIENTED_EDGE('',*,*,#3791,.F.);
#5027=ORIENTED_EDGE('',*,*,#3726,.F.);
#5028=ORIENTED_EDGE('',*,*,#3792,.F.);
#5029=ORIENTED_EDGE('',*,*,#3728,.T.);
#5030=ORIENTED_EDGE('',*,*,#3791,.T.);
#5031=ORIENTED_EDGE('',*,*,#3793,.F.);
#5032=ORIENTED_EDGE('',*,*,#3794,.F.);
#5033=ORIENTED_EDGE('',*,*,#3731,.T.);
#5034=ORIENTED_EDGE('',*,*,#3792,.T.);
#5035=ORIENTED_EDGE('',*,*,#3795,.F.);
#5036=ORIENTED_EDGE('',*,*,#3794,.T.);
#5037=ORIENTED_EDGE('',*,*,#3796,.T.);
#5038=ORIENTED_EDGE('',*,*,#3789,.F.);
#5039=ORIENTED_EDGE('',*,*,#3732,.F.);
#5040=ORIENTED_EDGE('',*,*,#3797,.F.);
#5041=ORIENTED_EDGE('',*,*,#3734,.T.);
#5042=ORIENTED_EDGE('',*,*,#3798,.T.);
#5043=ORIENTED_EDGE('',*,*,#3799,.F.);
#5044=ORIENTED_EDGE('',*,*,#3800,.F.);
#5045=ORIENTED_EDGE('',*,*,#3737,.T.);
#5046=ORIENTED_EDGE('',*,*,#3797,.T.);
#5047=ORIENTED_EDGE('',*,*,#3801,.F.);
#5048=ORIENTED_EDGE('',*,*,#3800,.T.);
#5049=ORIENTED_EDGE('',*,*,#3802,.T.);
#5050=ORIENTED_EDGE('',*,*,#3803,.F.);
#5051=ORIENTED_EDGE('',*,*,#3739,.F.);
#5052=ORIENTED_EDGE('',*,*,#3803,.T.);
#5053=ORIENTED_EDGE('',*,*,#3804,.T.);
#5054=ORIENTED_EDGE('',*,*,#3798,.F.);
#5055=ORIENTED_EDGE('',*,*,#3740,.F.);
#5056=ORIENTED_EDGE('',*,*,#3805,.T.);
#5057=ORIENTED_EDGE('',*,*,#3806,.T.);
#5058=ORIENTED_EDGE('',*,*,#3807,.F.);
#5059=ORIENTED_EDGE('',*,*,#3743,.F.);
#5060=ORIENTED_EDGE('',*,*,#3808,.T.);
#5061=ORIENTED_EDGE('',*,*,#3809,.T.);
#5062=ORIENTED_EDGE('',*,*,#3805,.F.);
#5063=ORIENTED_EDGE('',*,*,#3745,.F.);
#5064=ORIENTED_EDGE('',*,*,#3808,.F.);
#5065=ORIENTED_EDGE('',*,*,#3747,.T.);
#5066=ORIENTED_EDGE('',*,*,#3810,.T.);
#5067=ORIENTED_EDGE('',*,*,#3811,.F.);
#5068=ORIENTED_EDGE('',*,*,#3810,.F.);
#5069=ORIENTED_EDGE('',*,*,#3748,.T.);
#5070=ORIENTED_EDGE('',*,*,#3807,.T.);
#5071=ORIENTED_EDGE('',*,*,#3812,.F.);
#5072=ORIENTED_EDGE('',*,*,#3813,.F.);
#5073=ORIENTED_EDGE('',*,*,#3751,.T.);
#5074=ORIENTED_EDGE('',*,*,#3814,.T.);
#5075=ORIENTED_EDGE('',*,*,#3815,.F.);
#5076=ORIENTED_EDGE('',*,*,#3816,.T.);
#5077=ORIENTED_EDGE('',*,*,#3817,.T.);
#5078=ORIENTED_EDGE('',*,*,#3814,.F.);
#5079=ORIENTED_EDGE('',*,*,#3753,.F.);
#5080=ORIENTED_EDGE('',*,*,#3818,.T.);
#5081=ORIENTED_EDGE('',*,*,#3819,.T.);
#5082=ORIENTED_EDGE('',*,*,#3816,.F.);
#5083=ORIENTED_EDGE('',*,*,#3755,.F.);
#5084=ORIENTED_EDGE('',*,*,#3818,.F.);
#5085=ORIENTED_EDGE('',*,*,#3756,.T.);
#5086=ORIENTED_EDGE('',*,*,#3813,.T.);
#5087=ORIENTED_EDGE('',*,*,#3820,.F.);
#5088=ORIENTED_EDGE('',*,*,#3821,.F.);
#5089=ORIENTED_EDGE('',*,*,#3759,.T.);
#5090=ORIENTED_EDGE('',*,*,#3822,.T.);
#5091=ORIENTED_EDGE('',*,*,#3823,.F.);
#5092=ORIENTED_EDGE('',*,*,#3824,.T.);
#5093=ORIENTED_EDGE('',*,*,#3825,.T.);
#5094=ORIENTED_EDGE('',*,*,#3822,.F.);
#5095=ORIENTED_EDGE('',*,*,#3761,.F.);
#5096=ORIENTED_EDGE('',*,*,#3826,.T.);
#5097=ORIENTED_EDGE('',*,*,#3827,.T.);
#5098=ORIENTED_EDGE('',*,*,#3824,.F.);
#5099=ORIENTED_EDGE('',*,*,#3763,.F.);
#5100=ORIENTED_EDGE('',*,*,#3826,.F.);
#5101=ORIENTED_EDGE('',*,*,#3764,.T.);
#5102=ORIENTED_EDGE('',*,*,#3821,.T.);
#5103=ORIENTED_EDGE('',*,*,#3828,.F.);
#5104=ORIENTED_EDGE('',*,*,#3829,.T.);
#5105=ORIENTED_EDGE('',*,*,#3830,.T.);
#5106=ORIENTED_EDGE('',*,*,#3831,.F.);
#5107=ORIENTED_EDGE('',*,*,#3767,.F.);
#5108=ORIENTED_EDGE('',*,*,#3832,.T.);
#5109=ORIENTED_EDGE('',*,*,#3833,.T.);
#5110=ORIENTED_EDGE('',*,*,#3829,.F.);
#5111=ORIENTED_EDGE('',*,*,#3769,.F.);
#5112=ORIENTED_EDGE('',*,*,#3832,.F.);
#5113=ORIENTED_EDGE('',*,*,#3771,.T.);
#5114=ORIENTED_EDGE('',*,*,#3834,.T.);
#5115=ORIENTED_EDGE('',*,*,#3835,.F.);
#5116=ORIENTED_EDGE('',*,*,#3834,.F.);
#5117=ORIENTED_EDGE('',*,*,#3772,.T.);
#5118=ORIENTED_EDGE('',*,*,#3831,.T.);
#5119=ORIENTED_EDGE('',*,*,#3836,.F.);
#5120=ORIENTED_EDGE('',*,*,#3780,.F.);
#5121=ORIENTED_EDGE('',*,*,#3778,.F.);
#5122=ORIENTED_EDGE('',*,*,#3777,.T.);
#5123=ORIENTED_EDGE('',*,*,#3775,.T.);
#5124=ORIENTED_EDGE('',*,*,#3782,.F.);
#5125=ORIENTED_EDGE('',*,*,#3788,.F.);
#5126=ORIENTED_EDGE('',*,*,#3787,.T.);
#5127=ORIENTED_EDGE('',*,*,#3785,.T.);
#5128=ORIENTED_EDGE('',*,*,#3790,.F.);
#5129=ORIENTED_EDGE('',*,*,#3796,.F.);
#5130=ORIENTED_EDGE('',*,*,#3795,.T.);
#5131=ORIENTED_EDGE('',*,*,#3793,.T.);
#5132=ORIENTED_EDGE('',*,*,#3804,.F.);
#5133=ORIENTED_EDGE('',*,*,#3802,.F.);
#5134=ORIENTED_EDGE('',*,*,#3801,.T.);
#5135=ORIENTED_EDGE('',*,*,#3799,.T.);
#5136=ORIENTED_EDGE('',*,*,#3812,.T.);
#5137=ORIENTED_EDGE('',*,*,#3806,.F.);
#5138=ORIENTED_EDGE('',*,*,#3809,.F.);
#5139=ORIENTED_EDGE('',*,*,#3811,.T.);
#5140=ORIENTED_EDGE('',*,*,#3815,.T.);
#5141=ORIENTED_EDGE('',*,*,#3817,.F.);
#5142=ORIENTED_EDGE('',*,*,#3819,.F.);
#5143=ORIENTED_EDGE('',*,*,#3820,.T.);
#5144=ORIENTED_EDGE('',*,*,#3823,.T.);
#5145=ORIENTED_EDGE('',*,*,#3825,.F.);
#5146=ORIENTED_EDGE('',*,*,#3827,.F.);
#5147=ORIENTED_EDGE('',*,*,#3828,.T.);
#5148=ORIENTED_EDGE('',*,*,#3836,.T.);
#5149=ORIENTED_EDGE('',*,*,#3830,.F.);
#5150=ORIENTED_EDGE('',*,*,#3833,.F.);
#5151=ORIENTED_EDGE('',*,*,#3835,.T.);
#5152=ORIENTED_EDGE('',*,*,#3837,.T.);
#5153=ORIENTED_EDGE('',*,*,#3838,.T.);
#5154=ORIENTED_EDGE('',*,*,#3839,.F.);
#5155=ORIENTED_EDGE('',*,*,#3840,.F.);
#5156=ORIENTED_EDGE('',*,*,#3841,.T.);
#5157=ORIENTED_EDGE('',*,*,#3842,.T.);
#5158=ORIENTED_EDGE('',*,*,#3837,.F.);
#5159=ORIENTED_EDGE('',*,*,#3843,.F.);
#5160=ORIENTED_EDGE('',*,*,#3839,.T.);
#5161=ORIENTED_EDGE('',*,*,#3844,.T.);
#5162=ORIENTED_EDGE('',*,*,#3845,.F.);
#5163=ORIENTED_EDGE('',*,*,#3846,.F.);
#5164=ORIENTED_EDGE('',*,*,#3840,.T.);
#5165=ORIENTED_EDGE('',*,*,#3846,.T.);
#5166=ORIENTED_EDGE('',*,*,#3847,.T.);
#5167=ORIENTED_EDGE('',*,*,#3843,.T.);
#5168=ORIENTED_EDGE('',*,*,#3848,.F.);
#5169=ORIENTED_EDGE('',*,*,#3849,.F.);
#5170=ORIENTED_EDGE('',*,*,#3850,.F.);
#5171=ORIENTED_EDGE('',*,*,#3851,.F.);
#5172=ORIENTED_EDGE('',*,*,#3852,.F.);
#5173=ORIENTED_EDGE('',*,*,#3853,.F.);
#5174=ORIENTED_EDGE('',*,*,#3854,.F.);
#5175=ORIENTED_EDGE('',*,*,#3855,.F.);
#5176=ORIENTED_EDGE('',*,*,#3856,.F.);
#5177=ORIENTED_EDGE('',*,*,#3857,.F.);
#5178=ORIENTED_EDGE('',*,*,#3858,.F.);
#5179=ORIENTED_EDGE('',*,*,#3859,.F.);
#5180=ORIENTED_EDGE('',*,*,#3860,.F.);
#5181=ORIENTED_EDGE('',*,*,#3861,.F.);
#5182=ORIENTED_EDGE('',*,*,#3862,.F.);
#5183=ORIENTED_EDGE('',*,*,#3863,.F.);
#5184=ORIENTED_EDGE('',*,*,#3864,.F.);
#5185=ORIENTED_EDGE('',*,*,#3865,.F.);
#5186=ORIENTED_EDGE('',*,*,#3866,.F.);
#5187=ORIENTED_EDGE('',*,*,#3867,.F.);
#5188=ORIENTED_EDGE('',*,*,#3868,.F.);
#5189=ORIENTED_EDGE('',*,*,#3869,.F.);
#5190=ORIENTED_EDGE('',*,*,#3870,.F.);
#5191=ORIENTED_EDGE('',*,*,#3871,.F.);
#5192=ORIENTED_EDGE('',*,*,#3872,.F.);
#5193=ORIENTED_EDGE('',*,*,#3873,.F.);
#5194=ORIENTED_EDGE('',*,*,#3874,.F.);
#5195=ORIENTED_EDGE('',*,*,#3875,.F.);
#5196=ORIENTED_EDGE('',*,*,#3876,.F.);
#5197=ORIENTED_EDGE('',*,*,#3877,.F.);
#5198=ORIENTED_EDGE('',*,*,#3878,.F.);
#5199=ORIENTED_EDGE('',*,*,#3879,.F.);
#5200=ORIENTED_EDGE('',*,*,#3880,.F.);
#5201=ORIENTED_EDGE('',*,*,#3881,.F.);
#5202=ORIENTED_EDGE('',*,*,#3882,.F.);
#5203=ORIENTED_EDGE('',*,*,#3883,.F.);
#5204=ORIENTED_EDGE('',*,*,#3884,.F.);
#5205=ORIENTED_EDGE('',*,*,#3885,.F.);
#5206=ORIENTED_EDGE('',*,*,#3886,.F.);
#5207=ORIENTED_EDGE('',*,*,#3887,.F.);
#5208=ORIENTED_EDGE('',*,*,#3888,.F.);
#5209=ORIENTED_EDGE('',*,*,#3889,.F.);
#5210=ORIENTED_EDGE('',*,*,#3890,.F.);
#5211=ORIENTED_EDGE('',*,*,#3891,.F.);
#5212=ORIENTED_EDGE('',*,*,#3892,.F.);
#5213=ORIENTED_EDGE('',*,*,#3893,.F.);
#5214=ORIENTED_EDGE('',*,*,#3894,.F.);
#5215=ORIENTED_EDGE('',*,*,#3895,.F.);
#5216=ORIENTED_EDGE('',*,*,#3896,.F.);
#5217=ORIENTED_EDGE('',*,*,#3897,.F.);
#5218=ORIENTED_EDGE('',*,*,#3898,.F.);
#5219=ORIENTED_EDGE('',*,*,#3899,.F.);
#5220=ORIENTED_EDGE('',*,*,#3900,.F.);
#5221=ORIENTED_EDGE('',*,*,#3901,.F.);
#5222=ORIENTED_EDGE('',*,*,#3902,.F.);
#5223=ORIENTED_EDGE('',*,*,#3903,.F.);
#5224=ORIENTED_EDGE('',*,*,#3904,.F.);
#5225=ORIENTED_EDGE('',*,*,#3905,.F.);
#5226=ORIENTED_EDGE('',*,*,#3906,.F.);
#5227=ORIENTED_EDGE('',*,*,#3907,.F.);
#5228=ORIENTED_EDGE('',*,*,#3908,.F.);
#5229=ORIENTED_EDGE('',*,*,#3909,.F.);
#5230=ORIENTED_EDGE('',*,*,#3910,.F.);
#5231=ORIENTED_EDGE('',*,*,#3911,.F.);
#5232=ORIENTED_EDGE('',*,*,#3912,.F.);
#5233=ORIENTED_EDGE('',*,*,#3913,.F.);
#5234=ORIENTED_EDGE('',*,*,#3914,.F.);
#5235=ORIENTED_EDGE('',*,*,#3915,.F.);
#5236=ORIENTED_EDGE('',*,*,#3916,.F.);
#5237=ORIENTED_EDGE('',*,*,#3917,.F.);
#5238=ORIENTED_EDGE('',*,*,#3918,.F.);
#5239=ORIENTED_EDGE('',*,*,#3919,.F.);
#5240=ORIENTED_EDGE('',*,*,#3920,.F.);
#5241=ORIENTED_EDGE('',*,*,#3921,.F.);
#5242=ORIENTED_EDGE('',*,*,#3922,.F.);
#5243=ORIENTED_EDGE('',*,*,#3923,.F.);
#5244=ORIENTED_EDGE('',*,*,#3924,.F.);
#5245=ORIENTED_EDGE('',*,*,#3925,.F.);
#5246=ORIENTED_EDGE('',*,*,#3926,.F.);
#5247=ORIENTED_EDGE('',*,*,#3927,.F.);
#5248=ORIENTED_EDGE('',*,*,#3928,.F.);
#5249=ORIENTED_EDGE('',*,*,#3838,.F.);
#5250=ORIENTED_EDGE('',*,*,#3842,.F.);
#5251=ORIENTED_EDGE('',*,*,#3929,.F.);
#5252=ORIENTED_EDGE('',*,*,#3844,.F.);
#5253=ORIENTED_EDGE('',*,*,#3930,.T.);
#5254=ORIENTED_EDGE('',*,*,#3931,.T.);
#5255=ORIENTED_EDGE('',*,*,#3932,.T.);
#5256=ORIENTED_EDGE('',*,*,#3933,.T.);
#5257=ORIENTED_EDGE('',*,*,#3934,.T.);
#5258=ORIENTED_EDGE('',*,*,#3935,.T.);
#5259=ORIENTED_EDGE('',*,*,#3936,.T.);
#5260=ORIENTED_EDGE('',*,*,#3937,.T.);
#5261=ORIENTED_EDGE('',*,*,#3938,.T.);
#5262=ORIENTED_EDGE('',*,*,#3939,.T.);
#5263=ORIENTED_EDGE('',*,*,#3940,.T.);
#5264=ORIENTED_EDGE('',*,*,#3941,.T.);
#5265=ORIENTED_EDGE('',*,*,#3942,.T.);
#5266=ORIENTED_EDGE('',*,*,#3943,.T.);
#5267=ORIENTED_EDGE('',*,*,#3944,.T.);
#5268=ORIENTED_EDGE('',*,*,#3945,.T.);
#5269=ORIENTED_EDGE('',*,*,#3946,.T.);
#5270=ORIENTED_EDGE('',*,*,#3947,.T.);
#5271=ORIENTED_EDGE('',*,*,#3948,.T.);
#5272=ORIENTED_EDGE('',*,*,#3949,.T.);
#5273=ORIENTED_EDGE('',*,*,#3950,.T.);
#5274=ORIENTED_EDGE('',*,*,#3951,.T.);
#5275=ORIENTED_EDGE('',*,*,#3952,.T.);
#5276=ORIENTED_EDGE('',*,*,#3953,.T.);
#5277=ORIENTED_EDGE('',*,*,#3954,.T.);
#5278=ORIENTED_EDGE('',*,*,#3955,.T.);
#5279=ORIENTED_EDGE('',*,*,#3956,.T.);
#5280=ORIENTED_EDGE('',*,*,#3957,.T.);
#5281=ORIENTED_EDGE('',*,*,#3958,.T.);
#5282=ORIENTED_EDGE('',*,*,#3959,.T.);
#5283=ORIENTED_EDGE('',*,*,#3960,.T.);
#5284=ORIENTED_EDGE('',*,*,#3961,.T.);
#5285=ORIENTED_EDGE('',*,*,#3962,.T.);
#5286=ORIENTED_EDGE('',*,*,#3963,.T.);
#5287=ORIENTED_EDGE('',*,*,#3964,.T.);
#5288=ORIENTED_EDGE('',*,*,#3965,.T.);
#5289=ORIENTED_EDGE('',*,*,#3966,.T.);
#5290=ORIENTED_EDGE('',*,*,#3967,.T.);
#5291=ORIENTED_EDGE('',*,*,#3968,.T.);
#5292=ORIENTED_EDGE('',*,*,#3969,.T.);
#5293=ORIENTED_EDGE('',*,*,#3970,.T.);
#5294=ORIENTED_EDGE('',*,*,#3971,.T.);
#5295=ORIENTED_EDGE('',*,*,#3972,.T.);
#5296=ORIENTED_EDGE('',*,*,#3973,.T.);
#5297=ORIENTED_EDGE('',*,*,#3974,.T.);
#5298=ORIENTED_EDGE('',*,*,#3975,.T.);
#5299=ORIENTED_EDGE('',*,*,#3976,.T.);
#5300=ORIENTED_EDGE('',*,*,#3977,.T.);
#5301=ORIENTED_EDGE('',*,*,#3978,.T.);
#5302=ORIENTED_EDGE('',*,*,#3979,.T.);
#5303=ORIENTED_EDGE('',*,*,#3980,.T.);
#5304=ORIENTED_EDGE('',*,*,#3981,.T.);
#5305=ORIENTED_EDGE('',*,*,#3982,.T.);
#5306=ORIENTED_EDGE('',*,*,#3983,.T.);
#5307=ORIENTED_EDGE('',*,*,#3984,.T.);
#5308=ORIENTED_EDGE('',*,*,#3985,.T.);
#5309=ORIENTED_EDGE('',*,*,#3986,.T.);
#5310=ORIENTED_EDGE('',*,*,#3987,.T.);
#5311=ORIENTED_EDGE('',*,*,#3988,.T.);
#5312=ORIENTED_EDGE('',*,*,#3989,.T.);
#5313=ORIENTED_EDGE('',*,*,#3990,.T.);
#5314=ORIENTED_EDGE('',*,*,#3991,.T.);
#5315=ORIENTED_EDGE('',*,*,#3992,.T.);
#5316=ORIENTED_EDGE('',*,*,#3993,.T.);
#5317=ORIENTED_EDGE('',*,*,#3994,.T.);
#5318=ORIENTED_EDGE('',*,*,#3995,.T.);
#5319=ORIENTED_EDGE('',*,*,#3996,.T.);
#5320=ORIENTED_EDGE('',*,*,#3997,.T.);
#5321=ORIENTED_EDGE('',*,*,#3998,.T.);
#5322=ORIENTED_EDGE('',*,*,#3999,.T.);
#5323=ORIENTED_EDGE('',*,*,#4000,.T.);
#5324=ORIENTED_EDGE('',*,*,#4001,.T.);
#5325=ORIENTED_EDGE('',*,*,#4002,.T.);
#5326=ORIENTED_EDGE('',*,*,#4003,.T.);
#5327=ORIENTED_EDGE('',*,*,#4004,.T.);
#5328=ORIENTED_EDGE('',*,*,#4005,.T.);
#5329=ORIENTED_EDGE('',*,*,#4006,.T.);
#5330=ORIENTED_EDGE('',*,*,#4007,.T.);
#5331=ORIENTED_EDGE('',*,*,#4008,.T.);
#5332=ORIENTED_EDGE('',*,*,#4009,.T.);
#5333=ORIENTED_EDGE('',*,*,#4010,.T.);
#5334=ORIENTED_EDGE('',*,*,#3845,.T.);
#5335=ORIENTED_EDGE('',*,*,#3929,.T.);
#5336=ORIENTED_EDGE('',*,*,#3841,.F.);
#5337=ORIENTED_EDGE('',*,*,#3847,.F.);
#5338=ORIENTED_EDGE('',*,*,#3930,.F.);
#5339=ORIENTED_EDGE('',*,*,#4011,.T.);
#5340=ORIENTED_EDGE('',*,*,#3848,.T.);
#5341=ORIENTED_EDGE('',*,*,#4011,.F.);
#5342=ORIENTED_EDGE('',*,*,#3931,.F.);
#5343=ORIENTED_EDGE('',*,*,#4012,.T.);
#5344=ORIENTED_EDGE('',*,*,#3849,.T.);
#5345=ORIENTED_EDGE('',*,*,#4012,.F.);
#5346=ORIENTED_EDGE('',*,*,#3932,.F.);
#5347=ORIENTED_EDGE('',*,*,#4013,.T.);
#5348=ORIENTED_EDGE('',*,*,#3850,.T.);
#5349=ORIENTED_EDGE('',*,*,#4013,.F.);
#5350=ORIENTED_EDGE('',*,*,#3933,.F.);
#5351=ORIENTED_EDGE('',*,*,#4014,.T.);
#5352=ORIENTED_EDGE('',*,*,#3851,.T.);
#5353=ORIENTED_EDGE('',*,*,#4014,.F.);
#5354=ORIENTED_EDGE('',*,*,#3934,.F.);
#5355=ORIENTED_EDGE('',*,*,#4015,.T.);
#5356=ORIENTED_EDGE('',*,*,#3852,.T.);
#5357=ORIENTED_EDGE('',*,*,#4015,.F.);
#5358=ORIENTED_EDGE('',*,*,#3935,.F.);
#5359=ORIENTED_EDGE('',*,*,#4016,.T.);
#5360=ORIENTED_EDGE('',*,*,#3853,.T.);
#5361=ORIENTED_EDGE('',*,*,#4016,.F.);
#5362=ORIENTED_EDGE('',*,*,#3936,.F.);
#5363=ORIENTED_EDGE('',*,*,#4017,.T.);
#5364=ORIENTED_EDGE('',*,*,#3854,.T.);
#5365=ORIENTED_EDGE('',*,*,#4017,.F.);
#5366=ORIENTED_EDGE('',*,*,#3937,.F.);
#5367=ORIENTED_EDGE('',*,*,#4018,.T.);
#5368=ORIENTED_EDGE('',*,*,#3855,.T.);
#5369=ORIENTED_EDGE('',*,*,#4018,.F.);
#5370=ORIENTED_EDGE('',*,*,#3938,.F.);
#5371=ORIENTED_EDGE('',*,*,#4019,.T.);
#5372=ORIENTED_EDGE('',*,*,#3856,.T.);
#5373=ORIENTED_EDGE('',*,*,#4019,.F.);
#5374=ORIENTED_EDGE('',*,*,#3939,.F.);
#5375=ORIENTED_EDGE('',*,*,#4020,.T.);
#5376=ORIENTED_EDGE('',*,*,#3857,.T.);
#5377=ORIENTED_EDGE('',*,*,#4020,.F.);
#5378=ORIENTED_EDGE('',*,*,#3940,.F.);
#5379=ORIENTED_EDGE('',*,*,#4021,.T.);
#5380=ORIENTED_EDGE('',*,*,#3858,.T.);
#5381=ORIENTED_EDGE('',*,*,#4021,.F.);
#5382=ORIENTED_EDGE('',*,*,#3941,.F.);
#5383=ORIENTED_EDGE('',*,*,#4022,.T.);
#5384=ORIENTED_EDGE('',*,*,#3859,.T.);
#5385=ORIENTED_EDGE('',*,*,#4022,.F.);
#5386=ORIENTED_EDGE('',*,*,#3942,.F.);
#5387=ORIENTED_EDGE('',*,*,#4023,.T.);
#5388=ORIENTED_EDGE('',*,*,#3860,.T.);
#5389=ORIENTED_EDGE('',*,*,#4023,.F.);
#5390=ORIENTED_EDGE('',*,*,#3943,.F.);
#5391=ORIENTED_EDGE('',*,*,#4024,.T.);
#5392=ORIENTED_EDGE('',*,*,#3861,.T.);
#5393=ORIENTED_EDGE('',*,*,#4024,.F.);
#5394=ORIENTED_EDGE('',*,*,#3944,.F.);
#5395=ORIENTED_EDGE('',*,*,#4025,.T.);
#5396=ORIENTED_EDGE('',*,*,#3862,.T.);
#5397=ORIENTED_EDGE('',*,*,#4025,.F.);
#5398=ORIENTED_EDGE('',*,*,#3945,.F.);
#5399=ORIENTED_EDGE('',*,*,#4026,.T.);
#5400=ORIENTED_EDGE('',*,*,#3863,.T.);
#5401=ORIENTED_EDGE('',*,*,#4026,.F.);
#5402=ORIENTED_EDGE('',*,*,#3946,.F.);
#5403=ORIENTED_EDGE('',*,*,#4027,.T.);
#5404=ORIENTED_EDGE('',*,*,#3864,.T.);
#5405=ORIENTED_EDGE('',*,*,#4027,.F.);
#5406=ORIENTED_EDGE('',*,*,#3947,.F.);
#5407=ORIENTED_EDGE('',*,*,#4028,.T.);
#5408=ORIENTED_EDGE('',*,*,#3865,.T.);
#5409=ORIENTED_EDGE('',*,*,#4028,.F.);
#5410=ORIENTED_EDGE('',*,*,#3948,.F.);
#5411=ORIENTED_EDGE('',*,*,#4029,.T.);
#5412=ORIENTED_EDGE('',*,*,#3866,.T.);
#5413=ORIENTED_EDGE('',*,*,#4029,.F.);
#5414=ORIENTED_EDGE('',*,*,#3949,.F.);
#5415=ORIENTED_EDGE('',*,*,#4030,.T.);
#5416=ORIENTED_EDGE('',*,*,#3867,.T.);
#5417=ORIENTED_EDGE('',*,*,#4030,.F.);
#5418=ORIENTED_EDGE('',*,*,#3950,.F.);
#5419=ORIENTED_EDGE('',*,*,#4031,.T.);
#5420=ORIENTED_EDGE('',*,*,#3868,.T.);
#5421=ORIENTED_EDGE('',*,*,#4031,.F.);
#5422=ORIENTED_EDGE('',*,*,#3951,.F.);
#5423=ORIENTED_EDGE('',*,*,#4032,.T.);
#5424=ORIENTED_EDGE('',*,*,#3869,.T.);
#5425=ORIENTED_EDGE('',*,*,#4032,.F.);
#5426=ORIENTED_EDGE('',*,*,#3952,.F.);
#5427=ORIENTED_EDGE('',*,*,#4033,.T.);
#5428=ORIENTED_EDGE('',*,*,#3870,.T.);
#5429=ORIENTED_EDGE('',*,*,#4033,.F.);
#5430=ORIENTED_EDGE('',*,*,#3953,.F.);
#5431=ORIENTED_EDGE('',*,*,#4034,.T.);
#5432=ORIENTED_EDGE('',*,*,#3871,.T.);
#5433=ORIENTED_EDGE('',*,*,#4034,.F.);
#5434=ORIENTED_EDGE('',*,*,#3954,.F.);
#5435=ORIENTED_EDGE('',*,*,#4035,.T.);
#5436=ORIENTED_EDGE('',*,*,#3872,.T.);
#5437=ORIENTED_EDGE('',*,*,#4035,.F.);
#5438=ORIENTED_EDGE('',*,*,#3955,.F.);
#5439=ORIENTED_EDGE('',*,*,#4036,.T.);
#5440=ORIENTED_EDGE('',*,*,#3873,.T.);
#5441=ORIENTED_EDGE('',*,*,#4036,.F.);
#5442=ORIENTED_EDGE('',*,*,#3956,.F.);
#5443=ORIENTED_EDGE('',*,*,#4037,.T.);
#5444=ORIENTED_EDGE('',*,*,#3874,.T.);
#5445=ORIENTED_EDGE('',*,*,#4037,.F.);
#5446=ORIENTED_EDGE('',*,*,#3957,.F.);
#5447=ORIENTED_EDGE('',*,*,#4038,.T.);
#5448=ORIENTED_EDGE('',*,*,#3875,.T.);
#5449=ORIENTED_EDGE('',*,*,#4038,.F.);
#5450=ORIENTED_EDGE('',*,*,#3958,.F.);
#5451=ORIENTED_EDGE('',*,*,#4039,.T.);
#5452=ORIENTED_EDGE('',*,*,#3876,.T.);
#5453=ORIENTED_EDGE('',*,*,#4039,.F.);
#5454=ORIENTED_EDGE('',*,*,#3959,.F.);
#5455=ORIENTED_EDGE('',*,*,#4040,.T.);
#5456=ORIENTED_EDGE('',*,*,#3877,.T.);
#5457=ORIENTED_EDGE('',*,*,#4040,.F.);
#5458=ORIENTED_EDGE('',*,*,#3960,.F.);
#5459=ORIENTED_EDGE('',*,*,#4041,.T.);
#5460=ORIENTED_EDGE('',*,*,#3878,.T.);
#5461=ORIENTED_EDGE('',*,*,#4041,.F.);
#5462=ORIENTED_EDGE('',*,*,#3961,.F.);
#5463=ORIENTED_EDGE('',*,*,#4042,.T.);
#5464=ORIENTED_EDGE('',*,*,#3879,.T.);
#5465=ORIENTED_EDGE('',*,*,#4042,.F.);
#5466=ORIENTED_EDGE('',*,*,#3962,.F.);
#5467=ORIENTED_EDGE('',*,*,#4043,.T.);
#5468=ORIENTED_EDGE('',*,*,#3880,.T.);
#5469=ORIENTED_EDGE('',*,*,#4043,.F.);
#5470=ORIENTED_EDGE('',*,*,#3963,.F.);
#5471=ORIENTED_EDGE('',*,*,#4044,.T.);
#5472=ORIENTED_EDGE('',*,*,#3881,.T.);
#5473=ORIENTED_EDGE('',*,*,#4044,.F.);
#5474=ORIENTED_EDGE('',*,*,#3964,.F.);
#5475=ORIENTED_EDGE('',*,*,#4045,.T.);
#5476=ORIENTED_EDGE('',*,*,#3882,.T.);
#5477=ORIENTED_EDGE('',*,*,#4045,.F.);
#5478=ORIENTED_EDGE('',*,*,#3965,.F.);
#5479=ORIENTED_EDGE('',*,*,#4046,.T.);
#5480=ORIENTED_EDGE('',*,*,#3883,.T.);
#5481=ORIENTED_EDGE('',*,*,#4046,.F.);
#5482=ORIENTED_EDGE('',*,*,#3966,.F.);
#5483=ORIENTED_EDGE('',*,*,#4047,.T.);
#5484=ORIENTED_EDGE('',*,*,#3884,.T.);
#5485=ORIENTED_EDGE('',*,*,#4047,.F.);
#5486=ORIENTED_EDGE('',*,*,#3967,.F.);
#5487=ORIENTED_EDGE('',*,*,#4048,.T.);
#5488=ORIENTED_EDGE('',*,*,#3885,.T.);
#5489=ORIENTED_EDGE('',*,*,#4048,.F.);
#5490=ORIENTED_EDGE('',*,*,#3968,.F.);
#5491=ORIENTED_EDGE('',*,*,#4049,.T.);
#5492=ORIENTED_EDGE('',*,*,#3886,.T.);
#5493=ORIENTED_EDGE('',*,*,#4049,.F.);
#5494=ORIENTED_EDGE('',*,*,#3969,.F.);
#5495=ORIENTED_EDGE('',*,*,#4050,.T.);
#5496=ORIENTED_EDGE('',*,*,#3887,.T.);
#5497=ORIENTED_EDGE('',*,*,#4050,.F.);
#5498=ORIENTED_EDGE('',*,*,#3970,.F.);
#5499=ORIENTED_EDGE('',*,*,#4051,.T.);
#5500=ORIENTED_EDGE('',*,*,#3888,.T.);
#5501=ORIENTED_EDGE('',*,*,#4051,.F.);
#5502=ORIENTED_EDGE('',*,*,#3971,.F.);
#5503=ORIENTED_EDGE('',*,*,#4052,.T.);
#5504=ORIENTED_EDGE('',*,*,#3889,.T.);
#5505=ORIENTED_EDGE('',*,*,#4052,.F.);
#5506=ORIENTED_EDGE('',*,*,#3972,.F.);
#5507=ORIENTED_EDGE('',*,*,#4053,.T.);
#5508=ORIENTED_EDGE('',*,*,#3890,.T.);
#5509=ORIENTED_EDGE('',*,*,#4053,.F.);
#5510=ORIENTED_EDGE('',*,*,#3973,.F.);
#5511=ORIENTED_EDGE('',*,*,#4054,.T.);
#5512=ORIENTED_EDGE('',*,*,#3891,.T.);
#5513=ORIENTED_EDGE('',*,*,#4054,.F.);
#5514=ORIENTED_EDGE('',*,*,#3974,.F.);
#5515=ORIENTED_EDGE('',*,*,#4055,.T.);
#5516=ORIENTED_EDGE('',*,*,#3892,.T.);
#5517=ORIENTED_EDGE('',*,*,#4055,.F.);
#5518=ORIENTED_EDGE('',*,*,#3975,.F.);
#5519=ORIENTED_EDGE('',*,*,#4056,.T.);
#5520=ORIENTED_EDGE('',*,*,#3893,.T.);
#5521=ORIENTED_EDGE('',*,*,#4056,.F.);
#5522=ORIENTED_EDGE('',*,*,#3976,.F.);
#5523=ORIENTED_EDGE('',*,*,#4057,.T.);
#5524=ORIENTED_EDGE('',*,*,#3894,.T.);
#5525=ORIENTED_EDGE('',*,*,#4057,.F.);
#5526=ORIENTED_EDGE('',*,*,#3977,.F.);
#5527=ORIENTED_EDGE('',*,*,#4058,.T.);
#5528=ORIENTED_EDGE('',*,*,#3895,.T.);
#5529=ORIENTED_EDGE('',*,*,#4058,.F.);
#5530=ORIENTED_EDGE('',*,*,#3978,.F.);
#5531=ORIENTED_EDGE('',*,*,#4059,.T.);
#5532=ORIENTED_EDGE('',*,*,#3896,.T.);
#5533=ORIENTED_EDGE('',*,*,#4059,.F.);
#5534=ORIENTED_EDGE('',*,*,#3979,.F.);
#5535=ORIENTED_EDGE('',*,*,#4060,.T.);
#5536=ORIENTED_EDGE('',*,*,#3897,.T.);
#5537=ORIENTED_EDGE('',*,*,#4060,.F.);
#5538=ORIENTED_EDGE('',*,*,#3980,.F.);
#5539=ORIENTED_EDGE('',*,*,#4061,.T.);
#5540=ORIENTED_EDGE('',*,*,#3898,.T.);
#5541=ORIENTED_EDGE('',*,*,#4061,.F.);
#5542=ORIENTED_EDGE('',*,*,#3981,.F.);
#5543=ORIENTED_EDGE('',*,*,#4062,.T.);
#5544=ORIENTED_EDGE('',*,*,#3899,.T.);
#5545=ORIENTED_EDGE('',*,*,#4062,.F.);
#5546=ORIENTED_EDGE('',*,*,#3982,.F.);
#5547=ORIENTED_EDGE('',*,*,#4063,.T.);
#5548=ORIENTED_EDGE('',*,*,#3900,.T.);
#5549=ORIENTED_EDGE('',*,*,#4063,.F.);
#5550=ORIENTED_EDGE('',*,*,#3983,.F.);
#5551=ORIENTED_EDGE('',*,*,#4064,.T.);
#5552=ORIENTED_EDGE('',*,*,#3901,.T.);
#5553=ORIENTED_EDGE('',*,*,#4064,.F.);
#5554=ORIENTED_EDGE('',*,*,#3984,.F.);
#5555=ORIENTED_EDGE('',*,*,#4065,.T.);
#5556=ORIENTED_EDGE('',*,*,#3902,.T.);
#5557=ORIENTED_EDGE('',*,*,#4065,.F.);
#5558=ORIENTED_EDGE('',*,*,#3985,.F.);
#5559=ORIENTED_EDGE('',*,*,#4066,.T.);
#5560=ORIENTED_EDGE('',*,*,#3903,.T.);
#5561=ORIENTED_EDGE('',*,*,#4066,.F.);
#5562=ORIENTED_EDGE('',*,*,#3986,.F.);
#5563=ORIENTED_EDGE('',*,*,#4067,.T.);
#5564=ORIENTED_EDGE('',*,*,#3904,.T.);
#5565=ORIENTED_EDGE('',*,*,#4067,.F.);
#5566=ORIENTED_EDGE('',*,*,#3987,.F.);
#5567=ORIENTED_EDGE('',*,*,#4068,.T.);
#5568=ORIENTED_EDGE('',*,*,#3905,.T.);
#5569=ORIENTED_EDGE('',*,*,#4068,.F.);
#5570=ORIENTED_EDGE('',*,*,#3988,.F.);
#5571=ORIENTED_EDGE('',*,*,#4069,.T.);
#5572=ORIENTED_EDGE('',*,*,#3906,.T.);
#5573=ORIENTED_EDGE('',*,*,#4069,.F.);
#5574=ORIENTED_EDGE('',*,*,#3989,.F.);
#5575=ORIENTED_EDGE('',*,*,#4070,.T.);
#5576=ORIENTED_EDGE('',*,*,#3907,.T.);
#5577=ORIENTED_EDGE('',*,*,#4070,.F.);
#5578=ORIENTED_EDGE('',*,*,#3990,.F.);
#5579=ORIENTED_EDGE('',*,*,#4071,.T.);
#5580=ORIENTED_EDGE('',*,*,#3908,.T.);
#5581=ORIENTED_EDGE('',*,*,#4071,.F.);
#5582=ORIENTED_EDGE('',*,*,#3991,.F.);
#5583=ORIENTED_EDGE('',*,*,#4072,.T.);
#5584=ORIENTED_EDGE('',*,*,#3909,.T.);
#5585=ORIENTED_EDGE('',*,*,#4072,.F.);
#5586=ORIENTED_EDGE('',*,*,#3992,.F.);
#5587=ORIENTED_EDGE('',*,*,#4073,.T.);
#5588=ORIENTED_EDGE('',*,*,#3910,.T.);
#5589=ORIENTED_EDGE('',*,*,#4073,.F.);
#5590=ORIENTED_EDGE('',*,*,#3993,.F.);
#5591=ORIENTED_EDGE('',*,*,#4074,.T.);
#5592=ORIENTED_EDGE('',*,*,#3911,.T.);
#5593=ORIENTED_EDGE('',*,*,#4074,.F.);
#5594=ORIENTED_EDGE('',*,*,#3994,.F.);
#5595=ORIENTED_EDGE('',*,*,#4075,.T.);
#5596=ORIENTED_EDGE('',*,*,#3912,.T.);
#5597=ORIENTED_EDGE('',*,*,#4075,.F.);
#5598=ORIENTED_EDGE('',*,*,#3995,.F.);
#5599=ORIENTED_EDGE('',*,*,#4076,.T.);
#5600=ORIENTED_EDGE('',*,*,#3913,.T.);
#5601=ORIENTED_EDGE('',*,*,#4076,.F.);
#5602=ORIENTED_EDGE('',*,*,#3996,.F.);
#5603=ORIENTED_EDGE('',*,*,#4077,.T.);
#5604=ORIENTED_EDGE('',*,*,#3914,.T.);
#5605=ORIENTED_EDGE('',*,*,#4077,.F.);
#5606=ORIENTED_EDGE('',*,*,#3997,.F.);
#5607=ORIENTED_EDGE('',*,*,#4078,.T.);
#5608=ORIENTED_EDGE('',*,*,#3915,.T.);
#5609=ORIENTED_EDGE('',*,*,#4078,.F.);
#5610=ORIENTED_EDGE('',*,*,#3998,.F.);
#5611=ORIENTED_EDGE('',*,*,#4079,.T.);
#5612=ORIENTED_EDGE('',*,*,#3916,.T.);
#5613=ORIENTED_EDGE('',*,*,#4079,.F.);
#5614=ORIENTED_EDGE('',*,*,#3999,.F.);
#5615=ORIENTED_EDGE('',*,*,#4080,.T.);
#5616=ORIENTED_EDGE('',*,*,#3917,.T.);
#5617=ORIENTED_EDGE('',*,*,#4080,.F.);
#5618=ORIENTED_EDGE('',*,*,#4000,.F.);
#5619=ORIENTED_EDGE('',*,*,#4081,.T.);
#5620=ORIENTED_EDGE('',*,*,#3918,.T.);
#5621=ORIENTED_EDGE('',*,*,#4081,.F.);
#5622=ORIENTED_EDGE('',*,*,#4001,.F.);
#5623=ORIENTED_EDGE('',*,*,#4082,.T.);
#5624=ORIENTED_EDGE('',*,*,#3919,.T.);
#5625=ORIENTED_EDGE('',*,*,#4082,.F.);
#5626=ORIENTED_EDGE('',*,*,#4002,.F.);
#5627=ORIENTED_EDGE('',*,*,#4083,.T.);
#5628=ORIENTED_EDGE('',*,*,#3920,.T.);
#5629=ORIENTED_EDGE('',*,*,#4083,.F.);
#5630=ORIENTED_EDGE('',*,*,#4003,.F.);
#5631=ORIENTED_EDGE('',*,*,#4084,.T.);
#5632=ORIENTED_EDGE('',*,*,#3921,.T.);
#5633=ORIENTED_EDGE('',*,*,#4084,.F.);
#5634=ORIENTED_EDGE('',*,*,#4004,.F.);
#5635=ORIENTED_EDGE('',*,*,#4085,.T.);
#5636=ORIENTED_EDGE('',*,*,#3922,.T.);
#5637=ORIENTED_EDGE('',*,*,#4085,.F.);
#5638=ORIENTED_EDGE('',*,*,#4005,.F.);
#5639=ORIENTED_EDGE('',*,*,#4086,.T.);
#5640=ORIENTED_EDGE('',*,*,#3923,.T.);
#5641=ORIENTED_EDGE('',*,*,#4086,.F.);
#5642=ORIENTED_EDGE('',*,*,#4006,.F.);
#5643=ORIENTED_EDGE('',*,*,#4087,.T.);
#5644=ORIENTED_EDGE('',*,*,#3924,.T.);
#5645=ORIENTED_EDGE('',*,*,#4087,.F.);
#5646=ORIENTED_EDGE('',*,*,#4007,.F.);
#5647=ORIENTED_EDGE('',*,*,#4088,.T.);
#5648=ORIENTED_EDGE('',*,*,#3925,.T.);
#5649=ORIENTED_EDGE('',*,*,#4088,.F.);
#5650=ORIENTED_EDGE('',*,*,#4008,.F.);
#5651=ORIENTED_EDGE('',*,*,#4089,.T.);
#5652=ORIENTED_EDGE('',*,*,#3926,.T.);
#5653=ORIENTED_EDGE('',*,*,#4089,.F.);
#5654=ORIENTED_EDGE('',*,*,#4009,.F.);
#5655=ORIENTED_EDGE('',*,*,#4090,.T.);
#5656=ORIENTED_EDGE('',*,*,#3927,.T.);
#5657=ORIENTED_EDGE('',*,*,#4090,.F.);
#5658=ORIENTED_EDGE('',*,*,#4010,.F.);
#5659=ORIENTED_EDGE('',*,*,#4091,.T.);
#5660=ORIENTED_EDGE('',*,*,#3928,.T.);
#5661=ORIENTED_EDGE('',*,*,#4091,.F.);
#5662=ORIENTED_EDGE('',*,*,#4092,.F.);
#5663=ORIENTED_EDGE('',*,*,#4093,.F.);
#5664=ORIENTED_EDGE('',*,*,#4094,.T.);
#5665=ORIENTED_EDGE('',*,*,#4095,.T.);
#5666=ORIENTED_EDGE('',*,*,#4094,.F.);
#5667=ORIENTED_EDGE('',*,*,#4096,.T.);
#5668=ORIENTED_EDGE('',*,*,#4097,.T.);
#5669=ORIENTED_EDGE('',*,*,#4098,.T.);
#5670=ORIENTED_EDGE('',*,*,#4092,.T.);
#5671=ORIENTED_EDGE('',*,*,#4093,.T.);
#5672=ORIENTED_EDGE('',*,*,#4098,.F.);
#5673=ORIENTED_EDGE('',*,*,#4099,.F.);
#5674=ORIENTED_EDGE('',*,*,#4100,.F.);
#5675=ORIENTED_EDGE('',*,*,#4101,.T.);
#5676=ORIENTED_EDGE('',*,*,#4096,.F.);
#5677=ORIENTED_EDGE('',*,*,#4097,.F.);
#5678=ORIENTED_EDGE('',*,*,#4101,.F.);
#5679=ORIENTED_EDGE('',*,*,#4102,.T.);
#5680=ORIENTED_EDGE('',*,*,#4103,.T.);
#5681=ORIENTED_EDGE('',*,*,#4104,.T.);
#5682=ORIENTED_EDGE('',*,*,#4099,.T.);
#5683=ORIENTED_EDGE('',*,*,#4100,.T.);
#5684=ORIENTED_EDGE('',*,*,#4104,.F.);
#5685=ORIENTED_EDGE('',*,*,#4105,.F.);
#5686=ORIENTED_EDGE('',*,*,#4106,.T.);
#5687=ORIENTED_EDGE('',*,*,#4102,.F.);
#5688=ORIENTED_EDGE('',*,*,#4103,.F.);
#5689=ORIENTED_EDGE('',*,*,#4106,.F.);
#5690=ORIENTED_EDGE('',*,*,#4095,.F.);
#5691=ORIENTED_EDGE('',*,*,#4105,.T.);
#5692=ORIENTED_EDGE('',*,*,#4107,.F.);
#5693=ORIENTED_EDGE('',*,*,#4108,.T.);
#5694=ORIENTED_EDGE('',*,*,#4109,.T.);
#5695=ORIENTED_EDGE('',*,*,#4108,.F.);
#5696=ORIENTED_EDGE('',*,*,#4109,.F.);
#5697=ORIENTED_EDGE('',*,*,#4110,.T.);
#5698=ORIENTED_EDGE('',*,*,#4107,.T.);
#5699=ORIENTED_EDGE('',*,*,#4111,.F.);
#5700=ORIENTED_EDGE('',*,*,#4110,.F.);
#5701=ORIENTED_EDGE('',*,*,#4112,.T.);
#5702=ORIENTED_EDGE('',*,*,#4113,.T.);
#5703=ORIENTED_EDGE('',*,*,#4112,.F.);
#5704=ORIENTED_EDGE('',*,*,#4114,.F.);
#5705=ORIENTED_EDGE('',*,*,#4115,.T.);
#5706=ORIENTED_EDGE('',*,*,#4111,.T.);
#5707=ORIENTED_EDGE('',*,*,#4115,.F.);
#5708=ORIENTED_EDGE('',*,*,#4116,.T.);
#5709=ORIENTED_EDGE('',*,*,#4117,.T.);
#5710=ORIENTED_EDGE('',*,*,#4113,.F.);
#5711=ORIENTED_EDGE('',*,*,#4117,.F.);
#5712=ORIENTED_EDGE('',*,*,#4114,.T.);
#5713=ORIENTED_EDGE('',*,*,#4118,.T.);
#5714=ORIENTED_EDGE('',*,*,#4119,.F.);
#5715=ORIENTED_EDGE('',*,*,#4118,.F.);
#5716=ORIENTED_EDGE('',*,*,#4116,.F.);
#5717=ORIENTED_EDGE('',*,*,#4119,.T.);
#5718=CYLINDRICAL_SURFACE('',#6279,1.);
#5719=CYLINDRICAL_SURFACE('',#6309,1.);
#5720=CYLINDRICAL_SURFACE('',#6318,1.);
#5721=CYLINDRICAL_SURFACE('',#6320,1.);
#5722=CYLINDRICAL_SURFACE('',#6322,1.);
#5723=CYLINDRICAL_SURFACE('',#6324,1.);
#5724=CYLINDRICAL_SURFACE('',#6327,1.);
#5725=CYLINDRICAL_SURFACE('',#6330,1.);
#5726=CYLINDRICAL_SURFACE('',#6335,1.);
#5727=CYLINDRICAL_SURFACE('',#6336,1.);
#5728=CYLINDRICAL_SURFACE('',#6342,1.);
#5729=CYLINDRICAL_SURFACE('',#6346,1.);
#5730=CYLINDRICAL_SURFACE('',#6350,1.);
#5731=CYLINDRICAL_SURFACE('',#6365,1.);
#5732=CYLINDRICAL_SURFACE('',#6368,1.);
#5733=CYLINDRICAL_SURFACE('',#6369,1.);
#5734=CYLINDRICAL_SURFACE('',#6374,1.45);
#5735=CYLINDRICAL_SURFACE('',#6379,1.45);
#5736=CYLINDRICAL_SURFACE('',#6384,1.82909412097519);
#5737=CYLINDRICAL_SURFACE('',#6389,1.45);
#5738=CYLINDRICAL_SURFACE('',#6390,1.);
#5739=CYLINDRICAL_SURFACE('',#6396,1.);
#5740=CYLINDRICAL_SURFACE('',#6401,1.);
#5741=CYLINDRICAL_SURFACE('',#6406,0.5);
#5742=CYLINDRICAL_SURFACE('',#6411,1.);
#5743=CYLINDRICAL_SURFACE('',#6416,1.);
#5744=CYLINDRICAL_SURFACE('',#6421,1.);
#5745=CYLINDRICAL_SURFACE('',#6423,1.);
#5746=CYLINDRICAL_SURFACE('',#6428,1.);
#5747=CYLINDRICAL_SURFACE('',#6433,1.);
#5748=CYLINDRICAL_SURFACE('',#6438,1.);
#5749=CYLINDRICAL_SURFACE('',#6443,1.);
#5750=CYLINDRICAL_SURFACE('',#6445,0.5);
#5751=CYLINDRICAL_SURFACE('',#6447,0.5);
#5752=CYLINDRICAL_SURFACE('',#6449,0.5);
#5753=CYLINDRICAL_SURFACE('',#6451,0.5);
#5754=CYLINDRICAL_SURFACE('',#6453,0.5);
#5755=CYLINDRICAL_SURFACE('',#6454,0.5);
#5756=CYLINDRICAL_SURFACE('',#6456,0.5);
#5757=CYLINDRICAL_SURFACE('',#6458,0.5);
#5758=CYLINDRICAL_SURFACE('',#6459,0.5);
#5759=CYLINDRICAL_SURFACE('',#6500,1.);
#5760=CYLINDRICAL_SURFACE('',#6516,1.);
#5761=CYLINDRICAL_SURFACE('',#6519,1.);
#5762=CYLINDRICAL_SURFACE('',#6524,1.);
#5763=CYLINDRICAL_SURFACE('',#6531,1.);
#5764=CYLINDRICAL_SURFACE('',#6533,1.);
#5765=CYLINDRICAL_SURFACE('',#6538,1.);
#5766=CYLINDRICAL_SURFACE('',#6542,1.);
#5767=CYLINDRICAL_SURFACE('',#6543,1.);
#5768=CYLINDRICAL_SURFACE('',#6544,1.);
#5769=CYLINDRICAL_SURFACE('',#6553,1.45);
#5770=CYLINDRICAL_SURFACE('',#6554,1.45);
#5771=CYLINDRICAL_SURFACE('',#6560,1.45);
#5772=CYLINDRICAL_SURFACE('',#6561,1.45);
#5773=CYLINDRICAL_SURFACE('',#6562,1.45);
#5774=CYLINDRICAL_SURFACE('',#6838,0.5);
#5775=CYLINDRICAL_SURFACE('',#6839,0.5);
#5776=CYLINDRICAL_SURFACE('',#6840,0.5);
#5777=CYLINDRICAL_SURFACE('',#6841,0.5);
#5778=CYLINDRICAL_SURFACE('',#6842,0.5);
#5779=CYLINDRICAL_SURFACE('',#6843,0.5);
#5780=CYLINDRICAL_SURFACE('',#6844,0.5);
#5781=CYLINDRICAL_SURFACE('',#6845,0.5);
#5782=CYLINDRICAL_SURFACE('',#6846,0.5);
#5783=CYLINDRICAL_SURFACE('',#6847,0.5);
#5784=CYLINDRICAL_SURFACE('',#6848,0.5);
#5785=CYLINDRICAL_SURFACE('',#6849,0.5);
#5786=CYLINDRICAL_SURFACE('',#6850,0.5);
#5787=CYLINDRICAL_SURFACE('',#6851,0.85);
#5788=CYLINDRICAL_SURFACE('',#6852,0.75);
#5789=CYLINDRICAL_SURFACE('',#6853,2.);
#5790=CYLINDRICAL_SURFACE('',#6854,0.75);
#5791=CYLINDRICAL_SURFACE('',#6855,0.5);
#5792=CYLINDRICAL_SURFACE('',#6856,0.85);
#5793=CYLINDRICAL_SURFACE('',#6857,0.85);
#5794=CYLINDRICAL_SURFACE('',#6858,0.75);
#5795=CYLINDRICAL_SURFACE('',#6859,0.4);
#5796=CYLINDRICAL_SURFACE('',#6860,0.4);
#5797=CYLINDRICAL_SURFACE('',#6861,0.4);
#5798=CYLINDRICAL_SURFACE('',#6862,0.4);
#5799=CYLINDRICAL_SURFACE('',#6863,0.4);
#5800=CYLINDRICAL_SURFACE('',#6864,0.4);
#5801=CYLINDRICAL_SURFACE('',#6865,0.4);
#5802=CYLINDRICAL_SURFACE('',#6866,0.4);
#5803=CYLINDRICAL_SURFACE('',#6867,0.4);
#5804=CYLINDRICAL_SURFACE('',#6868,0.4);
#5805=CYLINDRICAL_SURFACE('',#6869,0.4);
#5806=CYLINDRICAL_SURFACE('',#6870,0.4);
#5807=CYLINDRICAL_SURFACE('',#6871,0.4);
#5808=CYLINDRICAL_SURFACE('',#6872,0.4);
#5809=CYLINDRICAL_SURFACE('',#6873,0.4);
#5810=CYLINDRICAL_SURFACE('',#6874,0.4);
#5811=CYLINDRICAL_SURFACE('',#6875,0.4);
#5812=CYLINDRICAL_SURFACE('',#6876,0.4);
#5813=CYLINDRICAL_SURFACE('',#6877,2.);
#5814=CYLINDRICAL_SURFACE('',#6878,0.75);
#5815=CYLINDRICAL_SURFACE('',#6879,0.85);
#5816=CYLINDRICAL_SURFACE('',#6880,0.85);
#5817=CYLINDRICAL_SURFACE('',#6881,2.);
#5818=CYLINDRICAL_SURFACE('',#6882,0.75);
#5819=CYLINDRICAL_SURFACE('',#6883,0.85);
#5820=CYLINDRICAL_SURFACE('',#6884,0.75);
#5821=CYLINDRICAL_SURFACE('',#6885,0.85);
#5822=CYLINDRICAL_SURFACE('',#6886,0.75);
#5823=CYLINDRICAL_SURFACE('',#6887,2.);
#5824=CYLINDRICAL_SURFACE('',#6888,0.75);
#5825=CYLINDRICAL_SURFACE('',#6889,0.85);
#5826=CYLINDRICAL_SURFACE('',#6890,0.85);
#5827=CYLINDRICAL_SURFACE('',#6891,0.75);
#5828=CYLINDRICAL_SURFACE('',#6892,0.85);
#5829=CYLINDRICAL_SURFACE('',#6893,0.75);
#5830=CYLINDRICAL_SURFACE('',#6894,2.);
#5831=CYLINDRICAL_SURFACE('',#6895,0.75);
#5832=CYLINDRICAL_SURFACE('',#6896,0.85);
#5833=CYLINDRICAL_SURFACE('',#6897,0.85);
#5834=CYLINDRICAL_SURFACE('',#6898,0.75);
#5835=CYLINDRICAL_SURFACE('',#6899,0.5);
#5836=CYLINDRICAL_SURFACE('',#6900,0.5);
#5837=CYLINDRICAL_SURFACE('',#6901,0.5);
#5838=CYLINDRICAL_SURFACE('',#6902,0.5);
#5839=CYLINDRICAL_SURFACE('',#6903,2.);
#5840=CYLINDRICAL_SURFACE('',#6904,0.85);
#5841=CYLINDRICAL_SURFACE('',#6905,0.85);
#5842=CYLINDRICAL_SURFACE('',#6906,0.75);
#5843=CYLINDRICAL_SURFACE('',#6907,0.75);
#5844=CYLINDRICAL_SURFACE('',#6908,2.);
#5845=CYLINDRICAL_SURFACE('',#6909,0.85);
#5846=CYLINDRICAL_SURFACE('',#6910,0.75);
#5847=CYLINDRICAL_SURFACE('',#6911,2.);
#5848=CYLINDRICAL_SURFACE('',#6912,0.75);
#5849=CYLINDRICAL_SURFACE('',#6913,0.85);
#5850=CYLINDRICAL_SURFACE('',#6914,0.85);
#5851=CYLINDRICAL_SURFACE('',#6915,0.75);
#5852=CYLINDRICAL_SURFACE('',#6916,2.);
#5853=CYLINDRICAL_SURFACE('',#6917,0.85);
#5854=CYLINDRICAL_SURFACE('',#6918,0.75);
#5855=CYLINDRICAL_SURFACE('',#6928,0.25);
#5856=CYLINDRICAL_SURFACE('',#6936,0.25);
#5857=CYLINDRICAL_SURFACE('',#6943,0.25);
#5858=CYLINDRICAL_SURFACE('',#6947,1.01);
#5859=CYLINDRICAL_SURFACE('',#6954,1.);
#5860=CYLINDRICAL_SURFACE('',#6956,1.);
#5861=ADVANCED_FACE('',(#717),#5718,.T.);
#5862=ADVANCED_FACE('',(#718),#707,.T.);
#5863=ADVANCED_FACE('',(#719),#562,.T.);
#5864=ADVANCED_FACE('',(#720,#370,#371,#372,#373,#374,#375),#563,.F.);
#5865=ADVANCED_FACE('',(#721),#564,.T.);
#5866=ADVANCED_FACE('',(#722),#5719,.T.);
#5867=ADVANCED_FACE('',(#723),#708,.T.);
#5868=ADVANCED_FACE('',(#724),#565,.T.);
#5869=ADVANCED_FACE('',(#725),#367,.T.);
#5870=ADVANCED_FACE('',(#726),#5720,.F.);
#5871=ADVANCED_FACE('',(#727),#566,.F.);
#5872=ADVANCED_FACE('',(#728),#5721,.T.);
#5873=ADVANCED_FACE('',(#729),#5722,.T.);
#5874=ADVANCED_FACE('',(#730),#5723,.F.);
#5875=ADVANCED_FACE('',(#731),#368,.T.);
#5876=ADVANCED_FACE('',(#732),#5724,.T.);
#5877=ADVANCED_FACE('',(#733),#567,.F.);
#5878=ADVANCED_FACE('',(#734),#5725,.T.);
#5879=ADVANCED_FACE('',(#735),#709,.T.);
#5880=ADVANCED_FACE('',(#736),#5726,.T.);
#5881=ADVANCED_FACE('',(#737),#5727,.T.);
#5882=ADVANCED_FACE('',(#738),#710,.T.);
#5883=ADVANCED_FACE('',(#739),#568,.T.);
#5884=ADVANCED_FACE('',(#740),#5728,.T.);
#5885=ADVANCED_FACE('',(#741),#711,.T.);
#5886=ADVANCED_FACE('',(#742),#5729,.T.);
#5887=ADVANCED_FACE('',(#743),#712,.T.);
#5888=ADVANCED_FACE('',(#744),#5730,.T.);
#5889=ADVANCED_FACE('',(#745,#376,#377,#378,#379,#380,#381),#569,.T.);
#5890=ADVANCED_FACE('',(#746),#5731,.T.);
#5891=ADVANCED_FACE('',(#747),#570,.T.);
#5892=ADVANCED_FACE('',(#748),#571,.F.);
#5893=ADVANCED_FACE('',(#749),#5732,.T.);
#5894=ADVANCED_FACE('',(#750),#5733,.T.);
#5895=ADVANCED_FACE('',(#751),#343,.T.);
#5896=ADVANCED_FACE('',(#752),#5734,.F.);
#5897=ADVANCED_FACE('',(#753),#344,.T.);
#5898=ADVANCED_FACE('',(#754),#5735,.F.);
#5899=ADVANCED_FACE('',(#755),#345,.T.);
#5900=ADVANCED_FACE('',(#756),#5736,.F.);
#5901=ADVANCED_FACE('',(#757),#346,.T.);
#5902=ADVANCED_FACE('',(#758),#5737,.F.);
#5903=ADVANCED_FACE('',(#759),#5738,.T.);
#5904=ADVANCED_FACE('',(#760),#347,.T.);
#5905=ADVANCED_FACE('',(#761),#5739,.T.);
#5906=ADVANCED_FACE('',(#762),#348,.T.);
#5907=ADVANCED_FACE('',(#763),#5740,.T.);
#5908=ADVANCED_FACE('',(#764),#349,.T.);
#5909=ADVANCED_FACE('',(#765),#572,.F.);
#5910=ADVANCED_FACE('',(#766),#5741,.F.);
#5911=ADVANCED_FACE('',(#767),#573,.F.);
#5912=ADVANCED_FACE('',(#768),#369,.F.);
#5913=ADVANCED_FACE('',(#769),#5742,.T.);
#5914=ADVANCED_FACE('',(#770),#350,.T.);
#5915=ADVANCED_FACE('',(#771),#5743,.T.);
#5916=ADVANCED_FACE('',(#772),#351,.T.);
#5917=ADVANCED_FACE('',(#773),#5744,.T.);
#5918=ADVANCED_FACE('',(#774),#5745,.T.);
#5919=ADVANCED_FACE('',(#775),#352,.T.);
#5920=ADVANCED_FACE('',(#776),#5746,.T.);
#5921=ADVANCED_FACE('',(#777),#353,.T.);
#5922=ADVANCED_FACE('',(#778),#5747,.T.);
#5923=ADVANCED_FACE('',(#779),#354,.T.);
#5924=ADVANCED_FACE('',(#780),#5748,.T.);
#5925=ADVANCED_FACE('',(#781),#355,.T.);
#5926=ADVANCED_FACE('',(#782),#5749,.T.);
#5927=ADVANCED_FACE('',(#783),#574,.T.);
#5928=ADVANCED_FACE('',(#784),#5750,.T.);
#5929=ADVANCED_FACE('',(#785),#575,.F.);
#5930=ADVANCED_FACE('',(#786),#5751,.F.);
#5931=ADVANCED_FACE('',(#787),#576,.F.);
#5932=ADVANCED_FACE('',(#788),#5752,.F.);
#5933=ADVANCED_FACE('',(#789),#577,.F.);
#5934=ADVANCED_FACE('',(#790),#5753,.F.);
#5935=ADVANCED_FACE('',(#791),#578,.T.);
#5936=ADVANCED_FACE('',(#792),#5754,.F.);
#5937=ADVANCED_FACE('',(#793),#5755,.F.);
#5938=ADVANCED_FACE('',(#794),#579,.T.);
#5939=ADVANCED_FACE('',(#795),#5756,.F.);
#5940=ADVANCED_FACE('',(#796),#580,.F.);
#5941=ADVANCED_FACE('',(#797),#5757,.F.);
#5942=ADVANCED_FACE('',(#798),#5758,.F.);
#5943=ADVANCED_FACE('',(#799),#581,.F.);
#5944=ADVANCED_FACE('',(#800),#582,.F.);
#5945=ADVANCED_FACE('',(#801),#5759,.T.);
#5946=ADVANCED_FACE('',(#802),#583,.T.);
#5947=ADVANCED_FACE('',(#803,#382,#383,#384,#385),#584,.T.);
#5948=ADVANCED_FACE('',(#804),#5760,.T.);
#5949=ADVANCED_FACE('',(#805),#585,.F.);
#5950=ADVANCED_FACE('',(#806),#5761,.T.);
#5951=ADVANCED_FACE('',(#807),#713,.T.);
#5952=ADVANCED_FACE('',(#808),#5762,.T.);
#5953=ADVANCED_FACE('',(#809),#586,.T.);
#5954=ADVANCED_FACE('',(#810),#714,.T.);
#5955=ADVANCED_FACE('',(#811),#5763,.T.);
#5956=ADVANCED_FACE('',(#812),#587,.T.);
#5957=ADVANCED_FACE('',(#813),#5764,.T.);
#5958=ADVANCED_FACE('',(#814),#715,.T.);
#5959=ADVANCED_FACE('',(#815),#5765,.T.);
#5960=ADVANCED_FACE('',(#816),#716,.T.);
#5961=ADVANCED_FACE('',(#817),#5766,.T.);
#5962=ADVANCED_FACE('',(#818),#5767,.T.);
#5963=ADVANCED_FACE('',(#819),#5768,.T.);
#5964=ADVANCED_FACE('',(#820),#588,.T.);
#5965=ADVANCED_FACE('',(#821,#386,#387,#388,#389),#589,.F.);
#5966=ADVANCED_FACE('',(#822),#12,.F.);
#5967=ADVANCED_FACE('',(#823),#5769,.F.);
#5968=ADVANCED_FACE('',(#824),#5770,.F.);
#5969=ADVANCED_FACE('',(#825),#590,.F.);
#5970=ADVANCED_FACE('',(#826),#591,.F.);
#5971=ADVANCED_FACE('',(#827),#592,.F.);
#5972=ADVANCED_FACE('',(#828),#593,.F.);
#5973=ADVANCED_FACE('',(#829),#594,.F.);
#5974=ADVANCED_FACE('',(#830),#5771,.F.);
#5975=ADVANCED_FACE('',(#831),#5772,.F.);
#5976=ADVANCED_FACE('',(#832),#5773,.F.);
#5977=ADVANCED_FACE('',(#833),#595,.F.);
#5978=ADVANCED_FACE('',(#834),#596,.F.);
#5979=ADVANCED_FACE('',(#835),#597,.F.);
#5980=ADVANCED_FACE('',(#836,#390,#391,#392,#393),#598,.F.);
#5981=ADVANCED_FACE('',(#837,#394,#395,#396,#397),#599,.T.);
#5982=ADVANCED_FACE('',(#838),#600,.F.);
#5983=ADVANCED_FACE('',(#839),#601,.F.);
#5984=ADVANCED_FACE('',(#840),#602,.F.);
#5985=ADVANCED_FACE('',(#841),#603,.F.);
#5986=ADVANCED_FACE('',(#842),#604,.F.);
#5987=ADVANCED_FACE('',(#843),#605,.F.);
#5988=ADVANCED_FACE('',(#844),#606,.F.);
#5989=ADVANCED_FACE('',(#845),#607,.F.);
#5990=ADVANCED_FACE('',(#846),#608,.F.);
#5991=ADVANCED_FACE('',(#847),#609,.F.);
#5992=ADVANCED_FACE('',(#848),#610,.F.);
#5993=ADVANCED_FACE('',(#849),#611,.F.);
#5994=ADVANCED_FACE('',(#850),#612,.F.);
#5995=ADVANCED_FACE('',(#851),#613,.F.);
#5996=ADVANCED_FACE('',(#852),#614,.F.);
#5997=ADVANCED_FACE('',(#853),#615,.F.);
#5998=ADVANCED_FACE('',(#854),#616,.F.);
#5999=ADVANCED_FACE('',(#855),#617,.F.);
#6000=ADVANCED_FACE('',(#856),#618,.F.);
#6001=ADVANCED_FACE('',(#857),#619,.F.);
#6002=ADVANCED_FACE('',(#858),#620,.F.);
#6003=ADVANCED_FACE('',(#859),#621,.F.);
#6004=ADVANCED_FACE('',(#860),#622,.F.);
#6005=ADVANCED_FACE('',(#861),#623,.T.);
#6006=ADVANCED_FACE('',(#862),#624,.F.);
#6007=ADVANCED_FACE('',(#863),#625,.F.);
#6008=ADVANCED_FACE('',(#864),#626,.T.);
#6009=ADVANCED_FACE('',(#865),#627,.T.);
#6010=ADVANCED_FACE('',(#866),#628,.T.);
#6011=ADVANCED_FACE('',(#867),#629,.F.);
#6012=ADVANCED_FACE('',(#868),#630,.F.);
#6013=ADVANCED_FACE('',(#869),#631,.T.);
#6014=ADVANCED_FACE('',(#870),#632,.T.);
#6015=ADVANCED_FACE('',(#871),#633,.F.);
#6016=ADVANCED_FACE('',(#872),#634,.F.);
#6017=ADVANCED_FACE('',(#873),#635,.T.);
#6018=ADVANCED_FACE('',(#874),#636,.F.);
#6019=ADVANCED_FACE('',(#875),#637,.F.);
#6020=ADVANCED_FACE('',(#876),#638,.T.);
#6021=ADVANCED_FACE('',(#877),#639,.T.);
#6022=ADVANCED_FACE('',(#878),#640,.F.);
#6023=ADVANCED_FACE('',(#879),#641,.F.);
#6024=ADVANCED_FACE('',(#880),#642,.T.);
#6025=ADVANCED_FACE('',(#881),#643,.T.);
#6026=ADVANCED_FACE('',(#882),#644,.T.);
#6027=ADVANCED_FACE('',(#883),#645,.F.);
#6028=ADVANCED_FACE('',(#884),#646,.F.);
#6029=ADVANCED_FACE('',(#885),#647,.T.);
#6030=ADVANCED_FACE('',(#886),#648,.T.);
#6031=ADVANCED_FACE('',(#887),#649,.F.);
#6032=ADVANCED_FACE('',(#888),#650,.F.);
#6033=ADVANCED_FACE('',(#889),#651,.T.);
#6034=ADVANCED_FACE('',(#890),#652,.F.);
#6035=ADVANCED_FACE('',(#891),#653,.F.);
#6036=ADVANCED_FACE('',(#892),#654,.T.);
#6037=ADVANCED_FACE('',(#893),#655,.F.);
#6038=ADVANCED_FACE('',(#894),#656,.T.);
#6039=ADVANCED_FACE('',(#895),#657,.T.);
#6040=ADVANCED_FACE('',(#896),#658,.F.);
#6041=ADVANCED_FACE('',(#897),#659,.F.);
#6042=ADVANCED_FACE('',(#898),#660,.F.);
#6043=ADVANCED_FACE('',(#899),#661,.T.);
#6044=ADVANCED_FACE('',(#900),#662,.T.);
#6045=ADVANCED_FACE('',(#901),#663,.F.);
#6046=ADVANCED_FACE('',(#902),#664,.F.);
#6047=ADVANCED_FACE('',(#903),#665,.T.);
#6048=ADVANCED_FACE('',(#904),#666,.T.);
#6049=ADVANCED_FACE('',(#905),#667,.F.);
#6050=ADVANCED_FACE('',(#906),#668,.T.);
#6051=ADVANCED_FACE('',(#907),#669,.T.);
#6052=ADVANCED_FACE('',(#908),#670,.F.);
#6053=ADVANCED_FACE('',(#909),#671,.T.);
#6054=ADVANCED_FACE('',(#910),#672,.F.);
#6055=ADVANCED_FACE('',(#911),#673,.F.);
#6056=ADVANCED_FACE('',(#912),#674,.T.);
#6057=ADVANCED_FACE('',(#913),#675,.T.);
#6058=ADVANCED_FACE('',(#914),#676,.T.);
#6059=ADVANCED_FACE('',(#915),#677,.F.);
#6060=ADVANCED_FACE('',(#916),#678,.F.);
#6061=ADVANCED_FACE('',(#917),#679,.T.);
#6062=ADVANCED_FACE('',(#918),#680,.T.);
#6063=ADVANCED_FACE('',(#919),#681,.F.);
#6064=ADVANCED_FACE('',(#920),#682,.F.);
#6065=ADVANCED_FACE('',(#921),#683,.T.);
#6066=ADVANCED_FACE('',(#922),#684,.F.);
#6067=ADVANCED_FACE('',(#923),#685,.F.);
#6068=ADVANCED_FACE('',(#924),#686,.T.);
#6069=ADVANCED_FACE('',(#925),#687,.F.);
#6070=ADVANCED_FACE('',(#926),#688,.F.);
#6071=ADVANCED_FACE('',(#927),#689,.F.);
#6072=ADVANCED_FACE('',(#928),#690,.F.);
#6073=ADVANCED_FACE('',(#929),#691,.T.);
#6074=ADVANCED_FACE('',(#930),#692,.T.);
#6075=ADVANCED_FACE('',(#931),#693,.T.);
#6076=ADVANCED_FACE('',(#932),#694,.T.);
#6077=ADVANCED_FACE('',(#933),#695,.T.);
#6078=ADVANCED_FACE('',(#934),#696,.T.);
#6079=ADVANCED_FACE('',(#935),#697,.T.);
#6080=ADVANCED_FACE('',(#936,#398,#399,#400,#401,#402,#403,#404,#405,#406,
#407,#408,#409,#410,#411,#412,#413,#414,#415,#416,#417,#418,#419,#420,#421,
#422,#423,#424,#425,#426,#427,#428,#429,#430,#431,#432,#433,#434,#435,#436,
#437,#438,#439,#440,#441,#442,#443,#444,#445,#446,#447,#448,#449,#450,#451,
#452,#453,#454,#455,#456,#457,#458,#459,#460,#461,#462,#463,#464,#465,#466,
#467,#468,#469,#470,#471,#472,#473,#474,#475,#476,#477,#478),#698,.F.);
#6081=ADVANCED_FACE('',(#937,#479,#480,#481,#482,#483,#484,#485,#486,#487,
#488,#489,#490,#491,#492,#493,#494,#495,#496,#497,#498,#499,#500,#501,#502,
#503,#504,#505,#506,#507,#508,#509,#510,#511,#512,#513,#514,#515,#516,#517,
#518,#519,#520,#521,#522,#523,#524,#525,#526,#527,#528,#529,#530,#531,#532,
#533,#534,#535,#536,#537,#538,#539,#540,#541,#542,#543,#544,#545,#546,#547,
#548,#549,#550,#551,#552,#553,#554,#555,#556,#557,#558,#559),#699,.T.);
#6082=ADVANCED_FACE('',(#938),#700,.T.);
#6083=ADVANCED_FACE('',(#939),#5774,.F.);
#6084=ADVANCED_FACE('',(#940),#5775,.F.);
#6085=ADVANCED_FACE('',(#941),#5776,.F.);
#6086=ADVANCED_FACE('',(#942),#5777,.F.);
#6087=ADVANCED_FACE('',(#943),#5778,.F.);
#6088=ADVANCED_FACE('',(#944),#5779,.F.);
#6089=ADVANCED_FACE('',(#945),#5780,.F.);
#6090=ADVANCED_FACE('',(#946),#5781,.F.);
#6091=ADVANCED_FACE('',(#947),#5782,.F.);
#6092=ADVANCED_FACE('',(#948),#5783,.F.);
#6093=ADVANCED_FACE('',(#949),#5784,.F.);
#6094=ADVANCED_FACE('',(#950),#5785,.F.);
#6095=ADVANCED_FACE('',(#951),#5786,.F.);
#6096=ADVANCED_FACE('',(#952),#5787,.F.);
#6097=ADVANCED_FACE('',(#953),#5788,.F.);
#6098=ADVANCED_FACE('',(#954),#5789,.F.);
#6099=ADVANCED_FACE('',(#955),#5790,.F.);
#6100=ADVANCED_FACE('',(#956),#5791,.F.);
#6101=ADVANCED_FACE('',(#957),#5792,.F.);
#6102=ADVANCED_FACE('',(#958),#5793,.F.);
#6103=ADVANCED_FACE('',(#959),#5794,.F.);
#6104=ADVANCED_FACE('',(#960),#5795,.F.);
#6105=ADVANCED_FACE('',(#961),#5796,.F.);
#6106=ADVANCED_FACE('',(#962),#5797,.F.);
#6107=ADVANCED_FACE('',(#963),#5798,.F.);
#6108=ADVANCED_FACE('',(#964),#5799,.F.);
#6109=ADVANCED_FACE('',(#965),#5800,.F.);
#6110=ADVANCED_FACE('',(#966),#5801,.F.);
#6111=ADVANCED_FACE('',(#967),#5802,.F.);
#6112=ADVANCED_FACE('',(#968),#5803,.F.);
#6113=ADVANCED_FACE('',(#969),#5804,.F.);
#6114=ADVANCED_FACE('',(#970),#5805,.F.);
#6115=ADVANCED_FACE('',(#971),#5806,.F.);
#6116=ADVANCED_FACE('',(#972),#5807,.F.);
#6117=ADVANCED_FACE('',(#973),#5808,.F.);
#6118=ADVANCED_FACE('',(#974),#5809,.F.);
#6119=ADVANCED_FACE('',(#975),#5810,.F.);
#6120=ADVANCED_FACE('',(#976),#5811,.F.);
#6121=ADVANCED_FACE('',(#977),#5812,.F.);
#6122=ADVANCED_FACE('',(#978),#5813,.F.);
#6123=ADVANCED_FACE('',(#979),#5814,.F.);
#6124=ADVANCED_FACE('',(#980),#5815,.F.);
#6125=ADVANCED_FACE('',(#981),#5816,.F.);
#6126=ADVANCED_FACE('',(#982),#5817,.F.);
#6127=ADVANCED_FACE('',(#983),#5818,.F.);
#6128=ADVANCED_FACE('',(#984),#5819,.F.);
#6129=ADVANCED_FACE('',(#985),#5820,.F.);
#6130=ADVANCED_FACE('',(#986),#5821,.F.);
#6131=ADVANCED_FACE('',(#987),#5822,.F.);
#6132=ADVANCED_FACE('',(#988),#5823,.F.);
#6133=ADVANCED_FACE('',(#989),#5824,.F.);
#6134=ADVANCED_FACE('',(#990),#5825,.F.);
#6135=ADVANCED_FACE('',(#991),#5826,.F.);
#6136=ADVANCED_FACE('',(#992),#5827,.F.);
#6137=ADVANCED_FACE('',(#993),#5828,.F.);
#6138=ADVANCED_FACE('',(#994),#5829,.F.);
#6139=ADVANCED_FACE('',(#995),#5830,.F.);
#6140=ADVANCED_FACE('',(#996),#5831,.F.);
#6141=ADVANCED_FACE('',(#997),#5832,.F.);
#6142=ADVANCED_FACE('',(#998),#5833,.F.);
#6143=ADVANCED_FACE('',(#999),#5834,.F.);
#6144=ADVANCED_FACE('',(#1000),#5835,.F.);
#6145=ADVANCED_FACE('',(#1001),#5836,.F.);
#6146=ADVANCED_FACE('',(#1002),#5837,.F.);
#6147=ADVANCED_FACE('',(#1003),#5838,.F.);
#6148=ADVANCED_FACE('',(#1004),#5839,.F.);
#6149=ADVANCED_FACE('',(#1005),#5840,.F.);
#6150=ADVANCED_FACE('',(#1006),#5841,.F.);
#6151=ADVANCED_FACE('',(#1007),#5842,.F.);
#6152=ADVANCED_FACE('',(#1008),#5843,.F.);
#6153=ADVANCED_FACE('',(#1009),#5844,.F.);
#6154=ADVANCED_FACE('',(#1010),#5845,.F.);
#6155=ADVANCED_FACE('',(#1011),#5846,.F.);
#6156=ADVANCED_FACE('',(#1012),#5847,.F.);
#6157=ADVANCED_FACE('',(#1013),#5848,.F.);
#6158=ADVANCED_FACE('',(#1014),#5849,.F.);
#6159=ADVANCED_FACE('',(#1015),#5850,.F.);
#6160=ADVANCED_FACE('',(#1016),#5851,.F.);
#6161=ADVANCED_FACE('',(#1017),#5852,.F.);
#6162=ADVANCED_FACE('',(#1018),#5853,.F.);
#6163=ADVANCED_FACE('',(#1019),#5854,.F.);
#6164=ADVANCED_FACE('',(#1020),#5855,.T.);
#6165=ADVANCED_FACE('',(#1021),#356,.T.);
#6166=ADVANCED_FACE('',(#1022),#5856,.T.);
#6167=ADVANCED_FACE('',(#1023),#357,.T.);
#6168=ADVANCED_FACE('',(#1024),#5857,.T.);
#6169=ADVANCED_FACE('',(#1025),#701,.T.);
#6170=ADVANCED_FACE('',(#1026),#702,.F.);
#6171=ADVANCED_FACE('',(#1027),#5858,.T.);
#6172=ADVANCED_FACE('',(#1028,#560),#703,.F.);
#6173=ADVANCED_FACE('',(#1029,#561),#704,.T.);
#6174=ADVANCED_FACE('',(#1030),#5859,.T.);
#6175=ADVANCED_FACE('',(#1031),#5860,.T.);
#6176=ADVANCED_FACE('',(#1032),#358,.T.);
#6177=ADVANCED_FACE('',(#1033),#359,.T.);
#6178=ADVANCED_FACE('',(#1034),#705,.F.);
#6179=ADVANCED_FACE('',(#1035),#706,.T.);
#6180=CLOSED_SHELL('',(#5861,#5862,#5863,#5864,#5865,#5866,#5867,#5868,
#5869,#5870,#5871,#5872,#5873,#5874,#5875,#5876,#5877,#5878,#5879,#5880,
#5881,#5882,#5883,#5884,#5885,#5886,#5887,#5888,#5889,#5890,#5891,#5892,
#5893,#5894,#5895,#5896,#5897,#5898,#5899,#5900,#5901,#5902,#5903,#5904,
#5905,#5906,#5907,#5908,#5909,#5910,#5911,#5912,#5913,#5914,#5915,#5916,
#5917,#5918,#5919,#5920,#5921,#5922,#5923,#5924,#5925,#5926,#5927,#5928,
#5929,#5930,#5931,#5932,#5933,#5934,#5935,#5936,#5937,#5938,#5939,#5940,
#5941,#5942,#5943,#5944));
#6181=CLOSED_SHELL('',(#5945,#5946,#5947,#5948,#5949,#5950,#5951,#5952,
#5953,#5954,#5955,#5956,#5957,#5958,#5959,#5960,#5961,#5962,#5963,#5964,
#5965,#5966,#5967,#5968,#5969,#5970,#5971,#5972,#5973,#5974,#5975,#5976));
#6182=CLOSED_SHELL('',(#5977,#5978,#5979,#5980,#5981,#5982,#5983,#5984,
#5985,#5986,#5987,#5988,#5989,#5990,#5991,#5992,#5993,#5994,#5995,#5996,
#5997,#5998,#5999,#6000,#6001,#6002,#6003,#6004,#6005,#6006,#6007,#6008,
#6009,#6010,#6011,#6012,#6013,#6014,#6015,#6016,#6017,#6018,#6019,#6020,
#6021,#6022,#6023,#6024,#6025,#6026,#6027,#6028,#6029,#6030,#6031,#6032,
#6033,#6034,#6035,#6036,#6037,#6038,#6039,#6040,#6041,#6042,#6043,#6044,
#6045,#6046,#6047,#6048,#6049,#6050,#6051,#6052,#6053,#6054,#6055,#6056,
#6057,#6058,#6059,#6060,#6061,#6062,#6063,#6064,#6065,#6066,#6067,#6068,
#6069,#6070,#6071,#6072,#6073,#6074,#6075,#6076));
#6183=CLOSED_SHELL('',(#6077,#6078,#6079,#6080,#6081,#6082,#6083,#6084,
#6085,#6086,#6087,#6088,#6089,#6090,#6091,#6092,#6093,#6094,#6095,#6096,
#6097,#6098,#6099,#6100,#6101,#6102,#6103,#6104,#6105,#6106,#6107,#6108,
#6109,#6110,#6111,#6112,#6113,#6114,#6115,#6116,#6117,#6118,#6119,#6120,
#6121,#6122,#6123,#6124,#6125,#6126,#6127,#6128,#6129,#6130,#6131,#6132,
#6133,#6134,#6135,#6136,#6137,#6138,#6139,#6140,#6141,#6142,#6143,#6144,
#6145,#6146,#6147,#6148,#6149,#6150,#6151,#6152,#6153,#6154,#6155,#6156,
#6157,#6158,#6159,#6160,#6161,#6162,#6163));
#6184=CLOSED_SHELL('',(#6164,#6165,#6166,#6167,#6168,#6169,#6170));
#6185=CLOSED_SHELL('',(#6171,#6172,#6173,#6174,#6175,#6176,#6177,#6178,
#6179));
#6186=DERIVED_UNIT_ELEMENT(#6202,1.);
#6187=DERIVED_UNIT_ELEMENT(#10770,-3.);
#6188=DERIVED_UNIT_ELEMENT(#6202,1.);
#6189=DERIVED_UNIT_ELEMENT(#10770,-3.);
#6190=DERIVED_UNIT_ELEMENT(#6202,1.);
#6191=DERIVED_UNIT_ELEMENT(#10770,-3.);
#6192=DERIVED_UNIT_ELEMENT(#6202,1.);
#6193=DERIVED_UNIT_ELEMENT(#10770,-3.);
#6194=DERIVED_UNIT_ELEMENT(#6202,1.);
#6195=DERIVED_UNIT_ELEMENT(#10770,-3.);
#6196=DERIVED_UNIT_ELEMENT(#6202,1.);
#6197=DERIVED_UNIT_ELEMENT(#10770,-3.);
#6198=DERIVED_UNIT_ELEMENT(#6202,1.);
#6199=DERIVED_UNIT_ELEMENT(#10770,-3.);
#6200=DERIVED_UNIT_ELEMENT(#6202,1.);
#6201=DERIVED_UNIT_ELEMENT(#10770,-3.);
#6202=(
MASS_UNIT()
NAMED_UNIT(*)
SI_UNIT(.KILO.,.GRAM.)
);
#6203=DERIVED_UNIT((#6186,#6187));
#6204=DERIVED_UNIT((#6188,#6189));
#6205=DERIVED_UNIT((#6190,#6191));
#6206=DERIVED_UNIT((#6192,#6193));
#6207=DERIVED_UNIT((#6194,#6195));
#6208=DERIVED_UNIT((#6196,#6197));
#6209=DERIVED_UNIT((#6198,#6199));
#6210=DERIVED_UNIT((#6200,#6201));
#6211=MEASURE_REPRESENTATION_ITEM('density measure',
POSITIVE_RATIO_MEASURE(7850.),#6203);
#6212=MEASURE_REPRESENTATION_ITEM('density measure',
POSITIVE_RATIO_MEASURE(7850.),#6204);
#6213=MEASURE_REPRESENTATION_ITEM('density measure',
POSITIVE_RATIO_MEASURE(7850.),#6205);
#6214=MEASURE_REPRESENTATION_ITEM('density measure',
POSITIVE_RATIO_MEASURE(7850.),#6206);
#6215=MEASURE_REPRESENTATION_ITEM('density measure',
POSITIVE_RATIO_MEASURE(7850.),#6207);
#6216=MEASURE_REPRESENTATION_ITEM('density measure',
POSITIVE_RATIO_MEASURE(7850.),#6208);
#6217=MEASURE_REPRESENTATION_ITEM('density measure',
POSITIVE_RATIO_MEASURE(7850.),#6209);
#6218=MEASURE_REPRESENTATION_ITEM('density measure',
POSITIVE_RATIO_MEASURE(7850.),#6210);
#6219=PROPERTY_DEFINITION_REPRESENTATION(#6259,#6235);
#6220=PROPERTY_DEFINITION_REPRESENTATION(#6260,#6236);
#6221=PROPERTY_DEFINITION_REPRESENTATION(#6261,#6237);
#6222=PROPERTY_DEFINITION_REPRESENTATION(#6262,#6238);
#6223=PROPERTY_DEFINITION_REPRESENTATION(#6263,#6239);
#6224=PROPERTY_DEFINITION_REPRESENTATION(#6264,#6240);
#6225=PROPERTY_DEFINITION_REPRESENTATION(#6265,#6241);
#6226=PROPERTY_DEFINITION_REPRESENTATION(#6266,#6242);
#6227=PROPERTY_DEFINITION_REPRESENTATION(#6267,#6243);
#6228=PROPERTY_DEFINITION_REPRESENTATION(#6268,#6244);
#6229=PROPERTY_DEFINITION_REPRESENTATION(#6269,#6245);
#6230=PROPERTY_DEFINITION_REPRESENTATION(#6270,#6246);
#6231=PROPERTY_DEFINITION_REPRESENTATION(#6271,#6247);
#6232=PROPERTY_DEFINITION_REPRESENTATION(#6272,#6248);
#6233=PROPERTY_DEFINITION_REPRESENTATION(#6273,#6249);
#6234=PROPERTY_DEFINITION_REPRESENTATION(#6274,#6250);
#6235=REPRESENTATION('material name',(#6251),#10737);
#6236=REPRESENTATION('density',(#6211),#10737);
#6237=REPRESENTATION('material name',(#6252),#10738);
#6238=REPRESENTATION('density',(#6212),#10738);
#6239=REPRESENTATION('material name',(#6253),#10742);
#6240=REPRESENTATION('density',(#6213),#10742);
#6241=REPRESENTATION('material name',(#6254),#10752);
#6242=REPRESENTATION('density',(#6214),#10752);
#6243=REPRESENTATION('material name',(#6255),#10753);
#6244=REPRESENTATION('density',(#6215),#10753);
#6245=REPRESENTATION('material name',(#6256),#10756);
#6246=REPRESENTATION('density',(#6216),#10756);
#6247=REPRESENTATION('material name',(#6257),#10758);
#6248=REPRESENTATION('density',(#6217),#10758);
#6249=REPRESENTATION('material name',(#6258),#10767);
#6250=REPRESENTATION('density',(#6218),#10767);
#6251=DESCRIPTIVE_REPRESENTATION_ITEM('Stahl','Stahl');
#6252=DESCRIPTIVE_REPRESENTATION_ITEM('Stahl','Stahl');
#6253=DESCRIPTIVE_REPRESENTATION_ITEM('Stahl','Stahl');
#6254=DESCRIPTIVE_REPRESENTATION_ITEM('Stahl','Stahl');
#6255=DESCRIPTIVE_REPRESENTATION_ITEM('Stahl','Stahl');
#6256=DESCRIPTIVE_REPRESENTATION_ITEM('Stahl','Stahl');
#6257=DESCRIPTIVE_REPRESENTATION_ITEM('Stahl','Stahl');
#6258=DESCRIPTIVE_REPRESENTATION_ITEM('Stahl','Stahl');
#6259=PROPERTY_DEFINITION('material property','material name',#10923);
#6260=PROPERTY_DEFINITION('material property','density of part',#10923);
#6261=PROPERTY_DEFINITION('material property','material name',#10924);
#6262=PROPERTY_DEFINITION('material property','density of part',#10924);
#6263=PROPERTY_DEFINITION('material property','material name',#10928);
#6264=PROPERTY_DEFINITION('material property','density of part',#10928);
#6265=PROPERTY_DEFINITION('material property','material name',#10938);
#6266=PROPERTY_DEFINITION('material property','density of part',#10938);
#6267=PROPERTY_DEFINITION('material property','material name',#10939);
#6268=PROPERTY_DEFINITION('material property','density of part',#10939);
#6269=PROPERTY_DEFINITION('material property','material name',#10942);
#6270=PROPERTY_DEFINITION('material property','density of part',#10942);
#6271=PROPERTY_DEFINITION('material property','material name',#10944);
#6272=PROPERTY_DEFINITION('material property','density of part',#10944);
#6273=PROPERTY_DEFINITION('material property','material name',#10953);
#6274=PROPERTY_DEFINITION('material property','density of part',#10953);
#6275=AXIS2_PLACEMENT_3D('',#8898,#6989,#6990);
#6276=AXIS2_PLACEMENT_3D('',#8899,#6991,#6992);
#6277=AXIS2_PLACEMENT_3D('',#8900,#6993,#6994);
#6278=AXIS2_PLACEMENT_3D('',#8901,#6995,#6996);
#6279=AXIS2_PLACEMENT_3D('',#8902,#6997,#6998);
#6280=AXIS2_PLACEMENT_3D('',#8905,#6999,#7000);
#6281=AXIS2_PLACEMENT_3D('',#8909,#7002,#7003);
#6282=AXIS2_PLACEMENT_3D('',#8911,#7005,#7006);
#6283=AXIS2_PLACEMENT_3D('',#8913,#7007,#7008);
#6284=AXIS2_PLACEMENT_3D('',#8914,#7009,#7010);
#6285=AXIS2_PLACEMENT_3D('',#8915,#7011,#7012);
#6286=AXIS2_PLACEMENT_3D('',#8921,#7016,#7017);
#6287=AXIS2_PLACEMENT_3D('',#8925,#7019,#7020);
#6288=AXIS2_PLACEMENT_3D('',#8929,#7022,#7023);
#6289=AXIS2_PLACEMENT_3D('',#8933,#7025,#7026);
#6290=AXIS2_PLACEMENT_3D('',#8937,#7028,#7029);
#6291=AXIS2_PLACEMENT_3D('',#8941,#7031,#7032);
#6292=AXIS2_PLACEMENT_3D('',#8945,#7034,#7035);
#6293=AXIS2_PLACEMENT_3D('',#8948,#7037,#7038);
#6294=AXIS2_PLACEMENT_3D('',#8950,#7039,#7040);
#6295=AXIS2_PLACEMENT_3D('',#8952,#7041,#7042);
#6296=AXIS2_PLACEMENT_3D('',#8954,#7043,#7044);
#6297=AXIS2_PLACEMENT_3D('',#8956,#7045,#7046);
#6298=AXIS2_PLACEMENT_3D('',#8961,#7048,#7049);
#6299=AXIS2_PLACEMENT_3D('',#8965,#7051,#7052);
#6300=AXIS2_PLACEMENT_3D('',#8968,#7054,#7055);
#6301=AXIS2_PLACEMENT_3D('',#8973,#7057,#7058);
#6302=AXIS2_PLACEMENT_3D('',#8977,#7060,#7061);
#6303=AXIS2_PLACEMENT_3D('',#8981,#7063,#7064);
#6304=AXIS2_PLACEMENT_3D('',#8985,#7066,#7067);
#6305=AXIS2_PLACEMENT_3D('',#8989,#7069,#7070);
#6306=AXIS2_PLACEMENT_3D('',#8993,#7072,#7073);
#6307=AXIS2_PLACEMENT_3D('',#8997,#7075,#7076);
#6308=AXIS2_PLACEMENT_3D('',#8999,#7078,#7079);
#6309=AXIS2_PLACEMENT_3D('',#9003,#7082,#7083);
#6310=AXIS2_PLACEMENT_3D('',#9005,#7084,#7085);
#6311=AXIS2_PLACEMENT_3D('',#9007,#7087,#7088);
#6312=AXIS2_PLACEMENT_3D('',#9009,#7089,#7090);
#6313=AXIS2_PLACEMENT_3D('',#9010,#7091,#7092);
#6314=AXIS2_PLACEMENT_3D('',#9011,#7093,#7094);
#6315=AXIS2_PLACEMENT_3D('',#9047,#7097,#7098);
#6316=AXIS2_PLACEMENT_3D('',#9049,#7099,#7100);
#6317=AXIS2_PLACEMENT_3D('',#9050,#7101,#7102);
#6318=AXIS2_PLACEMENT_3D('',#9051,#7103,#7104);
#6319=AXIS2_PLACEMENT_3D('',#9054,#7107,#7108);
#6320=AXIS2_PLACEMENT_3D('',#9058,#7111,#7112);
#6321=AXIS2_PLACEMENT_3D('',#9061,#7114,#7115);
#6322=AXIS2_PLACEMENT_3D('',#9062,#7116,#7117);
#6323=AXIS2_PLACEMENT_3D('',#9066,#7119,#7120);
#6324=AXIS2_PLACEMENT_3D('',#9068,#7122,#7123);
#6325=AXIS2_PLACEMENT_3D('',#9070,#7124,#7125);
#6326=AXIS2_PLACEMENT_3D('',#9103,#7128,#7129);
#6327=AXIS2_PLACEMENT_3D('',#9104,#7130,#7131);
#6328=AXIS2_PLACEMENT_3D('',#9108,#7133,#7134);
#6329=AXIS2_PLACEMENT_3D('',#9110,#7136,#7137);
#6330=AXIS2_PLACEMENT_3D('',#9112,#7139,#7140);
#6331=AXIS2_PLACEMENT_3D('',#9114,#7141,#7142);
#6332=AXIS2_PLACEMENT_3D('',#9116,#7144,#7145);
#6333=AXIS2_PLACEMENT_3D('',#9118,#7146,#7147);
#6334=AXIS2_PLACEMENT_3D('',#9119,#7148,#7149);
#6335=AXIS2_PLACEMENT_3D('',#9120,#7150,#7151);
#6336=AXIS2_PLACEMENT_3D('',#9122,#7153,#7154);
#6337=AXIS2_PLACEMENT_3D('',#9125,#7156,#7157);
#6338=AXIS2_PLACEMENT_3D('',#9126,#7158,#7159);
#6339=AXIS2_PLACEMENT_3D('',#9128,#7160,#7161);
#6340=AXIS2_PLACEMENT_3D('',#9129,#7162,#7163);
#6341=AXIS2_PLACEMENT_3D('',#9130,#7164,#7165);
#6342=AXIS2_PLACEMENT_3D('',#9134,#7168,#7169);
#6343=AXIS2_PLACEMENT_3D('',#9135,#7170,#7171);
#6344=AXIS2_PLACEMENT_3D('',#9136,#7172,#7173);
#6345=AXIS2_PLACEMENT_3D('',#9137,#7174,#7175);
#6346=AXIS2_PLACEMENT_3D('',#9138,#7176,#7177);
#6347=AXIS2_PLACEMENT_3D('',#9141,#7179,#7180);
#6348=AXIS2_PLACEMENT_3D('',#9142,#7181,#7182);
#6349=AXIS2_PLACEMENT_3D('',#9143,#7183,#7184);
#6350=AXIS2_PLACEMENT_3D('',#9144,#7185,#7186);
#6351=AXIS2_PLACEMENT_3D('',#9146,#7188,#7189);
#6352=AXIS2_PLACEMENT_3D('',#9151,#7193,#7194);
#6353=AXIS2_PLACEMENT_3D('',#9153,#7195,#7196);
#6354=AXIS2_PLACEMENT_3D('',#9158,#7198,#7199);
#6355=AXIS2_PLACEMENT_3D('',#9162,#7201,#7202);
#6356=AXIS2_PLACEMENT_3D('',#9165,#7204,#7205);
#6357=AXIS2_PLACEMENT_3D('',#9170,#7207,#7208);
#6358=AXIS2_PLACEMENT_3D('',#9174,#7210,#7211);
#6359=AXIS2_PLACEMENT_3D('',#9180,#7214,#7215);
#6360=AXIS2_PLACEMENT_3D('',#9184,#7217,#7218);
#6361=AXIS2_PLACEMENT_3D('',#9188,#7220,#7221);
#6362=AXIS2_PLACEMENT_3D('',#9192,#7223,#7224);
#6363=AXIS2_PLACEMENT_3D('',#9195,#7226,#7227);
#6364=AXIS2_PLACEMENT_3D('',#9197,#7228,#7229);
#6365=AXIS2_PLACEMENT_3D('',#9198,#7230,#7231);
#6366=AXIS2_PLACEMENT_3D('',#9200,#7233,#7234);
#6367=AXIS2_PLACEMENT_3D('',#9201,#7235,#7236);
#6368=AXIS2_PLACEMENT_3D('',#9202,#7237,#7238);
#6369=AXIS2_PLACEMENT_3D('',#9203,#7239,#7240);
#6370=AXIS2_PLACEMENT_3D('',#9204,#7241,#7242);
#6371=AXIS2_PLACEMENT_3D('',#9206,#7243,#7244);
#6372=AXIS2_PLACEMENT_3D('',#9208,#7245,#7246);
#6373=AXIS2_PLACEMENT_3D('',#9209,#7247,#7248);
#6374=AXIS2_PLACEMENT_3D('',#9210,#7249,#7250);
#6375=AXIS2_PLACEMENT_3D('',#9212,#7252,#7253);
#6376=AXIS2_PLACEMENT_3D('',#9214,#7254,#7255);
#6377=AXIS2_PLACEMENT_3D('',#9216,#7256,#7257);
#6378=AXIS2_PLACEMENT_3D('',#9217,#7258,#7259);
#6379=AXIS2_PLACEMENT_3D('',#9218,#7260,#7261);
#6380=AXIS2_PLACEMENT_3D('',#9220,#7263,#7264);
#6381=AXIS2_PLACEMENT_3D('',#9222,#7265,#7266);
#6382=AXIS2_PLACEMENT_3D('',#9224,#7267,#7268);
#6383=AXIS2_PLACEMENT_3D('',#9225,#7269,#7270);
#6384=AXIS2_PLACEMENT_3D('',#9226,#7271,#7272);
#6385=AXIS2_PLACEMENT_3D('',#9228,#7274,#7275);
#6386=AXIS2_PLACEMENT_3D('',#9230,#7276,#7277);
#6387=AXIS2_PLACEMENT_3D('',#9232,#7278,#7279);
#6388=AXIS2_PLACEMENT_3D('',#9233,#7280,#7281);
#6389=AXIS2_PLACEMENT_3D('',#9234,#7282,#7283);
#6390=AXIS2_PLACEMENT_3D('',#9236,#7285,#7286);
#6391=AXIS2_PLACEMENT_3D('',#9238,#7287,#7288);
#6392=AXIS2_PLACEMENT_3D('',#9241,#7290,#7291);
#6393=AXIS2_PLACEMENT_3D('',#9242,#7292,#7293);
#6394=AXIS2_PLACEMENT_3D('',#9244,#7294,#7295);
#6395=AXIS2_PLACEMENT_3D('',#9245,#7296,#7297);
#6396=AXIS2_PLACEMENT_3D('',#9246,#7298,#7299);
#6397=AXIS2_PLACEMENT_3D('',#9248,#7300,#7301);
#6398=AXIS2_PLACEMENT_3D('',#9250,#7303,#7304);
#6399=AXIS2_PLACEMENT_3D('',#9252,#7305,#7306);
#6400=AXIS2_PLACEMENT_3D('',#9253,#7307,#7308);
#6401=AXIS2_PLACEMENT_3D('',#9254,#7309,#7310);
#6402=AXIS2_PLACEMENT_3D('',#9256,#7311,#7312);
#6403=AXIS2_PLACEMENT_3D('',#9258,#7314,#7315);
#6404=AXIS2_PLACEMENT_3D('',#9259,#7316,#7317);
#6405=AXIS2_PLACEMENT_3D('',#9260,#7318,#7319);
#6406=AXIS2_PLACEMENT_3D('',#9263,#7322,#7323);
#6407=AXIS2_PLACEMENT_3D('',#9265,#7325,#7326);
#6408=AXIS2_PLACEMENT_3D('',#9293,#7328,#7329);
#6409=AXIS2_PLACEMENT_3D('',#9295,#7330,#7331);
#6410=AXIS2_PLACEMENT_3D('',#9296,#7332,#7333);
#6411=AXIS2_PLACEMENT_3D('',#9297,#7334,#7335);
#6412=AXIS2_PLACEMENT_3D('',#9299,#7336,#7337);
#6413=AXIS2_PLACEMENT_3D('',#9301,#7339,#7340);
#6414=AXIS2_PLACEMENT_3D('',#9303,#7341,#7342);
#6415=AXIS2_PLACEMENT_3D('',#9304,#7343,#7344);
#6416=AXIS2_PLACEMENT_3D('',#9305,#7345,#7346);
#6417=AXIS2_PLACEMENT_3D('',#9307,#7347,#7348);
#6418=AXIS2_PLACEMENT_3D('',#9309,#7350,#7351);
#6419=AXIS2_PLACEMENT_3D('',#9311,#7352,#7353);
#6420=AXIS2_PLACEMENT_3D('',#9312,#7354,#7355);
#6421=AXIS2_PLACEMENT_3D('',#9313,#7356,#7357);
#6422=AXIS2_PLACEMENT_3D('',#9316,#7359,#7360);
#6423=AXIS2_PLACEMENT_3D('',#9317,#7361,#7362);
#6424=AXIS2_PLACEMENT_3D('',#9319,#7363,#7364);
#6425=AXIS2_PLACEMENT_3D('',#9321,#7366,#7367);
#6426=AXIS2_PLACEMENT_3D('',#9323,#7368,#7369);
#6427=AXIS2_PLACEMENT_3D('',#9324,#7370,#7371);
#6428=AXIS2_PLACEMENT_3D('',#9325,#7372,#7373);
#6429=AXIS2_PLACEMENT_3D('',#9327,#7374,#7375);
#6430=AXIS2_PLACEMENT_3D('',#9329,#7377,#7378);
#6431=AXIS2_PLACEMENT_3D('',#9331,#7379,#7380);
#6432=AXIS2_PLACEMENT_3D('',#9332,#7381,#7382);
#6433=AXIS2_PLACEMENT_3D('',#9333,#7383,#7384);
#6434=AXIS2_PLACEMENT_3D('',#9335,#7385,#7386);
#6435=AXIS2_PLACEMENT_3D('',#9337,#7388,#7389);
#6436=AXIS2_PLACEMENT_3D('',#9339,#7390,#7391);
#6437=AXIS2_PLACEMENT_3D('',#9340,#7392,#7393);
#6438=AXIS2_PLACEMENT_3D('',#9341,#7394,#7395);
#6439=AXIS2_PLACEMENT_3D('',#9343,#7396,#7397);
#6440=AXIS2_PLACEMENT_3D('',#9345,#7399,#7400);
#6441=AXIS2_PLACEMENT_3D('',#9347,#7401,#7402);
#6442=AXIS2_PLACEMENT_3D('',#9348,#7403,#7404);
#6443=AXIS2_PLACEMENT_3D('',#9349,#7405,#7406);
#6444=AXIS2_PLACEMENT_3D('',#9351,#7408,#7409);
#6445=AXIS2_PLACEMENT_3D('',#9354,#7412,#7413);
#6446=AXIS2_PLACEMENT_3D('',#9356,#7415,#7416);
#6447=AXIS2_PLACEMENT_3D('',#9358,#7418,#7419);
#6448=AXIS2_PLACEMENT_3D('',#9360,#7421,#7422);
#6449=AXIS2_PLACEMENT_3D('',#9362,#7424,#7425);
#6450=AXIS2_PLACEMENT_3D('',#9364,#7427,#7428);
#6451=AXIS2_PLACEMENT_3D('',#9366,#7430,#7431);
#6452=AXIS2_PLACEMENT_3D('',#9368,#7433,#7434);
#6453=AXIS2_PLACEMENT_3D('',#9370,#7436,#7437);
#6454=AXIS2_PLACEMENT_3D('',#9371,#7438,#7439);
#6455=AXIS2_PLACEMENT_3D('',#9374,#7442,#7443);
#6456=AXIS2_PLACEMENT_3D('',#9376,#7445,#7446);
#6457=AXIS2_PLACEMENT_3D('',#9379,#7449,#7450);
#6458=AXIS2_PLACEMENT_3D('',#9381,#7452,#7453);
#6459=AXIS2_PLACEMENT_3D('',#9382,#7454,#7455);
#6460=AXIS2_PLACEMENT_3D('',#9384,#7457,#7458);
#6461=AXIS2_PLACEMENT_3D('',#9385,#7459,#7460);
#6462=AXIS2_PLACEMENT_3D('',#9386,#7461,#7462);
#6463=AXIS2_PLACEMENT_3D('',#9387,#7463,#7464);
#6464=AXIS2_PLACEMENT_3D('',#9388,#7465,#7466);
#6465=AXIS2_PLACEMENT_3D('',#9389,#7467,#7468);
#6466=AXIS2_PLACEMENT_3D('',#9390,#7469,#7470);
#6467=AXIS2_PLACEMENT_3D('',#9391,#7471,#7472);
#6468=AXIS2_PLACEMENT_3D('',#9392,#7473,#7474);
#6469=AXIS2_PLACEMENT_3D('',#9393,#7475,#7476);
#6470=AXIS2_PLACEMENT_3D('',#9394,#7477,#7478);
#6471=AXIS2_PLACEMENT_3D('',#9395,#7479,#7480);
#6472=AXIS2_PLACEMENT_3D('',#9396,#7481,#7482);
#6473=AXIS2_PLACEMENT_3D('',#9397,#7483,#7484);
#6474=AXIS2_PLACEMENT_3D('',#9398,#7485,#7486);
#6475=AXIS2_PLACEMENT_3D('',#9399,#7487,#7488);
#6476=AXIS2_PLACEMENT_3D('',#9400,#7489,#7490);
#6477=AXIS2_PLACEMENT_3D('',#9401,#7491,#7492);
#6478=AXIS2_PLACEMENT_3D('',#9402,#7493,#7494);
#6479=AXIS2_PLACEMENT_3D('',#9403,#7495,#7496);
#6480=AXIS2_PLACEMENT_3D('',#9404,#7497,#7498);
#6481=AXIS2_PLACEMENT_3D('',#9405,#7499,#7500);
#6482=AXIS2_PLACEMENT_3D('',#9406,#7501,#7502);
#6483=AXIS2_PLACEMENT_3D('',#9407,#7503,#7504);
#6484=AXIS2_PLACEMENT_3D('',#9408,#7505,#7506);
#6485=AXIS2_PLACEMENT_3D('',#9409,#7507,#7508);
#6486=AXIS2_PLACEMENT_3D('',#9410,#7509,#7510);
#6487=AXIS2_PLACEMENT_3D('',#9411,#7511,#7512);
#6488=AXIS2_PLACEMENT_3D('',#9412,#7513,#7514);
#6489=AXIS2_PLACEMENT_3D('',#9413,#7515,#7516);
#6490=AXIS2_PLACEMENT_3D('',#9414,#7517,#7518);
#6491=AXIS2_PLACEMENT_3D('',#9415,#7519,#7520);
#6492=AXIS2_PLACEMENT_3D('',#9416,#7521,#7522);
#6493=AXIS2_PLACEMENT_3D('',#9417,#7523,#7524);
#6494=AXIS2_PLACEMENT_3D('',#9418,#7525,#7526);
#6495=AXIS2_PLACEMENT_3D('',#9419,#7527,#7528);
#6496=AXIS2_PLACEMENT_3D('',#9420,#7529,#7530);
#6497=AXIS2_PLACEMENT_3D('',#9421,#7531,#7532);
#6498=AXIS2_PLACEMENT_3D('',#9422,#7533,#7534);
#6499=AXIS2_PLACEMENT_3D('',#9423,#7535,#7536);
#6500=AXIS2_PLACEMENT_3D('',#9424,#7537,#7538);
#6501=AXIS2_PLACEMENT_3D('',#9427,#7539,#7540);
#6502=AXIS2_PLACEMENT_3D('',#9431,#7542,#7543);
#6503=AXIS2_PLACEMENT_3D('',#9433,#7545,#7546);
#6504=AXIS2_PLACEMENT_3D('',#9447,#7554,#7555);
#6505=AXIS2_PLACEMENT_3D('',#9458,#7561,#7562);
#6506=AXIS2_PLACEMENT_3D('',#9460,#7563,#7564);
#6507=AXIS2_PLACEMENT_3D('',#9464,#7566,#7567);
#6508=AXIS2_PLACEMENT_3D('',#9468,#7569,#7570);
#6509=AXIS2_PLACEMENT_3D('',#9471,#7572,#7573);
#6510=AXIS2_PLACEMENT_3D('',#9473,#7574,#7575);
#6511=AXIS2_PLACEMENT_3D('',#9475,#7576,#7577);
#6512=AXIS2_PLACEMENT_3D('',#9477,#7578,#7579);
#6513=AXIS2_PLACEMENT_3D('',#9480,#7580,#7581);
#6514=AXIS2_PLACEMENT_3D('',#9482,#7582,#7583);
#6515=AXIS2_PLACEMENT_3D('',#9483,#7584,#7585);
#6516=AXIS2_PLACEMENT_3D('',#9484,#7586,#7587);
#6517=AXIS2_PLACEMENT_3D('',#9487,#7589,#7590);
#6518=AXIS2_PLACEMENT_3D('',#9488,#7591,#7592);
#6519=AXIS2_PLACEMENT_3D('',#9492,#7595,#7596);
#6520=AXIS2_PLACEMENT_3D('',#9496,#7598,#7599);
#6521=AXIS2_PLACEMENT_3D('',#9498,#7601,#7602);
#6522=AXIS2_PLACEMENT_3D('',#9500,#7603,#7604);
#6523=AXIS2_PLACEMENT_3D('',#9501,#7605,#7606);
#6524=AXIS2_PLACEMENT_3D('',#9502,#7607,#7608);
#6525=AXIS2_PLACEMENT_3D('',#9506,#7610,#7611);
#6526=AXIS2_PLACEMENT_3D('',#9508,#7613,#7614);
#6527=AXIS2_PLACEMENT_3D('',#9510,#7616,#7617);
#6528=AXIS2_PLACEMENT_3D('',#9513,#7618,#7619);
#6529=AXIS2_PLACEMENT_3D('',#9515,#7620,#7621);
#6530=AXIS2_PLACEMENT_3D('',#9516,#7622,#7623);
#6531=AXIS2_PLACEMENT_3D('',#9517,#7624,#7625);
#6532=AXIS2_PLACEMENT_3D('',#9520,#7628,#7629);
#6533=AXIS2_PLACEMENT_3D('',#9524,#7632,#7633);
#6534=AXIS2_PLACEMENT_3D('',#9527,#7635,#7636);
#6535=AXIS2_PLACEMENT_3D('',#9528,#7637,#7638);
#6536=AXIS2_PLACEMENT_3D('',#9529,#7639,#7640);
#6537=AXIS2_PLACEMENT_3D('',#9530,#7641,#7642);
#6538=AXIS2_PLACEMENT_3D('',#9531,#7643,#7644);
#6539=AXIS2_PLACEMENT_3D('',#9532,#7645,#7646);
#6540=AXIS2_PLACEMENT_3D('',#9533,#7647,#7648);
#6541=AXIS2_PLACEMENT_3D('',#9534,#7649,#7650);
#6542=AXIS2_PLACEMENT_3D('',#9535,#7651,#7652);
#6543=AXIS2_PLACEMENT_3D('',#9536,#7653,#7654);
#6544=AXIS2_PLACEMENT_3D('',#9538,#7656,#7657);
#6545=AXIS2_PLACEMENT_3D('',#9541,#7660,#7661);
#6546=AXIS2_PLACEMENT_3D('',#9542,#7662,#7663);
#6547=AXIS2_PLACEMENT_3D('',#9544,#7664,#7665);
#6548=AXIS2_PLACEMENT_3D('',#9546,#7666,#7667);
#6549=AXIS2_PLACEMENT_3D('',#9548,#7668,#7669);
#6550=AXIS2_PLACEMENT_3D('',#9550,#7670,#7671);
#6551=AXIS2_PLACEMENT_3D('',#9551,#7672,#7673);
#6552=AXIS2_PLACEMENT_3D('',#9575,#7674,#7675);
#6553=AXIS2_PLACEMENT_3D('',#9576,#7676,#7677);
#6554=AXIS2_PLACEMENT_3D('',#9579,#7680,#7681);
#6555=AXIS2_PLACEMENT_3D('',#9581,#7683,#7684);
#6556=AXIS2_PLACEMENT_3D('',#9585,#7687,#7688);
#6557=AXIS2_PLACEMENT_3D('',#9589,#7691,#7692);
#6558=AXIS2_PLACEMENT_3D('',#9593,#7695,#7696);
#6559=AXIS2_PLACEMENT_3D('',#9595,#7698,#7699);
#6560=AXIS2_PLACEMENT_3D('',#9596,#7700,#7701);
#6561=AXIS2_PLACEMENT_3D('',#9598,#7703,#7704);
#6562=AXIS2_PLACEMENT_3D('',#9600,#7706,#7707);
#6563=AXIS2_PLACEMENT_3D('',#9602,#7709,#7710);
#6564=AXIS2_PLACEMENT_3D('',#9603,#7711,#7712);
#6565=AXIS2_PLACEMENT_3D('',#9604,#7713,#7714);
#6566=AXIS2_PLACEMENT_3D('',#9605,#7715,#7716);
#6567=AXIS2_PLACEMENT_3D('',#9606,#7717,#7718);
#6568=AXIS2_PLACEMENT_3D('',#9615,#7723,#7724);
#6569=AXIS2_PLACEMENT_3D('',#9621,#7728,#7729);
#6570=AXIS2_PLACEMENT_3D('',#9627,#7733,#7734);
#6571=AXIS2_PLACEMENT_3D('',#9705,#7774,#7775);
#6572=AXIS2_PLACEMENT_3D('',#9783,#7815,#7816);
#6573=AXIS2_PLACEMENT_3D('',#9785,#7818,#7819);
#6574=AXIS2_PLACEMENT_3D('',#9787,#7821,#7822);
#6575=AXIS2_PLACEMENT_3D('',#9789,#7824,#7825);
#6576=AXIS2_PLACEMENT_3D('',#9791,#7827,#7828);
#6577=AXIS2_PLACEMENT_3D('',#9793,#7830,#7831);
#6578=AXIS2_PLACEMENT_3D('',#9795,#7833,#7834);
#6579=AXIS2_PLACEMENT_3D('',#9797,#7836,#7837);
#6580=AXIS2_PLACEMENT_3D('',#9799,#7839,#7840);
#6581=AXIS2_PLACEMENT_3D('',#9801,#7842,#7843);
#6582=AXIS2_PLACEMENT_3D('',#9803,#7845,#7846);
#6583=AXIS2_PLACEMENT_3D('',#9805,#7848,#7849);
#6584=AXIS2_PLACEMENT_3D('',#9807,#7851,#7852);
#6585=AXIS2_PLACEMENT_3D('',#9809,#7854,#7855);
#6586=AXIS2_PLACEMENT_3D('',#9811,#7857,#7858);
#6587=AXIS2_PLACEMENT_3D('',#9813,#7860,#7861);
#6588=AXIS2_PLACEMENT_3D('',#9815,#7863,#7864);
#6589=AXIS2_PLACEMENT_3D('',#9817,#7866,#7867);
#6590=AXIS2_PLACEMENT_3D('',#9819,#7869,#7870);
#6591=AXIS2_PLACEMENT_3D('',#9821,#7872,#7873);
#6592=AXIS2_PLACEMENT_3D('',#9823,#7875,#7876);
#6593=AXIS2_PLACEMENT_3D('',#9825,#7878,#7879);
#6594=AXIS2_PLACEMENT_3D('',#9827,#7881,#7882);
#6595=AXIS2_PLACEMENT_3D('',#9828,#7883,#7884);
#6596=AXIS2_PLACEMENT_3D('',#9834,#7888,#7889);
#6597=AXIS2_PLACEMENT_3D('',#9838,#7892,#7893);
#6598=AXIS2_PLACEMENT_3D('',#9842,#7896,#7897);
#6599=AXIS2_PLACEMENT_3D('',#9844,#7899,#7900);
#6600=AXIS2_PLACEMENT_3D('',#9850,#7904,#7905);
#6601=AXIS2_PLACEMENT_3D('',#9854,#7908,#7909);
#6602=AXIS2_PLACEMENT_3D('',#9858,#7912,#7913);
#6603=AXIS2_PLACEMENT_3D('',#9860,#7915,#7916);
#6604=AXIS2_PLACEMENT_3D('',#9866,#7920,#7921);
#6605=AXIS2_PLACEMENT_3D('',#9870,#7924,#7925);
#6606=AXIS2_PLACEMENT_3D('',#9874,#7928,#7929);
#6607=AXIS2_PLACEMENT_3D('',#9876,#7931,#7932);
#6608=AXIS2_PLACEMENT_3D('',#9882,#7936,#7937);
#6609=AXIS2_PLACEMENT_3D('',#9886,#7940,#7941);
#6610=AXIS2_PLACEMENT_3D('',#9890,#7944,#7945);
#6611=AXIS2_PLACEMENT_3D('',#9892,#7947,#7948);
#6612=AXIS2_PLACEMENT_3D('',#9898,#7952,#7953);
#6613=AXIS2_PLACEMENT_3D('',#9902,#7956,#7957);
#6614=AXIS2_PLACEMENT_3D('',#9906,#7960,#7961);
#6615=AXIS2_PLACEMENT_3D('',#9908,#7963,#7964);
#6616=AXIS2_PLACEMENT_3D('',#9914,#7968,#7969);
#6617=AXIS2_PLACEMENT_3D('',#9918,#7972,#7973);
#6618=AXIS2_PLACEMENT_3D('',#9922,#7976,#7977);
#6619=AXIS2_PLACEMENT_3D('',#9924,#7979,#7980);
#6620=AXIS2_PLACEMENT_3D('',#9930,#7984,#7985);
#6621=AXIS2_PLACEMENT_3D('',#9934,#7988,#7989);
#6622=AXIS2_PLACEMENT_3D('',#9938,#7992,#7993);
#6623=AXIS2_PLACEMENT_3D('',#9940,#7995,#7996);
#6624=AXIS2_PLACEMENT_3D('',#9946,#8000,#8001);
#6625=AXIS2_PLACEMENT_3D('',#9950,#8004,#8005);
#6626=AXIS2_PLACEMENT_3D('',#9954,#8008,#8009);
#6627=AXIS2_PLACEMENT_3D('',#9956,#8011,#8012);
#6628=AXIS2_PLACEMENT_3D('',#9962,#8016,#8017);
#6629=AXIS2_PLACEMENT_3D('',#9966,#8020,#8021);
#6630=AXIS2_PLACEMENT_3D('',#9970,#8024,#8025);
#6631=AXIS2_PLACEMENT_3D('',#9972,#8027,#8028);
#6632=AXIS2_PLACEMENT_3D('',#9978,#8032,#8033);
#6633=AXIS2_PLACEMENT_3D('',#9982,#8036,#8037);
#6634=AXIS2_PLACEMENT_3D('',#9986,#8040,#8041);
#6635=AXIS2_PLACEMENT_3D('',#9988,#8043,#8044);
#6636=AXIS2_PLACEMENT_3D('',#9994,#8048,#8049);
#6637=AXIS2_PLACEMENT_3D('',#9998,#8052,#8053);
#6638=AXIS2_PLACEMENT_3D('',#10002,#8056,#8057);
#6639=AXIS2_PLACEMENT_3D('',#10004,#8059,#8060);
#6640=AXIS2_PLACEMENT_3D('',#10010,#8064,#8065);
#6641=AXIS2_PLACEMENT_3D('',#10014,#8068,#8069);
#6642=AXIS2_PLACEMENT_3D('',#10018,#8072,#8073);
#6643=AXIS2_PLACEMENT_3D('',#10020,#8075,#8076);
#6644=AXIS2_PLACEMENT_3D('',#10026,#8080,#8081);
#6645=AXIS2_PLACEMENT_3D('',#10030,#8084,#8085);
#6646=AXIS2_PLACEMENT_3D('',#10034,#8088,#8089);
#6647=AXIS2_PLACEMENT_3D('',#10036,#8091,#8092);
#6648=AXIS2_PLACEMENT_3D('',#10042,#8096,#8097);
#6649=AXIS2_PLACEMENT_3D('',#10046,#8100,#8101);
#6650=AXIS2_PLACEMENT_3D('',#10050,#8104,#8105);
#6651=AXIS2_PLACEMENT_3D('',#10052,#8107,#8108);
#6652=AXIS2_PLACEMENT_3D('',#10058,#8112,#8113);
#6653=AXIS2_PLACEMENT_3D('',#10062,#8116,#8117);
#6654=AXIS2_PLACEMENT_3D('',#10066,#8120,#8121);
#6655=AXIS2_PLACEMENT_3D('',#10068,#8123,#8124);
#6656=AXIS2_PLACEMENT_3D('',#10074,#8128,#8129);
#6657=AXIS2_PLACEMENT_3D('',#10078,#8132,#8133);
#6658=AXIS2_PLACEMENT_3D('',#10082,#8136,#8137);
#6659=AXIS2_PLACEMENT_3D('',#10084,#8139,#8140);
#6660=AXIS2_PLACEMENT_3D('',#10085,#8141,#8142);
#6661=AXIS2_PLACEMENT_3D('',#10086,#8143,#8144);
#6662=AXIS2_PLACEMENT_3D('',#10087,#8145,#8146);
#6663=AXIS2_PLACEMENT_3D('',#10088,#8147,#8148);
#6664=AXIS2_PLACEMENT_3D('',#10089,#8149,#8150);
#6665=AXIS2_PLACEMENT_3D('',#10090,#8151,#8152);
#6666=AXIS2_PLACEMENT_3D('',#10091,#8153,#8154);
#6667=AXIS2_PLACEMENT_3D('',#10092,#8155,#8156);
#6668=AXIS2_PLACEMENT_3D('',#10093,#8157,#8158);
#6669=AXIS2_PLACEMENT_3D('',#10094,#8159,#8160);
#6670=AXIS2_PLACEMENT_3D('',#10095,#8161,#8162);
#6671=AXIS2_PLACEMENT_3D('',#10104,#8167,#8168);
#6672=AXIS2_PLACEMENT_3D('',#10110,#8172,#8173);
#6673=AXIS2_PLACEMENT_3D('',#10116,#8177,#8178);
#6674=AXIS2_PLACEMENT_3D('',#10119,#8180,#8181);
#6675=AXIS2_PLACEMENT_3D('',#10121,#8182,#8183);
#6676=AXIS2_PLACEMENT_3D('',#10123,#8184,#8185);
#6677=AXIS2_PLACEMENT_3D('',#10125,#8186,#8187);
#6678=AXIS2_PLACEMENT_3D('',#10127,#8188,#8189);
#6679=AXIS2_PLACEMENT_3D('',#10129,#8190,#8191);
#6680=AXIS2_PLACEMENT_3D('',#10131,#8192,#8193);
#6681=AXIS2_PLACEMENT_3D('',#10133,#8194,#8195);
#6682=AXIS2_PLACEMENT_3D('',#10135,#8196,#8197);
#6683=AXIS2_PLACEMENT_3D('',#10137,#8198,#8199);
#6684=AXIS2_PLACEMENT_3D('',#10139,#8200,#8201);
#6685=AXIS2_PLACEMENT_3D('',#10141,#8202,#8203);
#6686=AXIS2_PLACEMENT_3D('',#10143,#8204,#8205);
#6687=AXIS2_PLACEMENT_3D('',#10145,#8206,#8207);
#6688=AXIS2_PLACEMENT_3D('',#10147,#8208,#8209);
#6689=AXIS2_PLACEMENT_3D('',#10149,#8210,#8211);
#6690=AXIS2_PLACEMENT_3D('',#10151,#8212,#8213);
#6691=AXIS2_PLACEMENT_3D('',#10153,#8214,#8215);
#6692=AXIS2_PLACEMENT_3D('',#10155,#8216,#8217);
#6693=AXIS2_PLACEMENT_3D('',#10157,#8218,#8219);
#6694=AXIS2_PLACEMENT_3D('',#10159,#8220,#8221);
#6695=AXIS2_PLACEMENT_3D('',#10161,#8222,#8223);
#6696=AXIS2_PLACEMENT_3D('',#10163,#8224,#8225);
#6697=AXIS2_PLACEMENT_3D('',#10165,#8226,#8227);
#6698=AXIS2_PLACEMENT_3D('',#10167,#8228,#8229);
#6699=AXIS2_PLACEMENT_3D('',#10169,#8230,#8231);
#6700=AXIS2_PLACEMENT_3D('',#10171,#8232,#8233);
#6701=AXIS2_PLACEMENT_3D('',#10173,#8234,#8235);
#6702=AXIS2_PLACEMENT_3D('',#10175,#8236,#8237);
#6703=AXIS2_PLACEMENT_3D('',#10177,#8238,#8239);
#6704=AXIS2_PLACEMENT_3D('',#10179,#8240,#8241);
#6705=AXIS2_PLACEMENT_3D('',#10181,#8242,#8243);
#6706=AXIS2_PLACEMENT_3D('',#10183,#8244,#8245);
#6707=AXIS2_PLACEMENT_3D('',#10185,#8246,#8247);
#6708=AXIS2_PLACEMENT_3D('',#10187,#8248,#8249);
#6709=AXIS2_PLACEMENT_3D('',#10189,#8250,#8251);
#6710=AXIS2_PLACEMENT_3D('',#10191,#8252,#8253);
#6711=AXIS2_PLACEMENT_3D('',#10193,#8254,#8255);
#6712=AXIS2_PLACEMENT_3D('',#10195,#8256,#8257);
#6713=AXIS2_PLACEMENT_3D('',#10197,#8258,#8259);
#6714=AXIS2_PLACEMENT_3D('',#10199,#8260,#8261);
#6715=AXIS2_PLACEMENT_3D('',#10201,#8262,#8263);
#6716=AXIS2_PLACEMENT_3D('',#10203,#8264,#8265);
#6717=AXIS2_PLACEMENT_3D('',#10205,#8266,#8267);
#6718=AXIS2_PLACEMENT_3D('',#10207,#8268,#8269);
#6719=AXIS2_PLACEMENT_3D('',#10209,#8270,#8271);
#6720=AXIS2_PLACEMENT_3D('',#10211,#8272,#8273);
#6721=AXIS2_PLACEMENT_3D('',#10213,#8274,#8275);
#6722=AXIS2_PLACEMENT_3D('',#10215,#8276,#8277);
#6723=AXIS2_PLACEMENT_3D('',#10217,#8278,#8279);
#6724=AXIS2_PLACEMENT_3D('',#10219,#8280,#8281);
#6725=AXIS2_PLACEMENT_3D('',#10221,#8282,#8283);
#6726=AXIS2_PLACEMENT_3D('',#10223,#8284,#8285);
#6727=AXIS2_PLACEMENT_3D('',#10225,#8286,#8287);
#6728=AXIS2_PLACEMENT_3D('',#10227,#8288,#8289);
#6729=AXIS2_PLACEMENT_3D('',#10229,#8290,#8291);
#6730=AXIS2_PLACEMENT_3D('',#10231,#8292,#8293);
#6731=AXIS2_PLACEMENT_3D('',#10233,#8294,#8295);
#6732=AXIS2_PLACEMENT_3D('',#10235,#8296,#8297);
#6733=AXIS2_PLACEMENT_3D('',#10237,#8298,#8299);
#6734=AXIS2_PLACEMENT_3D('',#10239,#8300,#8301);
#6735=AXIS2_PLACEMENT_3D('',#10241,#8302,#8303);
#6736=AXIS2_PLACEMENT_3D('',#10243,#8304,#8305);
#6737=AXIS2_PLACEMENT_3D('',#10245,#8306,#8307);
#6738=AXIS2_PLACEMENT_3D('',#10247,#8308,#8309);
#6739=AXIS2_PLACEMENT_3D('',#10249,#8310,#8311);
#6740=AXIS2_PLACEMENT_3D('',#10251,#8312,#8313);
#6741=AXIS2_PLACEMENT_3D('',#10253,#8314,#8315);
#6742=AXIS2_PLACEMENT_3D('',#10255,#8316,#8317);
#6743=AXIS2_PLACEMENT_3D('',#10257,#8318,#8319);
#6744=AXIS2_PLACEMENT_3D('',#10259,#8320,#8321);
#6745=AXIS2_PLACEMENT_3D('',#10261,#8322,#8323);
#6746=AXIS2_PLACEMENT_3D('',#10263,#8324,#8325);
#6747=AXIS2_PLACEMENT_3D('',#10265,#8326,#8327);
#6748=AXIS2_PLACEMENT_3D('',#10267,#8328,#8329);
#6749=AXIS2_PLACEMENT_3D('',#10269,#8330,#8331);
#6750=AXIS2_PLACEMENT_3D('',#10271,#8332,#8333);
#6751=AXIS2_PLACEMENT_3D('',#10273,#8334,#8335);
#6752=AXIS2_PLACEMENT_3D('',#10275,#8336,#8337);
#6753=AXIS2_PLACEMENT_3D('',#10277,#8338,#8339);
#6754=AXIS2_PLACEMENT_3D('',#10279,#8340,#8341);
#6755=AXIS2_PLACEMENT_3D('',#10280,#8342,#8343);
#6756=AXIS2_PLACEMENT_3D('',#10283,#8345,#8346);
#6757=AXIS2_PLACEMENT_3D('',#10285,#8347,#8348);
#6758=AXIS2_PLACEMENT_3D('',#10287,#8349,#8350);
#6759=AXIS2_PLACEMENT_3D('',#10289,#8351,#8352);
#6760=AXIS2_PLACEMENT_3D('',#10291,#8353,#8354);
#6761=AXIS2_PLACEMENT_3D('',#10293,#8355,#8356);
#6762=AXIS2_PLACEMENT_3D('',#10295,#8357,#8358);
#6763=AXIS2_PLACEMENT_3D('',#10297,#8359,#8360);
#6764=AXIS2_PLACEMENT_3D('',#10299,#8361,#8362);
#6765=AXIS2_PLACEMENT_3D('',#10301,#8363,#8364);
#6766=AXIS2_PLACEMENT_3D('',#10303,#8365,#8366);
#6767=AXIS2_PLACEMENT_3D('',#10305,#8367,#8368);
#6768=AXIS2_PLACEMENT_3D('',#10307,#8369,#8370);
#6769=AXIS2_PLACEMENT_3D('',#10309,#8371,#8372);
#6770=AXIS2_PLACEMENT_3D('',#10311,#8373,#8374);
#6771=AXIS2_PLACEMENT_3D('',#10313,#8375,#8376);
#6772=AXIS2_PLACEMENT_3D('',#10315,#8377,#8378);
#6773=AXIS2_PLACEMENT_3D('',#10317,#8379,#8380);
#6774=AXIS2_PLACEMENT_3D('',#10319,#8381,#8382);
#6775=AXIS2_PLACEMENT_3D('',#10321,#8383,#8384);
#6776=AXIS2_PLACEMENT_3D('',#10323,#8385,#8386);
#6777=AXIS2_PLACEMENT_3D('',#10325,#8387,#8388);
#6778=AXIS2_PLACEMENT_3D('',#10327,#8389,#8390);
#6779=AXIS2_PLACEMENT_3D('',#10329,#8391,#8392);
#6780=AXIS2_PLACEMENT_3D('',#10331,#8393,#8394);
#6781=AXIS2_PLACEMENT_3D('',#10333,#8395,#8396);
#6782=AXIS2_PLACEMENT_3D('',#10335,#8397,#8398);
#6783=AXIS2_PLACEMENT_3D('',#10337,#8399,#8400);
#6784=AXIS2_PLACEMENT_3D('',#10339,#8401,#8402);
#6785=AXIS2_PLACEMENT_3D('',#10341,#8403,#8404);
#6786=AXIS2_PLACEMENT_3D('',#10343,#8405,#8406);
#6787=AXIS2_PLACEMENT_3D('',#10345,#8407,#8408);
#6788=AXIS2_PLACEMENT_3D('',#10347,#8409,#8410);
#6789=AXIS2_PLACEMENT_3D('',#10349,#8411,#8412);
#6790=AXIS2_PLACEMENT_3D('',#10351,#8413,#8414);
#6791=AXIS2_PLACEMENT_3D('',#10353,#8415,#8416);
#6792=AXIS2_PLACEMENT_3D('',#10355,#8417,#8418);
#6793=AXIS2_PLACEMENT_3D('',#10357,#8419,#8420);
#6794=AXIS2_PLACEMENT_3D('',#10359,#8421,#8422);
#6795=AXIS2_PLACEMENT_3D('',#10361,#8423,#8424);
#6796=AXIS2_PLACEMENT_3D('',#10363,#8425,#8426);
#6797=AXIS2_PLACEMENT_3D('',#10365,#8427,#8428);
#6798=AXIS2_PLACEMENT_3D('',#10367,#8429,#8430);
#6799=AXIS2_PLACEMENT_3D('',#10369,#8431,#8432);
#6800=AXIS2_PLACEMENT_3D('',#10371,#8433,#8434);
#6801=AXIS2_PLACEMENT_3D('',#10373,#8435,#8436);
#6802=AXIS2_PLACEMENT_3D('',#10375,#8437,#8438);
#6803=AXIS2_PLACEMENT_3D('',#10377,#8439,#8440);
#6804=AXIS2_PLACEMENT_3D('',#10379,#8441,#8442);
#6805=AXIS2_PLACEMENT_3D('',#10381,#8443,#8444);
#6806=AXIS2_PLACEMENT_3D('',#10383,#8445,#8446);
#6807=AXIS2_PLACEMENT_3D('',#10385,#8447,#8448);
#6808=AXIS2_PLACEMENT_3D('',#10387,#8449,#8450);
#6809=AXIS2_PLACEMENT_3D('',#10389,#8451,#8452);
#6810=AXIS2_PLACEMENT_3D('',#10391,#8453,#8454);
#6811=AXIS2_PLACEMENT_3D('',#10393,#8455,#8456);
#6812=AXIS2_PLACEMENT_3D('',#10395,#8457,#8458);
#6813=AXIS2_PLACEMENT_3D('',#10397,#8459,#8460);
#6814=AXIS2_PLACEMENT_3D('',#10399,#8461,#8462);
#6815=AXIS2_PLACEMENT_3D('',#10401,#8463,#8464);
#6816=AXIS2_PLACEMENT_3D('',#10403,#8465,#8466);
#6817=AXIS2_PLACEMENT_3D('',#10405,#8467,#8468);
#6818=AXIS2_PLACEMENT_3D('',#10407,#8469,#8470);
#6819=AXIS2_PLACEMENT_3D('',#10409,#8471,#8472);
#6820=AXIS2_PLACEMENT_3D('',#10411,#8473,#8474);
#6821=AXIS2_PLACEMENT_3D('',#10413,#8475,#8476);
#6822=AXIS2_PLACEMENT_3D('',#10415,#8477,#8478);
#6823=AXIS2_PLACEMENT_3D('',#10417,#8479,#8480);
#6824=AXIS2_PLACEMENT_3D('',#10419,#8481,#8482);
#6825=AXIS2_PLACEMENT_3D('',#10421,#8483,#8484);
#6826=AXIS2_PLACEMENT_3D('',#10423,#8485,#8486);
#6827=AXIS2_PLACEMENT_3D('',#10425,#8487,#8488);
#6828=AXIS2_PLACEMENT_3D('',#10427,#8489,#8490);
#6829=AXIS2_PLACEMENT_3D('',#10429,#8491,#8492);
#6830=AXIS2_PLACEMENT_3D('',#10431,#8493,#8494);
#6831=AXIS2_PLACEMENT_3D('',#10433,#8495,#8496);
#6832=AXIS2_PLACEMENT_3D('',#10435,#8497,#8498);
#6833=AXIS2_PLACEMENT_3D('',#10437,#8499,#8500);
#6834=AXIS2_PLACEMENT_3D('',#10439,#8501,#8502);
#6835=AXIS2_PLACEMENT_3D('',#10441,#8503,#8504);
#6836=AXIS2_PLACEMENT_3D('',#10443,#8505,#8506);
#6837=AXIS2_PLACEMENT_3D('',#10444,#8507,#8508);
#6838=AXIS2_PLACEMENT_3D('',#10445,#8509,#8510);
#6839=AXIS2_PLACEMENT_3D('',#10447,#8512,#8513);
#6840=AXIS2_PLACEMENT_3D('',#10449,#8515,#8516);
#6841=AXIS2_PLACEMENT_3D('',#10451,#8518,#8519);
#6842=AXIS2_PLACEMENT_3D('',#10453,#8521,#8522);
#6843=AXIS2_PLACEMENT_3D('',#10455,#8524,#8525);
#6844=AXIS2_PLACEMENT_3D('',#10457,#8527,#8528);
#6845=AXIS2_PLACEMENT_3D('',#10459,#8530,#8531);
#6846=AXIS2_PLACEMENT_3D('',#10461,#8533,#8534);
#6847=AXIS2_PLACEMENT_3D('',#10463,#8536,#8537);
#6848=AXIS2_PLACEMENT_3D('',#10465,#8539,#8540);
#6849=AXIS2_PLACEMENT_3D('',#10467,#8542,#8543);
#6850=AXIS2_PLACEMENT_3D('',#10469,#8545,#8546);
#6851=AXIS2_PLACEMENT_3D('',#10471,#8548,#8549);
#6852=AXIS2_PLACEMENT_3D('',#10473,#8551,#8552);
#6853=AXIS2_PLACEMENT_3D('',#10475,#8554,#8555);
#6854=AXIS2_PLACEMENT_3D('',#10477,#8557,#8558);
#6855=AXIS2_PLACEMENT_3D('',#10479,#8560,#8561);
#6856=AXIS2_PLACEMENT_3D('',#10481,#8563,#8564);
#6857=AXIS2_PLACEMENT_3D('',#10483,#8566,#8567);
#6858=AXIS2_PLACEMENT_3D('',#10485,#8569,#8570);
#6859=AXIS2_PLACEMENT_3D('',#10487,#8572,#8573);
#6860=AXIS2_PLACEMENT_3D('',#10489,#8575,#8576);
#6861=AXIS2_PLACEMENT_3D('',#10491,#8578,#8579);
#6862=AXIS2_PLACEMENT_3D('',#10493,#8581,#8582);
#6863=AXIS2_PLACEMENT_3D('',#10495,#8584,#8585);
#6864=AXIS2_PLACEMENT_3D('',#10497,#8587,#8588);
#6865=AXIS2_PLACEMENT_3D('',#10499,#8590,#8591);
#6866=AXIS2_PLACEMENT_3D('',#10501,#8593,#8594);
#6867=AXIS2_PLACEMENT_3D('',#10503,#8596,#8597);
#6868=AXIS2_PLACEMENT_3D('',#10505,#8599,#8600);
#6869=AXIS2_PLACEMENT_3D('',#10507,#8602,#8603);
#6870=AXIS2_PLACEMENT_3D('',#10509,#8605,#8606);
#6871=AXIS2_PLACEMENT_3D('',#10511,#8608,#8609);
#6872=AXIS2_PLACEMENT_3D('',#10513,#8611,#8612);
#6873=AXIS2_PLACEMENT_3D('',#10515,#8614,#8615);
#6874=AXIS2_PLACEMENT_3D('',#10517,#8617,#8618);
#6875=AXIS2_PLACEMENT_3D('',#10519,#8620,#8621);
#6876=AXIS2_PLACEMENT_3D('',#10521,#8623,#8624);
#6877=AXIS2_PLACEMENT_3D('',#10523,#8626,#8627);
#6878=AXIS2_PLACEMENT_3D('',#10525,#8629,#8630);
#6879=AXIS2_PLACEMENT_3D('',#10527,#8632,#8633);
#6880=AXIS2_PLACEMENT_3D('',#10529,#8635,#8636);
#6881=AXIS2_PLACEMENT_3D('',#10531,#8638,#8639);
#6882=AXIS2_PLACEMENT_3D('',#10533,#8641,#8642);
#6883=AXIS2_PLACEMENT_3D('',#10535,#8644,#8645);
#6884=AXIS2_PLACEMENT_3D('',#10537,#8647,#8648);
#6885=AXIS2_PLACEMENT_3D('',#10539,#8650,#8651);
#6886=AXIS2_PLACEMENT_3D('',#10541,#8653,#8654);
#6887=AXIS2_PLACEMENT_3D('',#10543,#8656,#8657);
#6888=AXIS2_PLACEMENT_3D('',#10545,#8659,#8660);
#6889=AXIS2_PLACEMENT_3D('',#10547,#8662,#8663);
#6890=AXIS2_PLACEMENT_3D('',#10549,#8665,#8666);
#6891=AXIS2_PLACEMENT_3D('',#10551,#8668,#8669);
#6892=AXIS2_PLACEMENT_3D('',#10553,#8671,#8672);
#6893=AXIS2_PLACEMENT_3D('',#10555,#8674,#8675);
#6894=AXIS2_PLACEMENT_3D('',#10557,#8677,#8678);
#6895=AXIS2_PLACEMENT_3D('',#10559,#8680,#8681);
#6896=AXIS2_PLACEMENT_3D('',#10561,#8683,#8684);
#6897=AXIS2_PLACEMENT_3D('',#10563,#8686,#8687);
#6898=AXIS2_PLACEMENT_3D('',#10565,#8689,#8690);
#6899=AXIS2_PLACEMENT_3D('',#10567,#8692,#8693);
#6900=AXIS2_PLACEMENT_3D('',#10569,#8695,#8696);
#6901=AXIS2_PLACEMENT_3D('',#10571,#8698,#8699);
#6902=AXIS2_PLACEMENT_3D('',#10573,#8701,#8702);
#6903=AXIS2_PLACEMENT_3D('',#10575,#8704,#8705);
#6904=AXIS2_PLACEMENT_3D('',#10577,#8707,#8708);
#6905=AXIS2_PLACEMENT_3D('',#10579,#8710,#8711);
#6906=AXIS2_PLACEMENT_3D('',#10581,#8713,#8714);
#6907=AXIS2_PLACEMENT_3D('',#10583,#8716,#8717);
#6908=AXIS2_PLACEMENT_3D('',#10585,#8719,#8720);
#6909=AXIS2_PLACEMENT_3D('',#10587,#8722,#8723);
#6910=AXIS2_PLACEMENT_3D('',#10589,#8725,#8726);
#6911=AXIS2_PLACEMENT_3D('',#10591,#8728,#8729);
#6912=AXIS2_PLACEMENT_3D('',#10593,#8731,#8732);
#6913=AXIS2_PLACEMENT_3D('',#10595,#8734,#8735);
#6914=AXIS2_PLACEMENT_3D('',#10597,#8737,#8738);
#6915=AXIS2_PLACEMENT_3D('',#10599,#8740,#8741);
#6916=AXIS2_PLACEMENT_3D('',#10601,#8743,#8744);
#6917=AXIS2_PLACEMENT_3D('',#10603,#8746,#8747);
#6918=AXIS2_PLACEMENT_3D('',#10605,#8749,#8750);
#6919=AXIS2_PLACEMENT_3D('',#10607,#8752,#8753);
#6920=AXIS2_PLACEMENT_3D('',#10608,#8754,#8755);
#6921=AXIS2_PLACEMENT_3D('',#10609,#8756,#8757);
#6922=AXIS2_PLACEMENT_3D('',#10610,#8758,#8759);
#6923=AXIS2_PLACEMENT_3D('',#10611,#8760,#8761);
#6924=AXIS2_PLACEMENT_3D('',#10612,#8762,#8763);
#6925=AXIS2_PLACEMENT_3D('',#10613,#8764,#8765);
#6926=AXIS2_PLACEMENT_3D('',#10614,#8766,#8767);
#6927=AXIS2_PLACEMENT_3D('',#10615,#8768,#8769);
#6928=AXIS2_PLACEMENT_3D('',#10616,#8770,#8771);
#6929=AXIS2_PLACEMENT_3D('',#10619,#8772,#8773);
#6930=AXIS2_PLACEMENT_3D('',#10620,#8774,#8775);
#6931=AXIS2_PLACEMENT_3D('',#10623,#8777,#8778);
#6932=AXIS2_PLACEMENT_3D('',#10624,#8779,#8780);
#6933=AXIS2_PLACEMENT_3D('',#10627,#8781,#8782);
#6934=AXIS2_PLACEMENT_3D('',#10628,#8783,#8784);
#6935=AXIS2_PLACEMENT_3D('',#10629,#8785,#8786);
#6936=AXIS2_PLACEMENT_3D('',#10630,#8787,#8788);
#6937=AXIS2_PLACEMENT_3D('',#10633,#8789,#8790);
#6938=AXIS2_PLACEMENT_3D('',#10634,#8791,#8792);
#6939=AXIS2_PLACEMENT_3D('',#10636,#8794,#8795);
#6940=AXIS2_PLACEMENT_3D('',#10639,#8796,#8797);
#6941=AXIS2_PLACEMENT_3D('',#10640,#8798,#8799);
#6942=AXIS2_PLACEMENT_3D('',#10641,#8800,#8801);
#6943=AXIS2_PLACEMENT_3D('',#10642,#8802,#8803);
#6944=AXIS2_PLACEMENT_3D('',#10644,#8804,#8805);
#6945=AXIS2_PLACEMENT_3D('',#10646,#8807,#8808);
#6946=AXIS2_PLACEMENT_3D('',#10647,#8809,#8810);
#6947=AXIS2_PLACEMENT_3D('',#10648,#8811,#8812);
#6948=AXIS2_PLACEMENT_3D('',#10650,#8813,#8814);
#6949=AXIS2_PLACEMENT_3D('',#10653,#8816,#8817);
#6950=AXIS2_PLACEMENT_3D('',#10654,#8818,#8819);
#6951=AXIS2_PLACEMENT_3D('',#10656,#8820,#8821);
#6952=AXIS2_PLACEMENT_3D('',#10657,#8822,#8823);
#6953=AXIS2_PLACEMENT_3D('',#10659,#8824,#8825);
#6954=AXIS2_PLACEMENT_3D('',#10660,#8826,#8827);
#6955=AXIS2_PLACEMENT_3D('',#10663,#8829,#8830);
#6956=AXIS2_PLACEMENT_3D('',#10664,#8831,#8832);
#6957=AXIS2_PLACEMENT_3D('',#10666,#8833,#8834);
#6958=AXIS2_PLACEMENT_3D('',#10668,#8836,#8837);
#6959=AXIS2_PLACEMENT_3D('',#10670,#8838,#8839);
#6960=AXIS2_PLACEMENT_3D('',#10671,#8840,#8841);
#6961=AXIS2_PLACEMENT_3D('',#10672,#8842,#8843);
#6962=AXIS2_PLACEMENT_3D('',#10674,#8844,#8845);
#6963=AXIS2_PLACEMENT_3D('',#10675,#8846,#8847);
#6964=AXIS2_PLACEMENT_3D('',#10676,#8848,#8849);
#6965=AXIS2_PLACEMENT_3D('',#10677,#8850,#8851);
#6966=AXIS2_PLACEMENT_3D('',#10678,#8852,#8853);
#6967=AXIS2_PLACEMENT_3D('',#10679,#8854,#8855);
#6968=AXIS2_PLACEMENT_3D('',#10680,#8856,#8857);
#6969=AXIS2_PLACEMENT_3D('',#10681,#8858,#8859);
#6970=AXIS2_PLACEMENT_3D('',#10682,#8860,#8861);
#6971=AXIS2_PLACEMENT_3D('',#10683,#8862,#8863);
#6972=AXIS2_PLACEMENT_3D('',#10684,#8864,#8865);
#6973=AXIS2_PLACEMENT_3D('',#10685,#8866,#8867);
#6974=AXIS2_PLACEMENT_3D('',#10686,#8868,#8869);
#6975=AXIS2_PLACEMENT_3D('',#10687,#8870,#8871);
#6976=AXIS2_PLACEMENT_3D('',#10688,#8872,#8873);
#6977=AXIS2_PLACEMENT_3D('',#10689,#8874,#8875);
#6978=AXIS2_PLACEMENT_3D('',#10690,#8876,#8877);
#6979=AXIS2_PLACEMENT_3D('',#10691,#8878,#8879);
#6980=AXIS2_PLACEMENT_3D('',#10692,#8880,#8881);
#6981=AXIS2_PLACEMENT_3D('',#10693,#8882,#8883);
#6982=AXIS2_PLACEMENT_3D('',#10694,#8884,#8885);
#6983=AXIS2_PLACEMENT_3D('',#10695,#8886,#8887);
#6984=AXIS2_PLACEMENT_3D('',#10696,#8888,#8889);
#6985=AXIS2_PLACEMENT_3D('',#10697,#8890,#8891);
#6986=AXIS2_PLACEMENT_3D('',#10698,#8892,#8893);
#6987=AXIS2_PLACEMENT_3D('',#10699,#8894,#8895);
#6988=AXIS2_PLACEMENT_3D('',#10700,#8896,#8897);
#6989=DIRECTION('axis',(0.,0.,1.));
#6990=DIRECTION('refdir',(1.,0.,0.));
#6991=DIRECTION('axis',(0.,0.,1.));
#6992=DIRECTION('refdir',(1.,0.,0.));
#6993=DIRECTION('axis',(0.,0.,1.));
#6994=DIRECTION('refdir',(1.,0.,0.));
#6995=DIRECTION('axis',(0.,0.,1.));
#6996=DIRECTION('refdir',(1.,0.,0.));
#6997=DIRECTION('center_axis',(0.,1.,0.));
#6998=DIRECTION('ref_axis',(0.707106781186554,0.,-0.707106781186541));
#6999=DIRECTION('center_axis',(0.,1.,0.));
#7000=DIRECTION('ref_axis',(0.707106781186554,0.,-0.707106781186541));
#7001=DIRECTION('',(0.,1.,0.));
#7002=DIRECTION('center_axis',(0.,-1.,0.));
#7003=DIRECTION('ref_axis',(0.,0.,-1.));
#7004=DIRECTION('',(0.,-1.,0.));
#7005=DIRECTION('center_axis',(-0.816496580927744,0.408248290463847,-0.408248290463843));
#7006=DIRECTION('ref_axis',(0.577350269189607,0.577350269189635,-0.577350269189635));
#7007=DIRECTION('center_axis',(1.,0.,1.22464679914735E-16));
#7008=DIRECTION('ref_axis',(0.,0.70710678118655,-0.707106781186545));
#7009=DIRECTION('center_axis',(1.22464679914735E-16,0.,-1.));
#7010=DIRECTION('ref_axis',(0.707106781186543,0.707106781186552,0.));
#7011=DIRECTION('center_axis',(1.22464679914735E-16,0.,-1.));
#7012=DIRECTION('ref_axis',(-1.,0.,-1.22464679914735E-16));
#7013=DIRECTION('',(1.,0.,1.22464679914735E-16));
#7014=DIRECTION('',(0.,-1.,0.));
#7015=DIRECTION('',(-1.,0.,-1.22464679914735E-16));
#7016=DIRECTION('center_axis',(0.,1.,0.));
#7017=DIRECTION('ref_axis',(-1.,0.,-1.22464679914735E-16));
#7018=DIRECTION('',(-1.22464679914735E-16,0.,1.));
#7019=DIRECTION('center_axis',(0.,1.,0.));
#7020=DIRECTION('ref_axis',(0.70710678118654,0.,0.707106781186555));
#7021=DIRECTION('',(-1.,8.25785706265814E-17,-1.22464679914735E-16));
#7022=DIRECTION('center_axis',(0.,1.,0.));
#7023=DIRECTION('ref_axis',(-0.707106781186548,0.,0.707106781186548));
#7024=DIRECTION('',(1.22464679914735E-16,-1.25056405354134E-16,-1.));
#7025=DIRECTION('center_axis',(0.,1.,0.));
#7026=DIRECTION('ref_axis',(-0.707106781186546,0.,-0.707106781186549));
#7027=DIRECTION('',(1.,0.,0.));
#7028=DIRECTION('center_axis',(0.,-1.,0.));
#7029=DIRECTION('ref_axis',(0.707106781186546,0.,0.707106781186549));
#7030=DIRECTION('',(0.,0.,-1.));
#7031=DIRECTION('center_axis',(0.,-1.,0.));
#7032=DIRECTION('ref_axis',(0.707106781186549,0.,-0.707106781186546));
#7033=DIRECTION('',(-1.,0.,0.));
#7034=DIRECTION('center_axis',(0.,1.,0.));
#7035=DIRECTION('ref_axis',(-0.707106781186549,0.,0.707106781186546));
#7036=DIRECTION('',(1.22464679914735E-16,-1.25056405354134E-16,-1.));
#7037=DIRECTION('center_axis',(0.,1.,0.));
#7038=DIRECTION('ref_axis',(-0.707106781186548,0.,-0.707106781186548));
#7039=DIRECTION('center_axis',(0.,1.,0.));
#7040=DIRECTION('ref_axis',(-1.,0.,0.));
#7041=DIRECTION('center_axis',(0.,1.,0.));
#7042=DIRECTION('ref_axis',(-1.,0.,0.));
#7043=DIRECTION('center_axis',(0.,1.,0.));
#7044=DIRECTION('ref_axis',(-1.,0.,0.));
#7045=DIRECTION('center_axis',(0.,1.,0.));
#7046=DIRECTION('ref_axis',(1.,0.,0.));
#7047=DIRECTION('',(0.592335014293853,0.,0.805691771610894));
#7048=DIRECTION('center_axis',(0.,-1.,0.));
#7049=DIRECTION('ref_axis',(0.311695547280637,0.,0.950182027721754));
#7050=DIRECTION('',(1.22464679914735E-16,0.,-1.));
#7051=DIRECTION('center_axis',(0.,-1.,0.));
#7052=DIRECTION('ref_axis',(0.70710678118656,0.,-0.707106781186535));
#7053=DIRECTION('',(-1.,0.,-1.22464679914735E-16));
#7054=DIRECTION('center_axis',(0.,-1.,0.));
#7055=DIRECTION('ref_axis',(-0.892282190311435,0.,-0.45147812001583));
#7056=DIRECTION('',(1.22464679914735E-16,0.,-1.));
#7057=DIRECTION('center_axis',(0.,-1.,0.));
#7058=DIRECTION('ref_axis',(0.950182027721768,0.,-0.311695547280595));
#7059=DIRECTION('',(-0.592335014293853,0.,-0.805691771610894));
#7060=DIRECTION('center_axis',(0.,-1.,0.));
#7061=DIRECTION('ref_axis',(0.451478120015878,0.,-0.892282190311411));
#7062=DIRECTION('',(-1.,0.,-1.22464679914735E-16));
#7063=DIRECTION('center_axis',(0.,-1.,0.));
#7064=DIRECTION('ref_axis',(-0.707106781186541,0.,-0.707106781186554));
#7065=DIRECTION('',(0.,0.,1.));
#7066=DIRECTION('center_axis',(0.,-1.,0.));
#7067=DIRECTION('ref_axis',(-0.707106781186546,0.,0.707106781186549));
#7068=DIRECTION('',(-1.,0.,0.));
#7069=DIRECTION('center_axis',(0.,1.,0.));
#7070=DIRECTION('ref_axis',(0.707106781186552,0.,-0.707106781186543));
#7071=DIRECTION('',(0.,0.,1.));
#7072=DIRECTION('center_axis',(0.,-1.,0.));
#7073=DIRECTION('ref_axis',(-0.707106781186552,0.,0.707106781186543));
#7074=DIRECTION('',(1.,0.,0.));
#7075=DIRECTION('center_axis',(0.,-1.,0.));
#7076=DIRECTION('ref_axis',(0.707106781186553,0.,0.707106781186543));
#7077=DIRECTION('',(0.,0.,-1.));
#7078=DIRECTION('center_axis',(1.,0.,1.22464679914735E-16));
#7079=DIRECTION('ref_axis',(1.22464679914735E-16,0.,-1.));
#7080=DIRECTION('',(1.22464679914735E-16,0.,-1.));
#7081=DIRECTION('',(0.,1.,0.));
#7082=DIRECTION('center_axis',(0.,1.,0.));
#7083=DIRECTION('ref_axis',(0.70710678118654,0.,0.707106781186555));
#7084=DIRECTION('center_axis',(0.,-1.,0.));
#7085=DIRECTION('ref_axis',(1.,0.,-1.11022302462516E-15));
#7086=DIRECTION('',(0.,-1.,0.));
#7087=DIRECTION('center_axis',(0.40824829046386,-0.816496580927727,0.408248290463865));
#7088=DIRECTION('ref_axis',(0.577350269189623,0.577350269189627,0.577350269189627));
#7089=DIRECTION('center_axis',(-1.22464679914735E-16,0.,1.));
#7090=DIRECTION('ref_axis',(0.707106781186543,0.707106781186552,0.));
#7091=DIRECTION('center_axis',(1.,0.,1.22464679914735E-16));
#7092=DIRECTION('ref_axis',(0.,0.70710678118655,0.707106781186545));
#7093=DIRECTION('center_axis',(-1.22464679914735E-16,0.,1.));
#7094=DIRECTION('ref_axis',(1.,-8.25785706265814E-17,1.22464679914735E-16));
#7095=DIRECTION('',(1.,0.,1.22464679914735E-16));
#7096=DIRECTION('',(0.,1.,0.));
#7097=DIRECTION('center_axis',(0.,-1.,0.));
#7098=DIRECTION('ref_axis',(2.2204460492503E-15,0.,-1.));
#7099=DIRECTION('center_axis',(-0.894427190999916,0.,-0.447213595499958));
#7100=DIRECTION('ref_axis',(-0.447213595499958,0.,0.894427190999916));
#7101=DIRECTION('center_axis',(0.447213595499957,0.,0.894427190999916));
#7102=DIRECTION('ref_axis',(-0.894427190999916,0.,0.447213595499957));
#7103=DIRECTION('center_axis',(0.,-1.,0.));
#7104=DIRECTION('ref_axis',(0.707106781186549,0.,-0.707106781186546));
#7105=DIRECTION('',(0.,-1.,0.));
#7106=DIRECTION('',(0.,1.,0.));
#7107=DIRECTION('center_axis',(0.,0.,-1.));
#7108=DIRECTION('ref_axis',(1.,0.,0.));
#7109=DIRECTION('',(1.,0.,0.));
#7110=DIRECTION('',(0.,1.,0.));
#7111=DIRECTION('center_axis',(1.,0.,0.));
#7112=DIRECTION('ref_axis',(0.,0.707106781186549,0.707106781186546));
#7113=DIRECTION('',(-1.,0.,0.));
#7114=DIRECTION('center_axis',(1.,0.,0.));
#7115=DIRECTION('ref_axis',(0.,1.,0.));
#7116=DIRECTION('center_axis',(0.,0.,1.));
#7117=DIRECTION('ref_axis',(-0.707106781186548,0.707106781186548,0.));
#7118=DIRECTION('',(0.,0.,1.));
#7119=DIRECTION('center_axis',(-0.894427190999916,0.,0.447213595499958));
#7120=DIRECTION('ref_axis',(-0.447213595499958,0.,-0.894427190999916));
#7121=DIRECTION('',(0.,0.,-1.));
#7122=DIRECTION('center_axis',(0.,-1.,0.));
#7123=DIRECTION('ref_axis',(0.707106781186546,0.,0.707106781186549));
#7124=DIRECTION('center_axis',(0.,1.,0.));
#7125=DIRECTION('ref_axis',(0.,0.,1.));
#7126=DIRECTION('',(0.,-1.,0.));
#7127=DIRECTION('',(0.,1.,0.));
#7128=DIRECTION('center_axis',(0.447213595499958,0.,-0.894427190999916));
#7129=DIRECTION('ref_axis',(-0.894427190999916,0.,-0.447213595499958));
#7130=DIRECTION('center_axis',(-1.,0.,0.));
#7131=DIRECTION('ref_axis',(0.,0.707106781186546,-0.707106781186549));
#7132=DIRECTION('',(-1.,0.,0.));
#7133=DIRECTION('center_axis',(1.,1.11022302462516E-15,0.));
#7134=DIRECTION('ref_axis',(0.,0.,-1.));
#7135=DIRECTION('',(1.,0.,0.));
#7136=DIRECTION('center_axis',(0.,0.,1.));
#7137=DIRECTION('ref_axis',(-1.,0.,0.));
#7138=DIRECTION('',(0.,-1.,0.));
#7139=DIRECTION('center_axis',(0.,1.,0.));
#7140=DIRECTION('ref_axis',(-0.707106781186548,0.,0.707106781186548));
#7141=DIRECTION('center_axis',(0.,-1.,0.));
#7142=DIRECTION('ref_axis',(0.,0.,1.));
#7143=DIRECTION('',(0.,-1.,0.));
#7144=DIRECTION('center_axis',(-0.816496580927727,-0.408248290463863,-0.408248290463862));
#7145=DIRECTION('ref_axis',(-0.577350269189625,0.577350269189626,0.577350269189626));
#7146=DIRECTION('center_axis',(-1.,0.,-1.22464679914735E-16));
#7147=DIRECTION('ref_axis',(0.,0.70710678118655,0.707106781186545));
#7148=DIRECTION('center_axis',(-1.22464679914735E-16,0.,1.));
#7149=DIRECTION('ref_axis',(-0.707106781186545,0.70710678118655,0.));
#7150=DIRECTION('center_axis',(1.,0.,1.22464679914735E-16));
#7151=DIRECTION('ref_axis',(0.,0.707106781186549,0.707106781186546));
#7152=DIRECTION('',(-1.,0.,-1.22464679914735E-16));
#7153=DIRECTION('center_axis',(0.,1.,0.));
#7154=DIRECTION('ref_axis',(-0.707106781186548,0.,-0.707106781186548));
#7155=DIRECTION('',(0.,1.,0.));
#7156=DIRECTION('center_axis',(0.,-1.,0.));
#7157=DIRECTION('ref_axis',(-1.,0.,0.));
#7158=DIRECTION('center_axis',(0.40824829046386,-0.408248290463858,-0.81649658092773));
#7159=DIRECTION('ref_axis',(-0.577350269189628,0.577350269189626,-0.577350269189623));
#7160=DIRECTION('center_axis',(1.22464679914735E-16,0.,-1.));
#7161=DIRECTION('ref_axis',(-0.707106781186545,0.70710678118655,0.));
#7162=DIRECTION('center_axis',(-1.,0.,-1.22464679914735E-16));
#7163=DIRECTION('ref_axis',(0.,0.70710678118655,-0.707106781186545));
#7164=DIRECTION('center_axis',(-1.,0.,-1.22464679914735E-16));
#7165=DIRECTION('ref_axis',(-1.22464679914735E-16,1.25056405354134E-16,
1.));
#7166=DIRECTION('',(0.,-1.,0.));
#7167=DIRECTION('',(-1.22464679914735E-16,0.,1.));
#7168=DIRECTION('center_axis',(0.,1.,0.));
#7169=DIRECTION('ref_axis',(-0.707106781186549,0.,0.707106781186546));
#7170=DIRECTION('center_axis',(0.,-1.,0.));
#7171=DIRECTION('ref_axis',(0.,0.,1.));
#7172=DIRECTION('center_axis',(-0.816496580927727,-0.408248290463864,-0.40824829046386));
#7173=DIRECTION('ref_axis',(-0.577350269189626,0.577350269189628,0.577350269189624));
#7174=DIRECTION('center_axis',(-1.22464679914735E-16,0.,1.));
#7175=DIRECTION('ref_axis',(-0.707106781186545,0.70710678118655,0.));
#7176=DIRECTION('center_axis',(0.,-1.,0.));
#7177=DIRECTION('ref_axis',(-0.707106781186546,0.,-0.707106781186549));
#7178=DIRECTION('',(0.,1.,0.));
#7179=DIRECTION('center_axis',(0.,-1.,0.));
#7180=DIRECTION('ref_axis',(-1.,0.,0.));
#7181=DIRECTION('center_axis',(-0.816496580927726,-0.408248290463863,0.408248290463863));
#7182=DIRECTION('ref_axis',(-0.577350269189626,0.577350269189628,-0.577350269189624));
#7183=DIRECTION('center_axis',(1.22464679914735E-16,0.,-1.));
#7184=DIRECTION('ref_axis',(-0.707106781186545,0.70710678118655,0.));
#7185=DIRECTION('center_axis',(-1.22464679914735E-16,0.,1.));
#7186=DIRECTION('ref_axis',(-0.707106781186545,0.70710678118655,0.));
#7187=DIRECTION('',(1.22464679914735E-16,0.,-1.));
#7188=DIRECTION('center_axis',(0.,1.,0.));
#7189=DIRECTION('ref_axis',(1.22464679914735E-16,0.,-1.));
#7190=DIRECTION('',(1.22464679914735E-16,0.,-1.));
#7191=DIRECTION('',(-1.22464679914735E-16,0.,1.));
#7192=DIRECTION('',(1.,0.,1.22464679914735E-16));
#7193=DIRECTION('center_axis',(0.,1.,0.));
#7194=DIRECTION('ref_axis',(1.,0.,0.));
#7195=DIRECTION('center_axis',(0.,1.,0.));
#7196=DIRECTION('ref_axis',(-1.,0.,0.));
#7197=DIRECTION('',(-1.,0.,-1.22464679914735E-16));
#7198=DIRECTION('center_axis',(0.,1.,0.));
#7199=DIRECTION('ref_axis',(0.707106781186548,0.,-0.707106781186548));
#7200=DIRECTION('',(1.22464679914735E-16,0.,-1.));
#7201=DIRECTION('center_axis',(0.,1.,0.));
#7202=DIRECTION('ref_axis',(0.311695547280591,0.,0.950182027721769));
#7203=DIRECTION('',(0.592335014293853,0.,0.805691771610894));
#7204=DIRECTION('center_axis',(0.,1.,0.));
#7205=DIRECTION('ref_axis',(-0.892282190311405,0.,-0.451478120015889));
#7206=DIRECTION('',(0.,0.,-1.));
#7207=DIRECTION('center_axis',(0.,1.,0.));
#7208=DIRECTION('ref_axis',(0.707106781186547,0.,0.707106781186548));
#7209=DIRECTION('',(1.,0.,0.));
#7210=DIRECTION('center_axis',(0.,1.,0.));
#7211=DIRECTION('ref_axis',(-0.707106781186547,0.,0.707106781186548));
#7212=DIRECTION('',(0.,0.,1.));
#7213=DIRECTION('',(1.,0.,0.));
#7214=DIRECTION('center_axis',(0.,1.,0.));
#7215=DIRECTION('ref_axis',(-0.707106781186548,0.,0.707106781186548));
#7216=DIRECTION('',(0.,0.,1.));
#7217=DIRECTION('center_axis',(0.,1.,0.));
#7218=DIRECTION('ref_axis',(-0.707106781186548,0.,-0.707106781186548));
#7219=DIRECTION('',(-1.,0.,-1.22464679914735E-16));
#7220=DIRECTION('center_axis',(0.,1.,0.));
#7221=DIRECTION('ref_axis',(0.451478120015881,0.,-0.892282190311409));
#7222=DIRECTION('',(-0.592335014293853,0.,-0.805691771610894));
#7223=DIRECTION('center_axis',(0.,1.,0.));
#7224=DIRECTION('ref_axis',(0.950182027721766,0.,-0.311695547280599));
#7225=DIRECTION('',(1.22464679914735E-16,0.,-1.));
#7226=DIRECTION('center_axis',(0.,1.,0.));
#7227=DIRECTION('ref_axis',(-1.,0.,0.));
#7228=DIRECTION('center_axis',(0.,1.,0.));
#7229=DIRECTION('ref_axis',(-1.,0.,0.));
#7230=DIRECTION('center_axis',(-1.22464679914735E-16,0.,1.));
#7231=DIRECTION('ref_axis',(-0.707106781186545,0.70710678118655,0.));
#7232=DIRECTION('',(-1.22464679914735E-16,0.,1.));
#7233=DIRECTION('center_axis',(-1.,0.,-1.22464679914735E-16));
#7234=DIRECTION('ref_axis',(-1.22464679914735E-16,1.25056405354134E-16,
1.));
#7235=DIRECTION('center_axis',(1.,0.,0.));
#7236=DIRECTION('ref_axis',(0.,0.,1.));
#7237=DIRECTION('center_axis',(-1.,0.,-1.22464679914735E-16));
#7238=DIRECTION('ref_axis',(0.,0.707106781186551,-0.707106781186544));
#7239=DIRECTION('center_axis',(1.22464679914735E-16,0.,-1.));
#7240=DIRECTION('ref_axis',(0.707106781186538,0.707106781186557,0.));
#7241=DIRECTION('center_axis',(0.,-1.,0.));
#7242=DIRECTION('ref_axis',(0.,0.,-1.));
#7243=DIRECTION('center_axis',(-1.,0.,0.));
#7244=DIRECTION('ref_axis',(0.,0.,1.));
#7245=DIRECTION('center_axis',(0.,-1.,0.));
#7246=DIRECTION('ref_axis',(1.,0.,0.));
#7247=DIRECTION('center_axis',(0.,-1.,0.));
#7248=DIRECTION('ref_axis',(1.,0.,0.));
#7249=DIRECTION('center_axis',(0.,1.,0.));
#7250=DIRECTION('ref_axis',(1.,0.,0.));
#7251=DIRECTION('',(0.,1.,0.));
#7252=DIRECTION('center_axis',(0.,-1.,0.));
#7253=DIRECTION('ref_axis',(0.,0.,-1.));
#7254=DIRECTION('center_axis',(-1.,0.,0.));
#7255=DIRECTION('ref_axis',(0.,0.,1.));
#7256=DIRECTION('center_axis',(0.,-1.,0.));
#7257=DIRECTION('ref_axis',(-1.,0.,0.));
#7258=DIRECTION('center_axis',(0.,-1.,0.));
#7259=DIRECTION('ref_axis',(-1.,0.,0.));
#7260=DIRECTION('center_axis',(0.,-1.,0.));
#7261=DIRECTION('ref_axis',(-1.,0.,0.));
#7262=DIRECTION('',(0.,-1.,0.));
#7263=DIRECTION('center_axis',(0.,-1.,0.));
#7264=DIRECTION('ref_axis',(0.,0.,-1.));
#7265=DIRECTION('center_axis',(-1.,0.,0.));
#7266=DIRECTION('ref_axis',(0.,0.,1.));
#7267=DIRECTION('center_axis',(0.,-1.,0.));
#7268=DIRECTION('ref_axis',(-1.,0.,0.));
#7269=DIRECTION('center_axis',(0.,-1.,0.));
#7270=DIRECTION('ref_axis',(-1.,0.,0.));
#7271=DIRECTION('center_axis',(0.,-1.,0.));
#7272=DIRECTION('ref_axis',(-1.,0.,0.));
#7273=DIRECTION('',(0.,-1.,0.));
#7274=DIRECTION('center_axis',(0.,-1.,0.));
#7275=DIRECTION('ref_axis',(0.,0.,-1.));
#7276=DIRECTION('center_axis',(-1.,0.,0.));
#7277=DIRECTION('ref_axis',(0.,0.,1.));
#7278=DIRECTION('center_axis',(0.,-1.,0.));
#7279=DIRECTION('ref_axis',(-1.,0.,0.));
#7280=DIRECTION('center_axis',(0.,-1.,0.));
#7281=DIRECTION('ref_axis',(-1.,0.,0.));
#7282=DIRECTION('center_axis',(0.,-1.,0.));
#7283=DIRECTION('ref_axis',(-1.,0.,0.));
#7284=DIRECTION('',(0.,-1.,0.));
#7285=DIRECTION('center_axis',(1.,0.,1.22464679914735E-16));
#7286=DIRECTION('ref_axis',(0.,0.707106781186549,0.707106781186546));
#7287=DIRECTION('center_axis',(1.,0.,0.));
#7288=DIRECTION('ref_axis',(0.,1.,0.));
#7289=DIRECTION('',(1.,0.,1.22464679914735E-16));
#7290=DIRECTION('center_axis',(-1.,0.,0.));
#7291=DIRECTION('ref_axis',(0.,0.,1.));
#7292=DIRECTION('center_axis',(0.,1.,0.));
#7293=DIRECTION('ref_axis',(0.,0.,1.));
#7294=DIRECTION('center_axis',(0.,0.,-1.));
#7295=DIRECTION('ref_axis',(-1.,0.,0.));
#7296=DIRECTION('center_axis',(0.,-1.,0.));
#7297=DIRECTION('ref_axis',(0.707106781186548,0.,-0.707106781186548));
#7298=DIRECTION('center_axis',(-1.22464679914735E-16,0.,1.));
#7299=DIRECTION('ref_axis',(-0.70710678118654,0.707106781186555,0.));
#7300=DIRECTION('center_axis',(0.,0.,-1.));
#7301=DIRECTION('ref_axis',(-1.,0.,0.));
#7302=DIRECTION('',(-1.22464679914735E-16,0.,1.));
#7303=DIRECTION('center_axis',(0.,1.,0.));
#7304=DIRECTION('ref_axis',(0.,0.,1.));
#7305=DIRECTION('center_axis',(0.59233501429386,0.,0.805691771610889));
#7306=DIRECTION('ref_axis',(0.805691771610889,0.,-0.59233501429386));
#7307=DIRECTION('center_axis',(0.,-1.,0.));
#7308=DIRECTION('ref_axis',(0.311695547280591,0.,0.950182027721769));
#7309=DIRECTION('center_axis',(-0.592335014293853,0.,-0.805691771610894));
#7310=DIRECTION('ref_axis',(0.569710115252268,0.707106781186545,-0.418844105341416));
#7311=DIRECTION('center_axis',(0.592335014293849,0.,0.805691771610897));
#7312=DIRECTION('ref_axis',(0.805691771610897,0.,-0.592335014293849));
#7313=DIRECTION('',(-0.592335014293853,0.,-0.805691771610894));
#7314=DIRECTION('center_axis',(0.,1.,0.));
#7315=DIRECTION('ref_axis',(0.,0.,1.));
#7316=DIRECTION('center_axis',(0.,-1.,0.));
#7317=DIRECTION('ref_axis',(-0.892282190311405,0.,-0.451478120015889));
#7318=DIRECTION('center_axis',(1.,0.,1.22464679914735E-16));
#7319=DIRECTION('ref_axis',(-1.22464679914735E-16,0.,1.));
#7320=DIRECTION('',(0.,1.,0.));
#7321=DIRECTION('',(0.,-1.,0.));
#7322=DIRECTION('center_axis',(0.,-1.,0.));
#7323=DIRECTION('ref_axis',(0.70710678118656,0.,-0.707106781186535));
#7324=DIRECTION('',(0.,-1.,0.));
#7325=DIRECTION('center_axis',(1.22464679914735E-16,0.,-1.));
#7326=DIRECTION('ref_axis',(1.,0.,1.22464679914735E-16));
#7327=DIRECTION('',(0.,1.,0.));
#7328=DIRECTION('center_axis',(0.894427190999913,0.,0.447213595499963));
#7329=DIRECTION('ref_axis',(0.447213595499963,0.,-0.894427190999913));
#7330=DIRECTION('center_axis',(-0.447213595499967,0.,-0.894427190999911));
#7331=DIRECTION('ref_axis',(0.894427190999911,0.,-0.447213595499967));
#7332=DIRECTION('center_axis',(0.,1.,0.));
#7333=DIRECTION('ref_axis',(1.,0.,-1.11022302462518E-15));
#7334=DIRECTION('center_axis',(0.,0.,-1.));
#7335=DIRECTION('ref_axis',(0.707106781186538,0.707106781186557,0.));
#7336=DIRECTION('center_axis',(0.,0.,-1.));
#7337=DIRECTION('ref_axis',(0.,1.,0.));
#7338=DIRECTION('',(0.,0.,-1.));
#7339=DIRECTION('center_axis',(0.,1.,0.));
#7340=DIRECTION('ref_axis',(0.,0.,1.));
#7341=DIRECTION('center_axis',(-1.,0.,0.));
#7342=DIRECTION('ref_axis',(0.,1.,0.));
#7343=DIRECTION('center_axis',(0.,-1.,0.));
#7344=DIRECTION('ref_axis',(-0.707106781186547,0.,0.707106781186548));
#7345=DIRECTION('center_axis',(-1.,0.,0.));
#7346=DIRECTION('ref_axis',(0.,0.707106781186549,-0.707106781186546));
#7347=DIRECTION('center_axis',(-1.,0.,0.));
#7348=DIRECTION('ref_axis',(0.,1.,0.));
#7349=DIRECTION('',(-1.,0.,0.));
#7350=DIRECTION('center_axis',(0.,1.,0.));
#7351=DIRECTION('ref_axis',(0.,0.,1.));
#7352=DIRECTION('center_axis',(0.,0.,1.));
#7353=DIRECTION('ref_axis',(0.,1.,0.));
#7354=DIRECTION('center_axis',(0.,-1.,0.));
#7355=DIRECTION('ref_axis',(0.707106781186547,0.,0.707106781186548));
#7356=DIRECTION('center_axis',(0.,0.,1.));
#7357=DIRECTION('ref_axis',(-0.707106781186538,0.707106781186557,0.));
#7358=DIRECTION('',(0.,0.,1.));
#7359=DIRECTION('center_axis',(-0.707106781186555,9.42055475210282E-15,
0.70710678118654));
#7360=DIRECTION('ref_axis',(-0.70710678118654,-9.42055475210302E-15,-0.707106781186555));
#7361=DIRECTION('center_axis',(-1.22464679914735E-16,0.,1.));
#7362=DIRECTION('ref_axis',(-0.70710678118654,0.707106781186555,0.));
#7363=DIRECTION('center_axis',(0.,0.,1.));
#7364=DIRECTION('ref_axis',(0.,1.,0.));
#7365=DIRECTION('',(-1.22464679914735E-16,0.,1.));
#7366=DIRECTION('center_axis',(0.,1.,0.));
#7367=DIRECTION('ref_axis',(0.,0.,1.));
#7368=DIRECTION('center_axis',(0.592335014293854,0.,0.805691771610893));
#7369=DIRECTION('ref_axis',(0.,1.,0.));
#7370=DIRECTION('center_axis',(0.,-1.,0.));
#7371=DIRECTION('ref_axis',(0.950182027721766,0.,-0.311695547280599));
#7372=DIRECTION('center_axis',(-0.592335014293853,0.,-0.805691771610894));
#7373=DIRECTION('ref_axis',(-0.569710115252275,0.707106781186542,0.418844105341412));
#7374=DIRECTION('center_axis',(0.592335014293849,0.,0.805691771610897));
#7375=DIRECTION('ref_axis',(0.,1.,0.));
#7376=DIRECTION('',(0.592335014293853,0.,0.805691771610894));
#7377=DIRECTION('center_axis',(0.,1.,0.));
#7378=DIRECTION('ref_axis',(0.,0.,1.));
#7379=DIRECTION('center_axis',(1.,0.,0.));
#7380=DIRECTION('ref_axis',(0.,1.,0.));
#7381=DIRECTION('center_axis',(0.,-1.,0.));
#7382=DIRECTION('ref_axis',(0.451478120015881,0.,-0.892282190311409));
#7383=DIRECTION('center_axis',(1.,0.,1.22464679914735E-16));
#7384=DIRECTION('ref_axis',(0.,0.707106781186549,0.707106781186546));
#7385=DIRECTION('center_axis',(1.,0.,0.));
#7386=DIRECTION('ref_axis',(0.,1.,0.));
#7387=DIRECTION('',(1.,0.,1.22464679914735E-16));
#7388=DIRECTION('center_axis',(0.,1.,0.));
#7389=DIRECTION('ref_axis',(0.,0.,1.));
#7390=DIRECTION('center_axis',(0.,0.,-1.));
#7391=DIRECTION('ref_axis',(0.,1.,0.));
#7392=DIRECTION('center_axis',(0.,-1.,0.));
#7393=DIRECTION('ref_axis',(-0.707106781186548,0.,-0.707106781186548));
#7394=DIRECTION('center_axis',(0.,0.,-1.));
#7395=DIRECTION('ref_axis',(0.707106781186549,0.707106781186546,0.));
#7396=DIRECTION('center_axis',(0.,0.,-1.));
#7397=DIRECTION('ref_axis',(0.,1.,0.));
#7398=DIRECTION('',(0.,0.,-1.));
#7399=DIRECTION('center_axis',(0.,1.,0.));
#7400=DIRECTION('ref_axis',(0.,0.,1.));
#7401=DIRECTION('center_axis',(-1.,0.,0.));
#7402=DIRECTION('ref_axis',(0.,1.,0.));
#7403=DIRECTION('center_axis',(0.,-1.,0.));
#7404=DIRECTION('ref_axis',(-0.707106781186548,0.,0.707106781186548));
#7405=DIRECTION('center_axis',(1.,0.,0.));
#7406=DIRECTION('ref_axis',(0.,0.707106781186549,-0.707106781186546));
#7407=DIRECTION('',(-1.,0.,0.));
#7408=DIRECTION('center_axis',(0.,0.,-1.));
#7409=DIRECTION('ref_axis',(-1.,0.,0.));
#7410=DIRECTION('',(0.,1.,0.));
#7411=DIRECTION('',(0.,-1.,0.));
#7412=DIRECTION('center_axis',(0.,-1.,0.));
#7413=DIRECTION('ref_axis',(0.707106781186552,0.,-0.707106781186543));
#7414=DIRECTION('',(0.,-1.,0.));
#7415=DIRECTION('center_axis',(-1.,0.,0.));
#7416=DIRECTION('ref_axis',(0.,0.,1.));
#7417=DIRECTION('',(0.,1.,0.));
#7418=DIRECTION('center_axis',(0.,1.,0.));
#7419=DIRECTION('ref_axis',(-0.707106781186552,0.,0.707106781186543));
#7420=DIRECTION('',(0.,-1.,0.));
#7421=DIRECTION('center_axis',(0.,0.,1.));
#7422=DIRECTION('ref_axis',(1.,0.,0.));
#7423=DIRECTION('',(0.,1.,0.));
#7424=DIRECTION('center_axis',(0.,1.,0.));
#7425=DIRECTION('ref_axis',(0.707106781186553,0.,0.707106781186543));
#7426=DIRECTION('',(0.,-1.,0.));
#7427=DIRECTION('center_axis',(1.,0.,0.));
#7428=DIRECTION('ref_axis',(0.,0.,-1.));
#7429=DIRECTION('',(0.,1.,0.));
#7430=DIRECTION('center_axis',(0.,1.,0.));
#7431=DIRECTION('ref_axis',(0.311695547280637,0.,0.950182027721754));
#7432=DIRECTION('',(0.,1.,0.));
#7433=DIRECTION('center_axis',(0.805691771610894,0.,-0.592335014293853));
#7434=DIRECTION('ref_axis',(0.592335014293853,0.,0.805691771610894));
#7435=DIRECTION('',(0.,-1.,0.));
#7436=DIRECTION('center_axis',(0.,-1.,0.));
#7437=DIRECTION('ref_axis',(-0.892282190311435,0.,-0.45147812001583));
#7438=DIRECTION('center_axis',(0.,1.,0.));
#7439=DIRECTION('ref_axis',(0.451478120015878,0.,-0.892282190311411));
#7440=DIRECTION('',(0.,-1.,0.));
#7441=DIRECTION('',(0.,1.,0.));
#7442=DIRECTION('center_axis',(-0.805691771610894,0.,0.592335014293853));
#7443=DIRECTION('ref_axis',(-0.592335014293853,0.,-0.805691771610894));
#7444=DIRECTION('',(0.,-1.,0.));
#7445=DIRECTION('center_axis',(0.,-1.,0.));
#7446=DIRECTION('ref_axis',(-0.707106781186541,0.,-0.707106781186554));
#7447=DIRECTION('',(0.,-1.,0.));
#7448=DIRECTION('',(0.,1.,0.));
#7449=DIRECTION('center_axis',(-1.,0.,0.));
#7450=DIRECTION('ref_axis',(0.,0.,1.));
#7451=DIRECTION('',(0.,1.,0.));
#7452=DIRECTION('center_axis',(0.,-1.,0.));
#7453=DIRECTION('ref_axis',(-0.707106781186546,0.,0.707106781186549));
#7454=DIRECTION('center_axis',(0.,-1.,0.));
#7455=DIRECTION('ref_axis',(0.950182027721768,0.,-0.311695547280595));
#7456=DIRECTION('',(0.,1.,0.));
#7457=DIRECTION('center_axis',(1.22464679914735E-16,0.,-1.));
#7458=DIRECTION('ref_axis',(1.,0.,1.22464679914735E-16));
#7459=DIRECTION('center_axis',(1.,0.,1.22464679914735E-16));
#7460=DIRECTION('ref_axis',(-1.22464679914735E-16,0.,1.));
#7461=DIRECTION('',(6.38378239159458E-16,1.5011308549607E-15,0.999999999999998));
#7462=DIRECTION('',(1.00000000000001,3.05311331771918E-16,5.55111512312614E-16));
#7463=DIRECTION('',(-4.92661467177413E-15,-2.53618856998844E-16,0.999999999999997));
#7464=DIRECTION('',(0.999999999999998,5.52335954751034E-15,1.22818422099158E-14));
#7465=DIRECTION('axis',(0.,0.,1.));
#7466=DIRECTION('refdir',(1.,0.,0.));
#7467=DIRECTION('axis',(0.,0.,1.));
#7468=DIRECTION('refdir',(1.,0.,0.));
#7469=DIRECTION('axis',(0.,0.,1.));
#7470=DIRECTION('refdir',(1.,0.,0.));
#7471=DIRECTION('axis',(0.,0.,1.));
#7472=DIRECTION('refdir',(1.,0.,0.));
#7473=DIRECTION('',(8.27116153345751E-15,0.999999999999973,1.35276343533642E-14));
#7474=DIRECTION('',(1.05733895987908E-15,1.37311786728223E-14,-1.00000000000001));
#7475=DIRECTION('axis',(0.,0.,1.));
#7476=DIRECTION('refdir',(1.,0.,0.));
#7477=DIRECTION('axis',(0.,0.,1.));
#7478=DIRECTION('refdir',(1.,0.,0.));
#7479=DIRECTION('axis',(0.,0.,1.));
#7480=DIRECTION('refdir',(1.,0.,0.));
#7481=DIRECTION('axis',(0.,0.,1.));
#7482=DIRECTION('refdir',(1.,0.,0.));
#7483=DIRECTION('axis',(0.,0.,1.));
#7484=DIRECTION('refdir',(1.,0.,0.));
#7485=DIRECTION('axis',(0.,0.,1.));
#7486=DIRECTION('refdir',(1.,0.,0.));
#7487=DIRECTION('axis',(0.,0.,1.));
#7488=DIRECTION('refdir',(1.,0.,0.));
#7489=DIRECTION('axis',(0.,0.,1.));
#7490=DIRECTION('refdir',(1.,0.,0.));
#7491=DIRECTION('axis',(0.,0.,1.));
#7492=DIRECTION('refdir',(1.,0.,0.));
#7493=DIRECTION('axis',(0.,0.,1.));
#7494=DIRECTION('refdir',(1.,0.,0.));
#7495=DIRECTION('',(8.27116153345751E-15,0.999999999999973,1.35276343533642E-14));
#7496=DIRECTION('',(1.05733895987908E-15,1.37311786728223E-14,-1.00000000000001));
#7497=DIRECTION('',(8.27116153345751E-15,0.999999999999973,1.35276343533642E-14));
#7498=DIRECTION('',(1.05733895987908E-15,1.37311786728223E-14,-1.00000000000001));
#7499=DIRECTION('',(8.27116153345751E-15,0.999999999999973,1.35276343533642E-14));
#7500=DIRECTION('',(1.05733895987908E-15,1.37311786728223E-14,-1.00000000000001));
#7501=DIRECTION('',(8.27116153345751E-15,0.999999999999973,1.35276343533642E-14));
#7502=DIRECTION('',(1.05733895987908E-15,1.37311786728223E-14,-1.00000000000001));
#7503=DIRECTION('',(8.27116153345751E-15,0.999999999999973,1.35276343533642E-14));
#7504=DIRECTION('',(1.05733895987908E-15,1.37311786728223E-14,-1.00000000000001));
#7505=DIRECTION('',(8.27116153345751E-15,0.999999999999973,1.35276343533642E-14));
#7506=DIRECTION('',(1.05733895987908E-15,1.37311786728223E-14,-1.00000000000001));
#7507=DIRECTION('',(8.27116153345751E-15,0.999999999999973,1.35276343533642E-14));
#7508=DIRECTION('',(1.05733895987908E-15,1.37311786728223E-14,-1.00000000000001));
#7509=DIRECTION('',(8.27116153345751E-15,0.999999999999973,1.35276343533642E-14));
#7510=DIRECTION('',(1.05733895987908E-15,1.37311786728223E-14,-1.00000000000001));
#7511=DIRECTION('',(8.27116153345751E-15,0.999999999999973,1.35276343533642E-14));
#7512=DIRECTION('',(1.05733895987908E-15,1.37311786728223E-14,-1.00000000000001));
#7513=DIRECTION('axis',(0.,0.,1.));
#7514=DIRECTION('refdir',(1.,0.,0.));
#7515=DIRECTION('',(5.55111512312585E-17,1.77493703674728E-30,1.));
#7516=DIRECTION('',(1.,1.57772181044202E-30,-5.55111512312594E-17));
#7517=DIRECTION('',(5.55111512312585E-17,1.77493703674728E-30,1.));
#7518=DIRECTION('',(1.,1.57772181044202E-30,-5.55111512312594E-17));
#7519=DIRECTION('',(5.55111512312585E-17,1.77493703674728E-30,1.));
#7520=DIRECTION('',(1.,1.57772181044202E-30,-5.55111512312594E-17));
#7521=DIRECTION('',(5.55111512312585E-17,1.77493703674728E-30,1.));
#7522=DIRECTION('',(1.,1.57772181044202E-30,-5.55111512312594E-17));
#7523=DIRECTION('',(5.55111512312585E-17,1.77493703674728E-30,1.));
#7524=DIRECTION('',(1.,1.57772181044202E-30,-5.55111512312594E-17));
#7525=DIRECTION('',(5.55111512312585E-17,1.77493703674728E-30,1.));
#7526=DIRECTION('',(1.,1.57772181044202E-30,-5.55111512312594E-17));
#7527=DIRECTION('',(5.55111512312585E-17,1.77493703674728E-30,1.));
#7528=DIRECTION('',(1.,1.57772181044202E-30,-5.55111512312594E-17));
#7529=DIRECTION('',(5.55111512312585E-17,1.77493703674728E-30,1.));
#7530=DIRECTION('',(1.,1.57772181044202E-30,-5.55111512312594E-17));
#7531=DIRECTION('',(5.55111512312585E-17,1.77493703674728E-30,1.));
#7532=DIRECTION('',(1.,1.57772181044202E-30,-5.55111512312594E-17));
#7533=DIRECTION('',(5.55111512312585E-17,1.77493703674728E-30,1.));
#7534=DIRECTION('',(1.,1.57772181044202E-30,-5.55111512312594E-17));
#7535=DIRECTION('',(8.27116153345751E-15,0.999999999999973,1.35276343533642E-14));
#7536=DIRECTION('',(1.00182780864782E-15,1.37311786728223E-14,-1.00000000000001));
#7537=DIRECTION('center_axis',(0.,1.,0.));
#7538=DIRECTION('ref_axis',(0.707106781186553,0.,-0.707106781186542));
#7539=DIRECTION('center_axis',(0.,-1.,0.));
#7540=DIRECTION('ref_axis',(0.707106781186553,0.,-0.707106781186542));
#7541=DIRECTION('',(0.,-1.,0.));
#7542=DIRECTION('center_axis',(0.,-1.,0.));
#7543=DIRECTION('ref_axis',(0.707106781186553,0.,-0.707106781186542));
#7544=DIRECTION('',(0.,1.,0.));
#7545=DIRECTION('center_axis',(1.,0.,0.));
#7546=DIRECTION('ref_axis',(0.,0.,-1.));
#7547=DIRECTION('',(0.,0.,1.));
#7548=DIRECTION('',(0.,0.,-1.));
#7549=DIRECTION('',(0.,1.,0.));
#7550=DIRECTION('',(0.,0.,1.));
#7551=DIRECTION('',(0.,-1.,0.));
#7552=DIRECTION('',(0.,0.,-1.));
#7553=DIRECTION('',(0.,1.,0.));
#7554=DIRECTION('center_axis',(0.,1.,0.));
#7555=DIRECTION('ref_axis',(1.,0.,0.));
#7556=DIRECTION('',(-1.,0.,0.));
#7557=DIRECTION('',(0.,0.,-1.));
#7558=DIRECTION('',(1.,0.,0.));
#7559=DIRECTION('',(0.,0.,1.));
#7560=DIRECTION('',(1.,0.,0.));
#7561=DIRECTION('center_axis',(0.,-1.,0.));
#7562=DIRECTION('ref_axis',(0.707106781186551,0.,0.707106781186544));
#7563=DIRECTION('center_axis',(0.,-1.,0.));
#7564=DIRECTION('ref_axis',(0.707106781186554,0.,-0.707106781186541));
#7565=DIRECTION('',(-1.,0.,0.));
#7566=DIRECTION('center_axis',(0.,-1.,0.));
#7567=DIRECTION('ref_axis',(-0.707106781186548,0.,-0.707106781186548));
#7568=DIRECTION('',(0.,0.,1.));
#7569=DIRECTION('center_axis',(0.,-1.,0.));
#7570=DIRECTION('ref_axis',(-0.707106781186548,0.,0.707106781186548));
#7571=DIRECTION('',(1.,0.,0.));
#7572=DIRECTION('center_axis',(0.,-1.,0.));
#7573=DIRECTION('ref_axis',(0.707106781186552,0.,0.707106781186543));
#7574=DIRECTION('center_axis',(0.,-1.,0.));
#7575=DIRECTION('ref_axis',(1.,0.,0.));
#7576=DIRECTION('center_axis',(0.,-1.,0.));
#7577=DIRECTION('ref_axis',(1.,0.,0.));
#7578=DIRECTION('center_axis',(0.,-1.,0.));
#7579=DIRECTION('ref_axis',(1.,0.,0.));
#7580=DIRECTION('center_axis',(0.,-1.,0.));
#7581=DIRECTION('ref_axis',(0.,0.,1.));
#7582=DIRECTION('center_axis',(0.,-1.,0.));
#7583=DIRECTION('ref_axis',(1.,0.,0.));
#7584=DIRECTION('center_axis',(0.,-1.,0.));
#7585=DIRECTION('ref_axis',(1.,0.,0.));
#7586=DIRECTION('center_axis',(0.,-1.,0.));
#7587=DIRECTION('ref_axis',(0.707106781186551,0.,0.707106781186544));
#7588=DIRECTION('',(0.,-1.,0.));
#7589=DIRECTION('center_axis',(0.,-1.,0.));
#7590=DIRECTION('ref_axis',(0.707106781186551,0.,0.707106781186544));
#7591=DIRECTION('center_axis',(0.,0.,-1.));
#7592=DIRECTION('ref_axis',(1.,0.,0.));
#7593=DIRECTION('',(0.,-1.,0.));
#7594=DIRECTION('',(1.,0.,0.));
#7595=DIRECTION('center_axis',(0.,1.,0.));
#7596=DIRECTION('ref_axis',(-0.707106781186548,0.,-0.707106781186548));
#7597=DIRECTION('',(0.,-1.,0.));
#7598=DIRECTION('center_axis',(0.,1.,0.));
#7599=DIRECTION('ref_axis',(0.,0.,-1.));
#7600=DIRECTION('',(0.,1.,0.));
#7601=DIRECTION('center_axis',(-0.816496580927727,0.408248290463864,0.40824829046386));
#7602=DIRECTION('ref_axis',(-0.577350269189626,-0.577350269189628,-0.577350269189624));
#7603=DIRECTION('center_axis',(-1.,0.,0.));
#7604=DIRECTION('ref_axis',(0.,-0.707106781186549,-0.707106781186546));
#7605=DIRECTION('center_axis',(0.,0.,-1.));
#7606=DIRECTION('ref_axis',(-0.707106781186546,-0.707106781186549,0.));
#7607=DIRECTION('center_axis',(-1.,0.,0.));
#7608=DIRECTION('ref_axis',(0.,-0.707106781186549,-0.707106781186546));
#7609=DIRECTION('',(1.,0.,0.));
#7610=DIRECTION('center_axis',(1.,0.,0.));
#7611=DIRECTION('ref_axis',(0.,-0.707106781186549,-0.707106781186546));
#7612=DIRECTION('',(-1.,0.,0.));
#7613=DIRECTION('center_axis',(0.,0.,-1.));
#7614=DIRECTION('ref_axis',(-1.,0.,0.));
#7615=DIRECTION('',(0.,1.,0.));
#7616=DIRECTION('center_axis',(0.408248290463861,-0.816496580927726,-0.408248290463865));
#7617=DIRECTION('ref_axis',(-0.577350269189624,-0.577350269189626,0.577350269189628));
#7618=DIRECTION('center_axis',(0.,-1.,0.));
#7619=DIRECTION('ref_axis',(0.,0.,1.));
#7620=DIRECTION('center_axis',(0.,0.,1.));
#7621=DIRECTION('ref_axis',(-0.707106781186546,-0.707106781186549,0.));
#7622=DIRECTION('center_axis',(-1.,0.,0.));
#7623=DIRECTION('ref_axis',(0.,-0.707106781186547,0.707106781186548));
#7624=DIRECTION('center_axis',(0.,1.,0.));
#7625=DIRECTION('ref_axis',(-0.707106781186548,0.,0.707106781186548));
#7626=DIRECTION('',(0.,-1.,0.));
#7627=DIRECTION('',(0.,1.,0.));
#7628=DIRECTION('center_axis',(0.,0.,1.));
#7629=DIRECTION('ref_axis',(1.,0.,0.));
#7630=DIRECTION('',(-1.,0.,0.));
#7631=DIRECTION('',(0.,-1.,0.));
#7632=DIRECTION('center_axis',(1.,0.,0.));
#7633=DIRECTION('ref_axis',(0.,-0.707106781186547,0.707106781186548));
#7634=DIRECTION('',(1.,0.,0.));
#7635=DIRECTION('center_axis',(1.,0.,0.));
#7636=DIRECTION('ref_axis',(0.,-0.707106781186547,0.707106781186548));
#7637=DIRECTION('center_axis',(-0.40824829046386,-0.816496580927726,-0.408248290463865));
#7638=DIRECTION('ref_axis',(0.577350269189623,-0.577350269189627,0.577350269189627));
#7639=DIRECTION('center_axis',(0.,-1.,0.));
#7640=DIRECTION('ref_axis',(1.,0.,0.));
#7641=DIRECTION('center_axis',(0.,0.,1.));
#7642=DIRECTION('ref_axis',(0.707106781186549,-0.707106781186546,0.));
#7643=DIRECTION('center_axis',(0.,1.,0.));
#7644=DIRECTION('ref_axis',(0.707106781186552,0.,0.707106781186543));
#7645=DIRECTION('center_axis',(-0.81649658092773,-0.408248290463861,-0.408248290463858));
#7646=DIRECTION('ref_axis',(0.577350269189624,-0.577350269189629,-0.577350269189624));
#7647=DIRECTION('center_axis',(0.,-1.,0.));
#7648=DIRECTION('ref_axis',(0.,0.,-1.));
#7649=DIRECTION('center_axis',(0.,0.,-1.));
#7650=DIRECTION('ref_axis',(0.707106781186549,-0.707106781186546,0.));
#7651=DIRECTION('center_axis',(0.,1.,0.));
#7652=DIRECTION('ref_axis',(0.707106781186554,0.,-0.707106781186541));
#7653=DIRECTION('center_axis',(0.,0.,-1.));
#7654=DIRECTION('ref_axis',(0.707106781186553,-0.707106781186543,0.));
#7655=DIRECTION('',(0.,0.,-1.));
#7656=DIRECTION('center_axis',(0.,0.,1.));
#7657=DIRECTION('ref_axis',(-0.707106781186546,-0.707106781186549,0.));
#7658=DIRECTION('',(0.,0.,1.));
#7659=DIRECTION('',(0.,0.,-1.));
#7660=DIRECTION('center_axis',(-1.,0.,0.));
#7661=DIRECTION('ref_axis',(0.,0.,1.));
#7662=DIRECTION('center_axis',(0.,1.,0.));
#7663=DIRECTION('ref_axis',(1.,0.,0.));
#7664=DIRECTION('center_axis',(0.,-1.,0.));
#7665=DIRECTION('ref_axis',(1.,0.,0.));
#7666=DIRECTION('center_axis',(0.,-1.,0.));
#7667=DIRECTION('ref_axis',(1.,0.,0.));
#7668=DIRECTION('center_axis',(0.,-1.,0.));
#7669=DIRECTION('ref_axis',(1.,0.,0.));
#7670=DIRECTION('center_axis',(0.,-1.,0.));
#7671=DIRECTION('ref_axis',(1.,0.,0.));
#7672=DIRECTION('center_axis',(0.,1.,0.));
#7673=DIRECTION('ref_axis',(0.,0.,1.));
#7674=DIRECTION('center_axis',(0.,-1.,0.));
#7675=DIRECTION('ref_axis',(0.,0.,1.));
#7676=DIRECTION('center_axis',(0.,-1.,0.));
#7677=DIRECTION('ref_axis',(0.,0.,1.));
#7678=DIRECTION('',(0.,-1.,0.));
#7679=DIRECTION('',(0.,1.,0.));
#7680=DIRECTION('center_axis',(0.,1.,0.));
#7681=DIRECTION('ref_axis',(1.,0.,0.));
#7682=DIRECTION('',(0.,-1.,0.));
#7683=DIRECTION('center_axis',(0.,0.,1.));
#7684=DIRECTION('ref_axis',(-1.,0.,0.));
#7685=DIRECTION('',(-1.,-2.01858728742099E-16,0.));
#7686=DIRECTION('',(0.,-1.,0.));
#7687=DIRECTION('center_axis',(1.,0.,0.));
#7688=DIRECTION('ref_axis',(0.,0.,1.));
#7689=DIRECTION('',(0.,-1.,0.));
#7690=DIRECTION('',(0.,0.,1.));
#7691=DIRECTION('center_axis',(0.,0.,-1.));
#7692=DIRECTION('ref_axis',(1.,0.,0.));
#7693=DIRECTION('',(0.,-1.,0.));
#7694=DIRECTION('',(1.,0.,0.));
#7695=DIRECTION('center_axis',(-1.,0.,0.));
#7696=DIRECTION('ref_axis',(0.,0.,-1.));
#7697=DIRECTION('',(0.,0.,-1.));
#7698=DIRECTION('center_axis',(0.,-1.,0.));
#7699=DIRECTION('ref_axis',(0.,0.,-1.));
#7700=DIRECTION('center_axis',(0.,1.,0.));
#7701=DIRECTION('ref_axis',(1.,0.,0.));
#7702=DIRECTION('',(0.,-1.,0.));
#7703=DIRECTION('center_axis',(0.,1.,0.));
#7704=DIRECTION('ref_axis',(1.,0.,0.));
#7705=DIRECTION('',(0.,-1.,0.));
#7706=DIRECTION('center_axis',(0.,1.,0.));
#7707=DIRECTION('ref_axis',(1.,0.,0.));
#7708=DIRECTION('',(0.,-1.,0.));
#7709=DIRECTION('',(0.,0.,1.));
#7710=DIRECTION('',(1.,0.,0.));
#7711=DIRECTION('axis',(0.,0.,1.));
#7712=DIRECTION('refdir',(1.,0.,0.));
#7713=DIRECTION('axis',(0.,0.,1.));
#7714=DIRECTION('refdir',(1.,0.,0.));
#7715=DIRECTION('axis',(0.,0.,1.));
#7716=DIRECTION('refdir',(1.,0.,0.));
#7717=DIRECTION('center_axis',(0.707106781186548,-0.707106781186548,0.));
#7718=DIRECTION('ref_axis',(-0.707106781186548,-0.707106781186548,0.));
#7719=DIRECTION('',(0.,0.,1.));
#7720=DIRECTION('',(-0.707106781186548,-0.707106781186548,0.));
#7721=DIRECTION('',(0.,0.,1.));
#7722=DIRECTION('',(-0.707106781186548,-0.707106781186548,0.));
#7723=DIRECTION('center_axis',(0.,-1.,0.));
#7724=DIRECTION('ref_axis',(-1.,0.,0.));
#7725=DIRECTION('',(0.,0.,1.));
#7726=DIRECTION('',(-1.,0.,0.));
#7727=DIRECTION('',(-1.,0.,0.));
#7728=DIRECTION('center_axis',(1.,0.,0.));
#7729=DIRECTION('ref_axis',(0.,-1.,0.));
#7730=DIRECTION('',(0.,-1.,0.));
#7731=DIRECTION('',(0.,0.,1.));
#7732=DIRECTION('',(0.,-1.,0.));
#7733=DIRECTION('center_axis',(0.,0.,1.));
#7734=DIRECTION('ref_axis',(1.,0.,0.));
#7735=DIRECTION('',(-0.707106781186548,0.707106781186548,0.));
#7736=DIRECTION('',(0.,1.,0.));
#7737=DIRECTION('',(0.707106781186548,0.707106781186548,0.));
#7738=DIRECTION('',(-0.707106781186548,0.707106781186548,0.));
#7739=DIRECTION('',(0.,1.,0.));
#7740=DIRECTION('',(0.707106781186548,0.707106781186548,0.));
#7741=DIRECTION('',(-0.707106781186548,0.707106781186548,0.));
#7742=DIRECTION('',(0.,1.,0.));
#7743=DIRECTION('',(0.707106781186548,0.707106781186548,0.));
#7744=DIRECTION('',(-0.707106781186548,0.707106781186548,0.));
#7745=DIRECTION('',(0.,1.,0.));
#7746=DIRECTION('',(0.707106781186548,0.707106781186548,0.));
#7747=DIRECTION('',(1.,0.,0.));
#7748=DIRECTION('',(0.707106781186548,-0.707106781186548,0.));
#7749=DIRECTION('',(0.,-1.,0.));
#7750=DIRECTION('',(-0.707106781186548,-0.707106781186548,0.));
#7751=DIRECTION('',(0.707106781186548,-0.707106781186548,0.));
#7752=DIRECTION('',(0.,-1.,0.));
#7753=DIRECTION('',(-0.707106781186548,-0.707106781186548,0.));
#7754=DIRECTION('',(0.707106781186548,-0.707106781186548,0.));
#7755=DIRECTION('',(0.,-1.,0.));
#7756=DIRECTION('',(-0.707106781186548,-0.707106781186548,0.));
#7757=DIRECTION('',(0.707106781186548,-0.707106781186548,0.));
#7758=DIRECTION('',(-1.,0.,0.));
#7759=DIRECTION('',(0.,1.,0.));
#7760=DIRECTION('',(-1.,0.,0.));
#7761=DIRECTION('',(0.,1.,0.));
#7762=DIRECTION('',(0.,1.,0.));
#7763=DIRECTION('',(-1.,0.,0.));
#7764=DIRECTION('',(0.,1.,0.));
#7765=DIRECTION('',(-1.,0.,0.));
#7766=DIRECTION('',(0.,1.,0.));
#7767=DIRECTION('',(-1.,0.,0.));
#7768=DIRECTION('',(0.,1.,0.));
#7769=DIRECTION('',(-1.,0.,0.));
#7770=DIRECTION('',(-1.,0.,0.));
#7771=DIRECTION('',(0.,1.,0.));
#7772=DIRECTION('',(-1.,0.,0.));
#7773=DIRECTION('',(0.,1.,0.));
#7774=DIRECTION('center_axis',(0.,0.,1.));
#7775=DIRECTION('ref_axis',(1.,0.,0.));
#7776=DIRECTION('',(0.707106781186548,-0.707106781186548,0.));
#7777=DIRECTION('',(-0.707106781186548,-0.707106781186548,0.));
#7778=DIRECTION('',(0.,-1.,0.));
#7779=DIRECTION('',(0.707106781186548,-0.707106781186548,0.));
#7780=DIRECTION('',(-0.707106781186548,-0.707106781186548,0.));
#7781=DIRECTION('',(0.,-1.,0.));
#7782=DIRECTION('',(0.707106781186548,-0.707106781186548,0.));
#7783=DIRECTION('',(-0.707106781186548,-0.707106781186548,0.));
#7784=DIRECTION('',(0.,-1.,0.));
#7785=DIRECTION('',(0.707106781186548,-0.707106781186548,0.));
#7786=DIRECTION('',(1.,0.,0.));
#7787=DIRECTION('',(0.707106781186548,0.707106781186548,0.));
#7788=DIRECTION('',(0.,1.,0.));
#7789=DIRECTION('',(-0.707106781186548,0.707106781186548,0.));
#7790=DIRECTION('',(0.707106781186548,0.707106781186548,0.));
#7791=DIRECTION('',(0.,1.,0.));
#7792=DIRECTION('',(-0.707106781186548,0.707106781186548,0.));
#7793=DIRECTION('',(0.707106781186548,0.707106781186548,0.));
#7794=DIRECTION('',(0.,1.,0.));
#7795=DIRECTION('',(-0.707106781186548,0.707106781186548,0.));
#7796=DIRECTION('',(0.707106781186548,0.707106781186548,0.));
#7797=DIRECTION('',(0.,1.,0.));
#7798=DIRECTION('',(-0.707106781186548,0.707106781186548,0.));
#7799=DIRECTION('',(-1.,0.,0.));
#7800=DIRECTION('',(0.,1.,0.));
#7801=DIRECTION('',(-1.,0.,0.));
#7802=DIRECTION('',(0.,1.,0.));
#7803=DIRECTION('',(0.,1.,0.));
#7804=DIRECTION('',(-1.,0.,0.));
#7805=DIRECTION('',(0.,1.,0.));
#7806=DIRECTION('',(-1.,0.,0.));
#7807=DIRECTION('',(0.,1.,0.));
#7808=DIRECTION('',(-1.,0.,0.));
#7809=DIRECTION('',(0.,1.,0.));
#7810=DIRECTION('',(-1.,0.,0.));
#7811=DIRECTION('',(-1.,0.,0.));
#7812=DIRECTION('',(0.,1.,0.));
#7813=DIRECTION('',(-1.,0.,0.));
#7814=DIRECTION('',(0.,1.,0.));
#7815=DIRECTION('center_axis',(-0.707106781186548,-0.707106781186548,0.));
#7816=DIRECTION('ref_axis',(-0.707106781186548,0.707106781186548,0.));
#7817=DIRECTION('',(0.,0.,1.));
#7818=DIRECTION('center_axis',(0.707106781186548,0.707106781186548,0.));
#7819=DIRECTION('ref_axis',(0.707106781186548,-0.707106781186548,0.));
#7820=DIRECTION('',(0.,0.,1.));
#7821=DIRECTION('center_axis',(-1.,0.,0.));
#7822=DIRECTION('ref_axis',(0.,1.,0.));
#7823=DIRECTION('',(0.,0.,1.));
#7824=DIRECTION('center_axis',(0.707106781186548,-0.707106781186548,0.));
#7825=DIRECTION('ref_axis',(-0.707106781186548,-0.707106781186548,0.));
#7826=DIRECTION('',(0.,0.,1.));
#7827=DIRECTION('center_axis',(-0.707106781186548,0.707106781186548,0.));
#7828=DIRECTION('ref_axis',(0.707106781186548,0.707106781186548,0.));
#7829=DIRECTION('',(0.,0.,1.));
#7830=DIRECTION('center_axis',(1.,0.,0.));
#7831=DIRECTION('ref_axis',(0.,-1.,0.));
#7832=DIRECTION('',(0.,0.,1.));
#7833=DIRECTION('center_axis',(-0.707106781186548,-0.707106781186548,0.));
#7834=DIRECTION('ref_axis',(-0.707106781186548,0.707106781186548,0.));
#7835=DIRECTION('',(0.,0.,1.));
#7836=DIRECTION('center_axis',(0.707106781186548,0.707106781186548,0.));
#7837=DIRECTION('ref_axis',(0.707106781186548,-0.707106781186548,0.));
#7838=DIRECTION('',(0.,0.,1.));
#7839=DIRECTION('center_axis',(-1.,0.,0.));
#7840=DIRECTION('ref_axis',(0.,1.,0.));
#7841=DIRECTION('',(0.,0.,1.));
#7842=DIRECTION('center_axis',(0.707106781186548,-0.707106781186548,0.));
#7843=DIRECTION('ref_axis',(-0.707106781186548,-0.707106781186548,0.));
#7844=DIRECTION('',(0.,0.,1.));
#7845=DIRECTION('center_axis',(-0.707106781186548,0.707106781186548,0.));
#7846=DIRECTION('ref_axis',(0.707106781186548,0.707106781186548,0.));
#7847=DIRECTION('',(0.,0.,1.));
#7848=DIRECTION('center_axis',(1.,0.,0.));
#7849=DIRECTION('ref_axis',(0.,-1.,0.));
#7850=DIRECTION('',(0.,0.,1.));
#7851=DIRECTION('center_axis',(-0.707106781186548,-0.707106781186548,0.));
#7852=DIRECTION('ref_axis',(-0.707106781186548,0.707106781186548,0.));
#7853=DIRECTION('',(0.,0.,1.));
#7854=DIRECTION('center_axis',(0.707106781186548,0.707106781186548,0.));
#7855=DIRECTION('ref_axis',(0.707106781186548,-0.707106781186548,0.));
#7856=DIRECTION('',(0.,0.,1.));
#7857=DIRECTION('center_axis',(-1.,0.,0.));
#7858=DIRECTION('ref_axis',(0.,1.,0.));
#7859=DIRECTION('',(0.,0.,1.));
#7860=DIRECTION('center_axis',(0.707106781186548,-0.707106781186548,0.));
#7861=DIRECTION('ref_axis',(-0.707106781186548,-0.707106781186548,0.));
#7862=DIRECTION('',(0.,0.,1.));
#7863=DIRECTION('center_axis',(-0.707106781186548,0.707106781186548,0.));
#7864=DIRECTION('ref_axis',(0.707106781186548,0.707106781186548,0.));
#7865=DIRECTION('',(0.,0.,1.));
#7866=DIRECTION('center_axis',(1.,0.,0.));
#7867=DIRECTION('ref_axis',(0.,-1.,0.));
#7868=DIRECTION('',(0.,0.,1.));
#7869=DIRECTION('center_axis',(-0.707106781186548,-0.707106781186548,0.));
#7870=DIRECTION('ref_axis',(-0.707106781186548,0.707106781186548,0.));
#7871=DIRECTION('',(0.,0.,1.));
#7872=DIRECTION('center_axis',(0.707106781186548,0.707106781186548,0.));
#7873=DIRECTION('ref_axis',(0.707106781186548,-0.707106781186548,0.));
#7874=DIRECTION('',(0.,0.,1.));
#7875=DIRECTION('center_axis',(-1.,0.,0.));
#7876=DIRECTION('ref_axis',(0.,1.,0.));
#7877=DIRECTION('',(0.,0.,1.));
#7878=DIRECTION('center_axis',(0.,1.,0.));
#7879=DIRECTION('ref_axis',(1.,0.,0.));
#7880=DIRECTION('',(0.,0.,1.));
#7881=DIRECTION('center_axis',(-0.707106781186548,0.707106781186548,0.));
#7882=DIRECTION('ref_axis',(0.707106781186548,0.707106781186548,0.));
#7883=DIRECTION('center_axis',(0.,1.,0.));
#7884=DIRECTION('ref_axis',(0.,0.,1.));
#7885=DIRECTION('',(0.,0.,1.));
#7886=DIRECTION('',(1.,0.,0.));
#7887=DIRECTION('',(0.,0.,1.));
#7888=DIRECTION('center_axis',(1.,0.,0.));
#7889=DIRECTION('ref_axis',(0.,0.,1.));
#7890=DIRECTION('',(0.,0.,1.));
#7891=DIRECTION('',(0.,1.,0.));
#7892=DIRECTION('center_axis',(0.,1.,0.));
#7893=DIRECTION('ref_axis',(0.,0.,1.));
#7894=DIRECTION('',(0.,0.,1.));
#7895=DIRECTION('',(1.,0.,0.));
#7896=DIRECTION('center_axis',(1.,0.,0.));
#7897=DIRECTION('ref_axis',(0.,0.,1.));
#7898=DIRECTION('',(0.,1.,0.));
#7899=DIRECTION('center_axis',(1.,0.,0.));
#7900=DIRECTION('ref_axis',(0.,0.,1.));
#7901=DIRECTION('',(0.,0.,1.));
#7902=DIRECTION('',(0.,1.,0.));
#7903=DIRECTION('',(0.,0.,1.));
#7904=DIRECTION('center_axis',(0.,1.,0.));
#7905=DIRECTION('ref_axis',(0.,0.,1.));
#7906=DIRECTION('',(1.,0.,0.));
#7907=DIRECTION('',(0.,0.,1.));
#7908=DIRECTION('center_axis',(1.,0.,0.));
#7909=DIRECTION('ref_axis',(0.,0.,1.));
#7910=DIRECTION('',(0.,0.,1.));
#7911=DIRECTION('',(0.,1.,0.));
#7912=DIRECTION('center_axis',(0.,1.,0.));
#7913=DIRECTION('ref_axis',(0.,0.,1.));
#7914=DIRECTION('',(1.,0.,0.));
#7915=DIRECTION('center_axis',(1.,0.,0.));
#7916=DIRECTION('ref_axis',(0.,0.,1.));
#7917=DIRECTION('',(0.,0.,1.));
#7918=DIRECTION('',(0.,1.,0.));
#7919=DIRECTION('',(0.,0.,1.));
#7920=DIRECTION('center_axis',(0.,1.,0.));
#7921=DIRECTION('ref_axis',(0.,0.,1.));
#7922=DIRECTION('',(1.,0.,0.));
#7923=DIRECTION('',(0.,0.,1.));
#7924=DIRECTION('center_axis',(1.,0.,0.));
#7925=DIRECTION('ref_axis',(0.,0.,1.));
#7926=DIRECTION('',(0.,0.,1.));
#7927=DIRECTION('',(0.,1.,0.));
#7928=DIRECTION('center_axis',(0.,1.,0.));
#7929=DIRECTION('ref_axis',(0.,0.,1.));
#7930=DIRECTION('',(1.,0.,0.));
#7931=DIRECTION('center_axis',(0.,1.,0.));
#7932=DIRECTION('ref_axis',(0.,0.,1.));
#7933=DIRECTION('',(0.,0.,1.));
#7934=DIRECTION('',(1.,0.,0.));
#7935=DIRECTION('',(0.,0.,1.));
#7936=DIRECTION('center_axis',(1.,0.,0.));
#7937=DIRECTION('ref_axis',(0.,0.,1.));
#7938=DIRECTION('',(0.,0.,1.));
#7939=DIRECTION('',(0.,1.,0.));
#7940=DIRECTION('center_axis',(0.,1.,0.));
#7941=DIRECTION('ref_axis',(0.,0.,1.));
#7942=DIRECTION('',(0.,0.,1.));
#7943=DIRECTION('',(1.,0.,0.));
#7944=DIRECTION('center_axis',(1.,0.,0.));
#7945=DIRECTION('ref_axis',(0.,0.,1.));
#7946=DIRECTION('',(0.,1.,0.));
#7947=DIRECTION('center_axis',(0.,1.,0.));
#7948=DIRECTION('ref_axis',(0.,0.,1.));
#7949=DIRECTION('',(0.,0.,1.));
#7950=DIRECTION('',(0.,0.,1.));
#7951=DIRECTION('',(1.,0.,0.));
#7952=DIRECTION('center_axis',(1.,0.,0.));
#7953=DIRECTION('ref_axis',(0.,0.,1.));
#7954=DIRECTION('',(0.,0.,1.));
#7955=DIRECTION('',(0.,1.,0.));
#7956=DIRECTION('center_axis',(0.,1.,0.));
#7957=DIRECTION('ref_axis',(0.,0.,1.));
#7958=DIRECTION('',(0.,0.,1.));
#7959=DIRECTION('',(1.,0.,0.));
#7960=DIRECTION('center_axis',(1.,0.,0.));
#7961=DIRECTION('ref_axis',(0.,0.,1.));
#7962=DIRECTION('',(0.,1.,0.));
#7963=DIRECTION('center_axis',(1.,0.,0.));
#7964=DIRECTION('ref_axis',(0.,0.,1.));
#7965=DIRECTION('',(0.,0.,1.));
#7966=DIRECTION('',(0.,0.,1.));
#7967=DIRECTION('',(0.,1.,0.));
#7968=DIRECTION('center_axis',(0.,1.,0.));
#7969=DIRECTION('ref_axis',(0.,0.,1.));
#7970=DIRECTION('',(0.,0.,1.));
#7971=DIRECTION('',(1.,0.,0.));
#7972=DIRECTION('center_axis',(1.,0.,0.));
#7973=DIRECTION('ref_axis',(0.,0.,1.));
#7974=DIRECTION('',(0.,0.,1.));
#7975=DIRECTION('',(0.,1.,0.));
#7976=DIRECTION('center_axis',(0.,1.,0.));
#7977=DIRECTION('ref_axis',(0.,0.,1.));
#7978=DIRECTION('',(1.,0.,0.));
#7979=DIRECTION('center_axis',(1.,0.,0.));
#7980=DIRECTION('ref_axis',(0.,0.,1.));
#7981=DIRECTION('',(0.,0.,1.));
#7982=DIRECTION('',(0.,0.,1.));
#7983=DIRECTION('',(0.,1.,0.));
#7984=DIRECTION('center_axis',(0.,1.,0.));
#7985=DIRECTION('ref_axis',(0.,0.,1.));
#7986=DIRECTION('',(0.,0.,1.));
#7987=DIRECTION('',(1.,0.,0.));
#7988=DIRECTION('center_axis',(1.,0.,0.));
#7989=DIRECTION('ref_axis',(0.,0.,1.));
#7990=DIRECTION('',(0.,0.,1.));
#7991=DIRECTION('',(0.,1.,0.));
#7992=DIRECTION('center_axis',(0.,1.,0.));
#7993=DIRECTION('ref_axis',(0.,0.,1.));
#7994=DIRECTION('',(1.,0.,0.));
#7995=DIRECTION('center_axis',(0.,1.,0.));
#7996=DIRECTION('ref_axis',(0.,0.,1.));
#7997=DIRECTION('',(0.,0.,1.));
#7998=DIRECTION('',(0.,0.,1.));
#7999=DIRECTION('',(1.,0.,0.));
#8000=DIRECTION('center_axis',(1.,0.,0.));
#8001=DIRECTION('ref_axis',(0.,0.,1.));
#8002=DIRECTION('',(0.,0.,1.));
#8003=DIRECTION('',(0.,1.,0.));
#8004=DIRECTION('center_axis',(0.,1.,0.));
#8005=DIRECTION('ref_axis',(0.,0.,1.));
#8006=DIRECTION('',(0.,0.,1.));
#8007=DIRECTION('',(1.,0.,0.));
#8008=DIRECTION('center_axis',(1.,0.,0.));
#8009=DIRECTION('ref_axis',(0.,0.,1.));
#8010=DIRECTION('',(0.,1.,0.));
#8011=DIRECTION('center_axis',(-1.73516750835589E-18,-0.707106781186548,
0.707106781186548));
#8012=DIRECTION('ref_axis',(-1.,1.22694871165302E-18,-1.22694871165302E-18));
#8013=DIRECTION('',(0.577350269189626,-0.577350269189626,-0.577350269189626));
#8014=DIRECTION('',(-0.577350269189626,-0.577350269189626,-0.577350269189626));
#8015=DIRECTION('',(1.,0.,0.));
#8016=DIRECTION('center_axis',(-0.707106781186548,-1.73516750835589E-18,
-0.707106781186548));
#8017=DIRECTION('ref_axis',(-1.22694871165302E-18,1.,-1.22694871165302E-18));
#8018=DIRECTION('',(0.577350269189626,0.577350269189626,-0.577350269189626));
#8019=DIRECTION('',(0.,1.,0.));
#8020=DIRECTION('center_axis',(1.73516750835589E-18,-0.707106781186548,
-0.707106781186548));
#8021=DIRECTION('ref_axis',(-1.,-1.22694871165302E-18,-1.22694871165302E-18));
#8022=DIRECTION('',(1.,0.,0.));
#8023=DIRECTION('',(-0.577350269189626,0.577350269189626,-0.577350269189626));
#8024=DIRECTION('center_axis',(-0.707106781186548,1.73516750835589E-18,
0.707106781186548));
#8025=DIRECTION('ref_axis',(1.22694871165302E-18,1.,-1.22694871165302E-18));
#8026=DIRECTION('',(0.,1.,0.));
#8027=DIRECTION('center_axis',(-0.707106781186548,1.73516750835589E-18,
0.707106781186548));
#8028=DIRECTION('ref_axis',(1.22694871165302E-18,1.,-1.22694871165302E-18));
#8029=DIRECTION('',(-0.577350269189626,0.577350269189626,-0.577350269189626));
#8030=DIRECTION('',(0.,1.,0.));
#8031=DIRECTION('',(-0.577350269189626,-0.577350269189626,-0.577350269189626));
#8032=DIRECTION('center_axis',(-1.73516750835589E-18,-0.707106781186548,
0.707106781186548));
#8033=DIRECTION('ref_axis',(-1.,1.22694871165302E-18,-1.22694871165302E-18));
#8034=DIRECTION('',(0.577350269189626,-0.577350269189626,-0.577350269189626));
#8035=DIRECTION('',(1.,0.,0.));
#8036=DIRECTION('center_axis',(-0.707106781186548,-1.73516750835589E-18,
-0.707106781186548));
#8037=DIRECTION('ref_axis',(-1.22694871165302E-18,1.,-1.22694871165302E-18));
#8038=DIRECTION('',(0.577350269189626,0.577350269189626,-0.577350269189626));
#8039=DIRECTION('',(0.,1.,0.));
#8040=DIRECTION('center_axis',(1.73516750835589E-18,-0.707106781186548,
-0.707106781186548));
#8041=DIRECTION('ref_axis',(-1.,-1.22694871165302E-18,-1.22694871165302E-18));
#8042=DIRECTION('',(1.,0.,0.));
#8043=DIRECTION('center_axis',(-0.707106781186548,1.73516750835589E-18,
0.707106781186548));
#8044=DIRECTION('ref_axis',(1.22694871165302E-18,1.,-1.22694871165302E-18));
#8045=DIRECTION('',(-0.577350269189626,0.577350269189626,-0.577350269189626));
#8046=DIRECTION('',(0.,1.,0.));
#8047=DIRECTION('',(-0.577350269189626,-0.577350269189626,-0.577350269189626));
#8048=DIRECTION('center_axis',(-1.73516750835589E-18,-0.707106781186548,
0.707106781186548));
#8049=DIRECTION('ref_axis',(-1.,1.22694871165302E-18,-1.22694871165302E-18));
#8050=DIRECTION('',(0.577350269189626,-0.577350269189626,-0.577350269189626));
#8051=DIRECTION('',(1.,0.,0.));
#8052=DIRECTION('center_axis',(-0.707106781186548,-1.73516750835589E-18,
-0.707106781186548));
#8053=DIRECTION('ref_axis',(-1.22694871165302E-18,1.,-1.22694871165302E-18));
#8054=DIRECTION('',(0.577350269189626,0.577350269189626,-0.577350269189626));
#8055=DIRECTION('',(0.,1.,0.));
#8056=DIRECTION('center_axis',(1.73516750835589E-18,-0.707106781186548,
-0.707106781186548));
#8057=DIRECTION('ref_axis',(-1.,-1.22694871165302E-18,-1.22694871165302E-18));
#8058=DIRECTION('',(1.,0.,0.));
#8059=DIRECTION('center_axis',(-1.73516750835589E-18,-0.707106781186548,
0.707106781186548));
#8060=DIRECTION('ref_axis',(-1.,1.22694871165302E-18,-1.22694871165302E-18));
#8061=DIRECTION('',(0.577350269189626,-0.577350269189626,-0.577350269189626));
#8062=DIRECTION('',(-0.577350269189626,-0.577350269189626,-0.577350269189626));
#8063=DIRECTION('',(1.,0.,0.));
#8064=DIRECTION('center_axis',(-0.707106781186548,-1.73516750835589E-18,
-0.707106781186548));
#8065=DIRECTION('ref_axis',(-1.22694871165302E-18,1.,-1.22694871165302E-18));
#8066=DIRECTION('',(0.577350269189626,0.577350269189626,-0.577350269189626));
#8067=DIRECTION('',(0.,1.,0.));
#8068=DIRECTION('center_axis',(1.73516750835589E-18,-0.707106781186548,
-0.707106781186548));
#8069=DIRECTION('ref_axis',(-1.,-1.22694871165302E-18,-1.22694871165302E-18));
#8070=DIRECTION('',(1.,0.,0.));
#8071=DIRECTION('',(-0.577350269189626,0.577350269189626,-0.577350269189626));
#8072=DIRECTION('center_axis',(-0.707106781186548,1.73516750835589E-18,
0.707106781186548));
#8073=DIRECTION('ref_axis',(1.22694871165302E-18,1.,-1.22694871165302E-18));
#8074=DIRECTION('',(0.,1.,0.));
#8075=DIRECTION('center_axis',(1.73516750835589E-18,0.707106781186548,0.707106781186548));
#8076=DIRECTION('ref_axis',(-1.,1.22694871165302E-18,1.22694871165302E-18));
#8077=DIRECTION('',(0.577350269189626,-0.577350269189626,0.577350269189626));
#8078=DIRECTION('',(1.,0.,0.));
#8079=DIRECTION('',(-0.577350269189626,-0.577350269189626,0.577350269189626));
#8080=DIRECTION('center_axis',(0.707106781186548,1.73516750835589E-18,-0.707106781186548));
#8081=DIRECTION('ref_axis',(-1.22694871165302E-18,1.,1.22694871165302E-18));
#8082=DIRECTION('',(0.577350269189626,0.577350269189626,0.577350269189626));
#8083=DIRECTION('',(0.,1.,0.));
#8084=DIRECTION('center_axis',(-1.73516750835589E-18,0.707106781186548,
-0.707106781186548));
#8085=DIRECTION('ref_axis',(-1.,-1.22694871165302E-18,1.22694871165302E-18));
#8086=DIRECTION('',(-0.577350269189626,0.577350269189626,0.577350269189626));
#8087=DIRECTION('',(1.,0.,0.));
#8088=DIRECTION('center_axis',(0.707106781186548,-1.73516750835589E-18,
0.707106781186548));
#8089=DIRECTION('ref_axis',(1.22694871165302E-18,1.,1.22694871165302E-18));
#8090=DIRECTION('',(0.,1.,0.));
#8091=DIRECTION('center_axis',(0.707106781186548,-1.73516750835589E-18,
0.707106781186548));
#8092=DIRECTION('ref_axis',(1.22694871165302E-18,1.,1.22694871165302E-18));
#8093=DIRECTION('',(-0.577350269189626,0.577350269189626,0.577350269189626));
#8094=DIRECTION('',(-0.577350269189626,-0.577350269189626,0.577350269189626));
#8095=DIRECTION('',(0.,1.,0.));
#8096=DIRECTION('center_axis',(1.73516750835589E-18,0.707106781186548,0.707106781186548));
#8097=DIRECTION('ref_axis',(-1.,1.22694871165302E-18,1.22694871165302E-18));
#8098=DIRECTION('',(0.577350269189626,-0.577350269189626,0.577350269189626));
#8099=DIRECTION('',(1.,0.,0.));
#8100=DIRECTION('center_axis',(0.707106781186548,1.73516750835589E-18,-0.707106781186548));
#8101=DIRECTION('ref_axis',(-1.22694871165302E-18,1.,1.22694871165302E-18));
#8102=DIRECTION('',(0.577350269189626,0.577350269189626,0.577350269189626));
#8103=DIRECTION('',(0.,1.,0.));
#8104=DIRECTION('center_axis',(-1.73516750835589E-18,0.707106781186548,
-0.707106781186548));
#8105=DIRECTION('ref_axis',(-1.,-1.22694871165302E-18,1.22694871165302E-18));
#8106=DIRECTION('',(1.,0.,0.));
#8107=DIRECTION('center_axis',(0.707106781186548,-1.73516750835589E-18,
0.707106781186548));
#8108=DIRECTION('ref_axis',(1.22694871165302E-18,1.,1.22694871165302E-18));
#8109=DIRECTION('',(-0.577350269189626,0.577350269189626,0.577350269189626));
#8110=DIRECTION('',(-0.577350269189626,-0.577350269189626,0.577350269189626));
#8111=DIRECTION('',(0.,1.,0.));
#8112=DIRECTION('center_axis',(1.73516750835589E-18,0.707106781186548,0.707106781186548));
#8113=DIRECTION('ref_axis',(-1.,1.22694871165302E-18,1.22694871165302E-18));
#8114=DIRECTION('',(0.577350269189626,-0.577350269189626,0.577350269189626));
#8115=DIRECTION('',(1.,0.,0.));
#8116=DIRECTION('center_axis',(0.707106781186548,1.73516750835589E-18,-0.707106781186548));
#8117=DIRECTION('ref_axis',(-1.22694871165302E-18,1.,1.22694871165302E-18));
#8118=DIRECTION('',(0.577350269189626,0.577350269189626,0.577350269189626));
#8119=DIRECTION('',(0.,1.,0.));
#8120=DIRECTION('center_axis',(-1.73516750835589E-18,0.707106781186548,
-0.707106781186548));
#8121=DIRECTION('ref_axis',(-1.,-1.22694871165302E-18,1.22694871165302E-18));
#8122=DIRECTION('',(1.,0.,0.));
#8123=DIRECTION('center_axis',(1.73516750835589E-18,0.707106781186548,0.707106781186548));
#8124=DIRECTION('ref_axis',(-1.,1.22694871165302E-18,1.22694871165302E-18));
#8125=DIRECTION('',(0.577350269189626,-0.577350269189626,0.577350269189626));
#8126=DIRECTION('',(1.,0.,0.));
#8127=DIRECTION('',(-0.577350269189626,-0.577350269189626,0.577350269189626));
#8128=DIRECTION('center_axis',(0.707106781186548,1.73516750835589E-18,-0.707106781186548));
#8129=DIRECTION('ref_axis',(-1.22694871165302E-18,1.,1.22694871165302E-18));
#8130=DIRECTION('',(0.577350269189626,0.577350269189626,0.577350269189626));
#8131=DIRECTION('',(0.,1.,0.));
#8132=DIRECTION('center_axis',(-1.73516750835589E-18,0.707106781186548,
-0.707106781186548));
#8133=DIRECTION('ref_axis',(-1.,-1.22694871165302E-18,1.22694871165302E-18));
#8134=DIRECTION('',(-0.577350269189626,0.577350269189626,0.577350269189626));
#8135=DIRECTION('',(1.,0.,0.));
#8136=DIRECTION('center_axis',(0.707106781186548,-1.73516750835589E-18,
0.707106781186548));
#8137=DIRECTION('ref_axis',(1.22694871165302E-18,1.,1.22694871165302E-18));
#8138=DIRECTION('',(0.,1.,0.));
#8139=DIRECTION('center_axis',(0.,0.,1.));
#8140=DIRECTION('ref_axis',(1.,0.,0.));
#8141=DIRECTION('center_axis',(0.,0.,1.));
#8142=DIRECTION('ref_axis',(1.,0.,0.));
#8143=DIRECTION('center_axis',(0.,0.,1.));
#8144=DIRECTION('ref_axis',(1.,0.,0.));
#8145=DIRECTION('center_axis',(0.,0.,1.));
#8146=DIRECTION('ref_axis',(1.,0.,0.));
#8147=DIRECTION('center_axis',(0.,0.,1.));
#8148=DIRECTION('ref_axis',(1.,0.,0.));
#8149=DIRECTION('center_axis',(0.,0.,1.));
#8150=DIRECTION('ref_axis',(1.,0.,0.));
#8151=DIRECTION('center_axis',(0.,0.,1.));
#8152=DIRECTION('ref_axis',(1.,0.,0.));
#8153=DIRECTION('center_axis',(0.,0.,1.));
#8154=DIRECTION('ref_axis',(1.,0.,0.));
#8155=DIRECTION('',(1.24900090270329E-15,0.999999999999999,5.82867087928207E-15));
#8156=DIRECTION('',(-2.78321074067953E-16,-9.77333698686822E-15,-0.999999999999999));
#8157=DIRECTION('axis',(0.,0.,1.));
#8158=DIRECTION('refdir',(1.,0.,0.));
#8159=DIRECTION('axis',(0.,0.,1.));
#8160=DIRECTION('refdir',(1.,0.,0.));
#8161=DIRECTION('center_axis',(0.,-1.,0.));
#8162=DIRECTION('ref_axis',(-1.,0.,0.));
#8163=DIRECTION('',(0.,0.,1.));
#8164=DIRECTION('',(-1.,0.,0.));
#8165=DIRECTION('',(0.,0.,1.));
#8166=DIRECTION('',(-1.,0.,0.));
#8167=DIRECTION('center_axis',(1.,0.,0.));
#8168=DIRECTION('ref_axis',(0.,-1.,0.));
#8169=DIRECTION('',(0.,0.,1.));
#8170=DIRECTION('',(0.,-1.,0.));
#8171=DIRECTION('',(0.,-1.,0.));
#8172=DIRECTION('center_axis',(-1.,0.,0.));
#8173=DIRECTION('ref_axis',(0.,1.,0.));
#8174=DIRECTION('',(0.,1.,0.));
#8175=DIRECTION('',(0.,0.,1.));
#8176=DIRECTION('',(0.,1.,0.));
#8177=DIRECTION('center_axis',(0.,0.,1.));
#8178=DIRECTION('ref_axis',(1.,0.,0.));
#8179=DIRECTION('',(1.,0.,0.));
#8180=DIRECTION('center_axis',(0.,0.,-1.));
#8181=DIRECTION('ref_axis',(0.,-1.,0.));
#8182=DIRECTION('center_axis',(0.,0.,-1.));
#8183=DIRECTION('ref_axis',(0.,-1.,0.));
#8184=DIRECTION('center_axis',(0.,0.,-1.));
#8185=DIRECTION('ref_axis',(0.,-1.,0.));
#8186=DIRECTION('center_axis',(0.,0.,-1.));
#8187=DIRECTION('ref_axis',(0.,-1.,0.));
#8188=DIRECTION('center_axis',(0.,0.,-1.));
#8189=DIRECTION('ref_axis',(0.,-1.,0.));
#8190=DIRECTION('center_axis',(0.,0.,-1.));
#8191=DIRECTION('ref_axis',(0.,-1.,0.));
#8192=DIRECTION('center_axis',(0.,0.,-1.));
#8193=DIRECTION('ref_axis',(0.,-1.,0.));
#8194=DIRECTION('center_axis',(0.,0.,-1.));
#8195=DIRECTION('ref_axis',(0.,-1.,0.));
#8196=DIRECTION('center_axis',(0.,0.,-1.));
#8197=DIRECTION('ref_axis',(0.,-1.,0.));
#8198=DIRECTION('center_axis',(0.,0.,-1.));
#8199=DIRECTION('ref_axis',(0.,-1.,0.));
#8200=DIRECTION('center_axis',(0.,0.,-1.));
#8201=DIRECTION('ref_axis',(0.,-1.,0.));
#8202=DIRECTION('center_axis',(0.,0.,-1.));
#8203=DIRECTION('ref_axis',(0.,-1.,0.));
#8204=DIRECTION('center_axis',(0.,0.,-1.));
#8205=DIRECTION('ref_axis',(0.,-1.,0.));
#8206=DIRECTION('center_axis',(0.,0.,-1.));
#8207=DIRECTION('ref_axis',(0.,-1.,0.));
#8208=DIRECTION('center_axis',(0.,0.,-1.));
#8209=DIRECTION('ref_axis',(0.,-1.,0.));
#8210=DIRECTION('center_axis',(0.,0.,-1.));
#8211=DIRECTION('ref_axis',(0.,-1.,0.));
#8212=DIRECTION('center_axis',(0.,0.,-1.));
#8213=DIRECTION('ref_axis',(0.,-1.,0.));
#8214=DIRECTION('center_axis',(0.,0.,-1.));
#8215=DIRECTION('ref_axis',(0.,-1.,0.));
#8216=DIRECTION('center_axis',(0.,0.,-1.));
#8217=DIRECTION('ref_axis',(0.,-1.,0.));
#8218=DIRECTION('center_axis',(0.,0.,-1.));
#8219=DIRECTION('ref_axis',(0.,-1.,0.));
#8220=DIRECTION('center_axis',(0.,0.,-1.));
#8221=DIRECTION('ref_axis',(0.,-1.,0.));
#8222=DIRECTION('center_axis',(0.,0.,-1.));
#8223=DIRECTION('ref_axis',(3.5527136788E-14,-1.,0.));
#8224=DIRECTION('center_axis',(0.,0.,-1.));
#8225=DIRECTION('ref_axis',(3.5527136788E-14,-1.,0.));
#8226=DIRECTION('center_axis',(0.,0.,-1.));
#8227=DIRECTION('ref_axis',(3.5527136788E-14,-1.,0.));
#8228=DIRECTION('center_axis',(0.,0.,-1.));
#8229=DIRECTION('ref_axis',(3.5527136788E-14,-1.,0.));
#8230=DIRECTION('center_axis',(0.,0.,-1.));
#8231=DIRECTION('ref_axis',(3.5527136788E-14,-1.,0.));
#8232=DIRECTION('center_axis',(0.,0.,-1.));
#8233=DIRECTION('ref_axis',(3.5527136788E-14,-1.,0.));
#8234=DIRECTION('center_axis',(0.,0.,-1.));
#8235=DIRECTION('ref_axis',(3.5527136788E-14,-1.,0.));
#8236=DIRECTION('center_axis',(0.,0.,-1.));
#8237=DIRECTION('ref_axis',(3.5527136788E-14,-1.,0.));
#8238=DIRECTION('center_axis',(0.,0.,-1.));
#8239=DIRECTION('ref_axis',(3.5527136788E-14,-1.,0.));
#8240=DIRECTION('center_axis',(0.,0.,-1.));
#8241=DIRECTION('ref_axis',(3.5527136788E-14,-1.,0.));
#8242=DIRECTION('center_axis',(0.,0.,-1.));
#8243=DIRECTION('ref_axis',(3.5527136788E-14,-1.,0.));
#8244=DIRECTION('center_axis',(0.,0.,-1.));
#8245=DIRECTION('ref_axis',(3.5527136788E-14,-1.,0.));
#8246=DIRECTION('center_axis',(0.,0.,-1.));
#8247=DIRECTION('ref_axis',(3.5527136788E-14,-1.,0.));
#8248=DIRECTION('center_axis',(0.,0.,-1.));
#8249=DIRECTION('ref_axis',(3.5527136788E-14,-1.,0.));
#8250=DIRECTION('center_axis',(0.,0.,-1.));
#8251=DIRECTION('ref_axis',(3.5527136788E-14,-1.,0.));
#8252=DIRECTION('center_axis',(0.,0.,-1.));
#8253=DIRECTION('ref_axis',(3.5527136788E-14,-1.,0.));
#8254=DIRECTION('center_axis',(0.,0.,-1.));
#8255=DIRECTION('ref_axis',(3.5527136788E-14,-1.,0.));
#8256=DIRECTION('center_axis',(0.,0.,-1.));
#8257=DIRECTION('ref_axis',(3.5527136788E-14,-1.,0.));
#8258=DIRECTION('center_axis',(0.,0.,-1.));
#8259=DIRECTION('ref_axis',(0.,-1.,0.));
#8260=DIRECTION('center_axis',(0.,0.,-1.));
#8261=DIRECTION('ref_axis',(0.,-1.,0.));
#8262=DIRECTION('center_axis',(0.,0.,-1.));
#8263=DIRECTION('ref_axis',(0.,-1.,0.));
#8264=DIRECTION('center_axis',(0.,0.,-1.));
#8265=DIRECTION('ref_axis',(-1.671865260612E-14,-1.,0.));
#8266=DIRECTION('center_axis',(0.,0.,-1.));
#8267=DIRECTION('ref_axis',(0.,-1.,0.));
#8268=DIRECTION('center_axis',(0.,0.,-1.));
#8269=DIRECTION('ref_axis',(0.,-1.,0.));
#8270=DIRECTION('center_axis',(0.,0.,-1.));
#8271=DIRECTION('ref_axis',(0.,-1.,0.));
#8272=DIRECTION('center_axis',(0.,0.,-1.));
#8273=DIRECTION('ref_axis',(0.,-1.,0.));
#8274=DIRECTION('center_axis',(0.,0.,-1.));
#8275=DIRECTION('ref_axis',(0.,-1.,0.));
#8276=DIRECTION('center_axis',(0.,0.,-1.));
#8277=DIRECTION('ref_axis',(0.,-1.,0.));
#8278=DIRECTION('center_axis',(0.,0.,-1.));
#8279=DIRECTION('ref_axis',(0.,-1.,0.));
#8280=DIRECTION('center_axis',(0.,0.,-1.));
#8281=DIRECTION('ref_axis',(0.,-1.,0.));
#8282=DIRECTION('center_axis',(0.,0.,-1.));
#8283=DIRECTION('ref_axis',(0.,-1.,0.));
#8284=DIRECTION('center_axis',(0.,0.,-1.));
#8285=DIRECTION('ref_axis',(0.,-1.,0.));
#8286=DIRECTION('center_axis',(0.,0.,-1.));
#8287=DIRECTION('ref_axis',(0.,-1.,0.));
#8288=DIRECTION('center_axis',(0.,0.,-1.));
#8289=DIRECTION('ref_axis',(0.,-1.,0.));
#8290=DIRECTION('center_axis',(0.,0.,-1.));
#8291=DIRECTION('ref_axis',(0.,-1.,0.));
#8292=DIRECTION('center_axis',(0.,0.,-1.));
#8293=DIRECTION('ref_axis',(0.,-1.,0.));
#8294=DIRECTION('center_axis',(0.,0.,-1.));
#8295=DIRECTION('ref_axis',(0.,-1.,0.));
#8296=DIRECTION('center_axis',(0.,0.,-1.));
#8297=DIRECTION('ref_axis',(0.,-1.,0.));
#8298=DIRECTION('center_axis',(0.,0.,-1.));
#8299=DIRECTION('ref_axis',(0.,-1.,0.));
#8300=DIRECTION('center_axis',(0.,0.,-1.));
#8301=DIRECTION('ref_axis',(0.,-1.,0.));
#8302=DIRECTION('center_axis',(0.,0.,-1.));
#8303=DIRECTION('ref_axis',(0.,-1.,0.));
#8304=DIRECTION('center_axis',(0.,0.,-1.));
#8305=DIRECTION('ref_axis',(0.,-1.,0.));
#8306=DIRECTION('center_axis',(0.,0.,-1.));
#8307=DIRECTION('ref_axis',(0.,-1.,0.));
#8308=DIRECTION('center_axis',(0.,0.,-1.));
#8309=DIRECTION('ref_axis',(0.,-1.,0.));
#8310=DIRECTION('center_axis',(0.,0.,-1.));
#8311=DIRECTION('ref_axis',(0.,-1.,0.));
#8312=DIRECTION('center_axis',(0.,0.,-1.));
#8313=DIRECTION('ref_axis',(0.,-1.,0.));
#8314=DIRECTION('center_axis',(0.,0.,-1.));
#8315=DIRECTION('ref_axis',(-1.671865260612E-14,-1.,0.));
#8316=DIRECTION('center_axis',(0.,0.,-1.));
#8317=DIRECTION('ref_axis',(0.,-1.,0.));
#8318=DIRECTION('center_axis',(0.,0.,-1.));
#8319=DIRECTION('ref_axis',(0.,-1.,0.));
#8320=DIRECTION('center_axis',(0.,0.,-1.));
#8321=DIRECTION('ref_axis',(0.,-1.,0.));
#8322=DIRECTION('center_axis',(0.,0.,-1.));
#8323=DIRECTION('ref_axis',(0.,-1.,0.));
#8324=DIRECTION('center_axis',(0.,0.,-1.));
#8325=DIRECTION('ref_axis',(0.,-1.,0.));
#8326=DIRECTION('center_axis',(0.,0.,-1.));
#8327=DIRECTION('ref_axis',(0.,-1.,0.));
#8328=DIRECTION('center_axis',(0.,0.,-1.));
#8329=DIRECTION('ref_axis',(0.,-1.,0.));
#8330=DIRECTION('center_axis',(0.,0.,-1.));
#8331=DIRECTION('ref_axis',(0.,-1.,0.));
#8332=DIRECTION('center_axis',(0.,0.,-1.));
#8333=DIRECTION('ref_axis',(-1.671865260612E-14,-1.,0.));
#8334=DIRECTION('center_axis',(0.,0.,-1.));
#8335=DIRECTION('ref_axis',(0.,-1.,0.));
#8336=DIRECTION('center_axis',(0.,0.,-1.));
#8337=DIRECTION('ref_axis',(0.,-1.,0.));
#8338=DIRECTION('center_axis',(0.,0.,-1.));
#8339=DIRECTION('ref_axis',(0.,-1.,0.));
#8340=DIRECTION('center_axis',(0.,0.,-1.));
#8341=DIRECTION('ref_axis',(0.,-1.,0.));
#8342=DIRECTION('center_axis',(0.,0.,1.));
#8343=DIRECTION('ref_axis',(1.,0.,0.));
#8344=DIRECTION('',(1.,0.,0.));
#8345=DIRECTION('center_axis',(0.,0.,-1.));
#8346=DIRECTION('ref_axis',(0.,-1.,0.));
#8347=DIRECTION('center_axis',(0.,0.,-1.));
#8348=DIRECTION('ref_axis',(0.,-1.,0.));
#8349=DIRECTION('center_axis',(0.,0.,-1.));
#8350=DIRECTION('ref_axis',(0.,-1.,0.));
#8351=DIRECTION('center_axis',(0.,0.,-1.));
#8352=DIRECTION('ref_axis',(0.,-1.,0.));
#8353=DIRECTION('center_axis',(0.,0.,-1.));
#8354=DIRECTION('ref_axis',(0.,-1.,0.));
#8355=DIRECTION('center_axis',(0.,0.,-1.));
#8356=DIRECTION('ref_axis',(0.,-1.,0.));
#8357=DIRECTION('center_axis',(0.,0.,-1.));
#8358=DIRECTION('ref_axis',(0.,-1.,0.));
#8359=DIRECTION('center_axis',(0.,0.,-1.));
#8360=DIRECTION('ref_axis',(0.,-1.,0.));
#8361=DIRECTION('center_axis',(0.,0.,-1.));
#8362=DIRECTION('ref_axis',(0.,-1.,0.));
#8363=DIRECTION('center_axis',(0.,0.,-1.));
#8364=DIRECTION('ref_axis',(0.,-1.,0.));
#8365=DIRECTION('center_axis',(0.,0.,-1.));
#8366=DIRECTION('ref_axis',(0.,-1.,0.));
#8367=DIRECTION('center_axis',(0.,0.,-1.));
#8368=DIRECTION('ref_axis',(0.,-1.,0.));
#8369=DIRECTION('center_axis',(0.,0.,-1.));
#8370=DIRECTION('ref_axis',(0.,-1.,0.));
#8371=DIRECTION('center_axis',(0.,0.,-1.));
#8372=DIRECTION('ref_axis',(0.,-1.,0.));
#8373=DIRECTION('center_axis',(0.,0.,-1.));
#8374=DIRECTION('ref_axis',(0.,-1.,0.));
#8375=DIRECTION('center_axis',(0.,0.,-1.));
#8376=DIRECTION('ref_axis',(0.,-1.,0.));
#8377=DIRECTION('center_axis',(0.,0.,-1.));
#8378=DIRECTION('ref_axis',(0.,-1.,0.));
#8379=DIRECTION('center_axis',(0.,0.,-1.));
#8380=DIRECTION('ref_axis',(0.,-1.,0.));
#8381=DIRECTION('center_axis',(0.,0.,-1.));
#8382=DIRECTION('ref_axis',(0.,-1.,0.));
#8383=DIRECTION('center_axis',(0.,0.,-1.));
#8384=DIRECTION('ref_axis',(0.,-1.,0.));
#8385=DIRECTION('center_axis',(0.,0.,-1.));
#8386=DIRECTION('ref_axis',(0.,-1.,0.));
#8387=DIRECTION('center_axis',(0.,0.,-1.));
#8388=DIRECTION('ref_axis',(3.5527136788E-14,-1.,0.));
#8389=DIRECTION('center_axis',(0.,0.,-1.));
#8390=DIRECTION('ref_axis',(3.5527136788E-14,-1.,0.));
#8391=DIRECTION('center_axis',(0.,0.,-1.));
#8392=DIRECTION('ref_axis',(3.5527136788E-14,-1.,0.));
#8393=DIRECTION('center_axis',(0.,0.,-1.));
#8394=DIRECTION('ref_axis',(3.5527136788E-14,-1.,0.));
#8395=DIRECTION('center_axis',(0.,0.,-1.));
#8396=DIRECTION('ref_axis',(3.5527136788E-14,-1.,0.));
#8397=DIRECTION('center_axis',(0.,0.,-1.));
#8398=DIRECTION('ref_axis',(3.5527136788E-14,-1.,0.));
#8399=DIRECTION('center_axis',(0.,0.,-1.));
#8400=DIRECTION('ref_axis',(3.5527136788E-14,-1.,0.));
#8401=DIRECTION('center_axis',(0.,0.,-1.));
#8402=DIRECTION('ref_axis',(3.5527136788E-14,-1.,0.));
#8403=DIRECTION('center_axis',(0.,0.,-1.));
#8404=DIRECTION('ref_axis',(3.5527136788E-14,-1.,0.));
#8405=DIRECTION('center_axis',(0.,0.,-1.));
#8406=DIRECTION('ref_axis',(3.5527136788E-14,-1.,0.));
#8407=DIRECTION('center_axis',(0.,0.,-1.));
#8408=DIRECTION('ref_axis',(3.5527136788E-14,-1.,0.));
#8409=DIRECTION('center_axis',(0.,0.,-1.));
#8410=DIRECTION('ref_axis',(3.5527136788E-14,-1.,0.));
#8411=DIRECTION('center_axis',(0.,0.,-1.));
#8412=DIRECTION('ref_axis',(3.5527136788E-14,-1.,0.));
#8413=DIRECTION('center_axis',(0.,0.,-1.));
#8414=DIRECTION('ref_axis',(3.5527136788E-14,-1.,0.));
#8415=DIRECTION('center_axis',(0.,0.,-1.));
#8416=DIRECTION('ref_axis',(3.5527136788E-14,-1.,0.));
#8417=DIRECTION('center_axis',(0.,0.,-1.));
#8418=DIRECTION('ref_axis',(3.5527136788E-14,-1.,0.));
#8419=DIRECTION('center_axis',(0.,0.,-1.));
#8420=DIRECTION('ref_axis',(3.5527136788E-14,-1.,0.));
#8421=DIRECTION('center_axis',(0.,0.,-1.));
#8422=DIRECTION('ref_axis',(3.5527136788E-14,-1.,0.));
#8423=DIRECTION('center_axis',(0.,0.,-1.));
#8424=DIRECTION('ref_axis',(0.,-1.,0.));
#8425=DIRECTION('center_axis',(0.,0.,-1.));
#8426=DIRECTION('ref_axis',(0.,-1.,0.));
#8427=DIRECTION('center_axis',(0.,0.,-1.));
#8428=DIRECTION('ref_axis',(0.,-1.,0.));
#8429=DIRECTION('center_axis',(0.,0.,-1.));
#8430=DIRECTION('ref_axis',(-1.671865260612E-14,-1.,0.));
#8431=DIRECTION('center_axis',(0.,0.,-1.));
#8432=DIRECTION('ref_axis',(0.,-1.,0.));
#8433=DIRECTION('center_axis',(0.,0.,-1.));
#8434=DIRECTION('ref_axis',(0.,-1.,0.));
#8435=DIRECTION('center_axis',(0.,0.,-1.));
#8436=DIRECTION('ref_axis',(0.,-1.,0.));
#8437=DIRECTION('center_axis',(0.,0.,-1.));
#8438=DIRECTION('ref_axis',(0.,-1.,0.));
#8439=DIRECTION('center_axis',(0.,0.,-1.));
#8440=DIRECTION('ref_axis',(0.,-1.,0.));
#8441=DIRECTION('center_axis',(0.,0.,-1.));
#8442=DIRECTION('ref_axis',(0.,-1.,0.));
#8443=DIRECTION('center_axis',(0.,0.,-1.));
#8444=DIRECTION('ref_axis',(0.,-1.,0.));
#8445=DIRECTION('center_axis',(0.,0.,-1.));
#8446=DIRECTION('ref_axis',(0.,-1.,0.));
#8447=DIRECTION('center_axis',(0.,0.,-1.));
#8448=DIRECTION('ref_axis',(0.,-1.,0.));
#8449=DIRECTION('center_axis',(0.,0.,-1.));
#8450=DIRECTION('ref_axis',(0.,-1.,0.));
#8451=DIRECTION('center_axis',(0.,0.,-1.));
#8452=DIRECTION('ref_axis',(0.,-1.,0.));
#8453=DIRECTION('center_axis',(0.,0.,-1.));
#8454=DIRECTION('ref_axis',(0.,-1.,0.));
#8455=DIRECTION('center_axis',(0.,0.,-1.));
#8456=DIRECTION('ref_axis',(0.,-1.,0.));
#8457=DIRECTION('center_axis',(0.,0.,-1.));
#8458=DIRECTION('ref_axis',(0.,-1.,0.));
#8459=DIRECTION('center_axis',(0.,0.,-1.));
#8460=DIRECTION('ref_axis',(0.,-1.,0.));
#8461=DIRECTION('center_axis',(0.,0.,-1.));
#8462=DIRECTION('ref_axis',(0.,-1.,0.));
#8463=DIRECTION('center_axis',(0.,0.,-1.));
#8464=DIRECTION('ref_axis',(0.,-1.,0.));
#8465=DIRECTION('center_axis',(0.,0.,-1.));
#8466=DIRECTION('ref_axis',(0.,-1.,0.));
#8467=DIRECTION('center_axis',(0.,0.,-1.));
#8468=DIRECTION('ref_axis',(0.,-1.,0.));
#8469=DIRECTION('center_axis',(0.,0.,-1.));
#8470=DIRECTION('ref_axis',(0.,-1.,0.));
#8471=DIRECTION('center_axis',(0.,0.,-1.));
#8472=DIRECTION('ref_axis',(0.,-1.,0.));
#8473=DIRECTION('center_axis',(0.,0.,-1.));
#8474=DIRECTION('ref_axis',(0.,-1.,0.));
#8475=DIRECTION('center_axis',(0.,0.,-1.));
#8476=DIRECTION('ref_axis',(0.,-1.,0.));
#8477=DIRECTION('center_axis',(0.,0.,-1.));
#8478=DIRECTION('ref_axis',(0.,-1.,0.));
#8479=DIRECTION('center_axis',(0.,0.,-1.));
#8480=DIRECTION('ref_axis',(-1.671865260612E-14,-1.,0.));
#8481=DIRECTION('center_axis',(0.,0.,-1.));
#8482=DIRECTION('ref_axis',(0.,-1.,0.));
#8483=DIRECTION('center_axis',(0.,0.,-1.));
#8484=DIRECTION('ref_axis',(0.,-1.,0.));
#8485=DIRECTION('center_axis',(0.,0.,-1.));
#8486=DIRECTION('ref_axis',(0.,-1.,0.));
#8487=DIRECTION('center_axis',(0.,0.,-1.));
#8488=DIRECTION('ref_axis',(0.,-1.,0.));
#8489=DIRECTION('center_axis',(0.,0.,-1.));
#8490=DIRECTION('ref_axis',(0.,-1.,0.));
#8491=DIRECTION('center_axis',(0.,0.,-1.));
#8492=DIRECTION('ref_axis',(0.,-1.,0.));
#8493=DIRECTION('center_axis',(0.,0.,-1.));
#8494=DIRECTION('ref_axis',(0.,-1.,0.));
#8495=DIRECTION('center_axis',(0.,0.,-1.));
#8496=DIRECTION('ref_axis',(0.,-1.,0.));
#8497=DIRECTION('center_axis',(0.,0.,-1.));
#8498=DIRECTION('ref_axis',(-1.671865260612E-14,-1.,0.));
#8499=DIRECTION('center_axis',(0.,0.,-1.));
#8500=DIRECTION('ref_axis',(0.,-1.,0.));
#8501=DIRECTION('center_axis',(0.,0.,-1.));
#8502=DIRECTION('ref_axis',(0.,-1.,0.));
#8503=DIRECTION('center_axis',(0.,0.,-1.));
#8504=DIRECTION('ref_axis',(0.,-1.,0.));
#8505=DIRECTION('center_axis',(0.,0.,-1.));
#8506=DIRECTION('ref_axis',(0.,-1.,0.));
#8507=DIRECTION('center_axis',(0.,1.,0.));
#8508=DIRECTION('ref_axis',(1.,0.,0.));
#8509=DIRECTION('center_axis',(0.,0.,-1.));
#8510=DIRECTION('ref_axis',(0.,-1.,0.));
#8511=DIRECTION('',(0.,0.,-1.));
#8512=DIRECTION('center_axis',(0.,0.,-1.));
#8513=DIRECTION('ref_axis',(0.,-1.,0.));
#8514=DIRECTION('',(0.,0.,-1.));
#8515=DIRECTION('center_axis',(0.,0.,-1.));
#8516=DIRECTION('ref_axis',(0.,-1.,0.));
#8517=DIRECTION('',(0.,0.,-1.));
#8518=DIRECTION('center_axis',(0.,0.,-1.));
#8519=DIRECTION('ref_axis',(0.,-1.,0.));
#8520=DIRECTION('',(0.,0.,-1.));
#8521=DIRECTION('center_axis',(0.,0.,-1.));
#8522=DIRECTION('ref_axis',(0.,-1.,0.));
#8523=DIRECTION('',(0.,0.,-1.));
#8524=DIRECTION('center_axis',(0.,0.,-1.));
#8525=DIRECTION('ref_axis',(0.,-1.,0.));
#8526=DIRECTION('',(0.,0.,-1.));
#8527=DIRECTION('center_axis',(0.,0.,-1.));
#8528=DIRECTION('ref_axis',(0.,-1.,0.));
#8529=DIRECTION('',(0.,0.,-1.));
#8530=DIRECTION('center_axis',(0.,0.,-1.));
#8531=DIRECTION('ref_axis',(0.,-1.,0.));
#8532=DIRECTION('',(0.,0.,-1.));
#8533=DIRECTION('center_axis',(0.,0.,-1.));
#8534=DIRECTION('ref_axis',(0.,-1.,0.));
#8535=DIRECTION('',(0.,0.,-1.));
#8536=DIRECTION('center_axis',(0.,0.,-1.));
#8537=DIRECTION('ref_axis',(0.,-1.,0.));
#8538=DIRECTION('',(0.,0.,-1.));
#8539=DIRECTION('center_axis',(0.,0.,-1.));
#8540=DIRECTION('ref_axis',(0.,-1.,0.));
#8541=DIRECTION('',(0.,0.,-1.));
#8542=DIRECTION('center_axis',(0.,0.,-1.));
#8543=DIRECTION('ref_axis',(0.,-1.,0.));
#8544=DIRECTION('',(0.,0.,-1.));
#8545=DIRECTION('center_axis',(0.,0.,-1.));
#8546=DIRECTION('ref_axis',(0.,-1.,0.));
#8547=DIRECTION('',(0.,0.,-1.));
#8548=DIRECTION('center_axis',(0.,0.,-1.));
#8549=DIRECTION('ref_axis',(0.,-1.,0.));
#8550=DIRECTION('',(0.,0.,-1.));
#8551=DIRECTION('center_axis',(0.,0.,-1.));
#8552=DIRECTION('ref_axis',(0.,-1.,0.));
#8553=DIRECTION('',(0.,0.,-1.));
#8554=DIRECTION('center_axis',(0.,0.,-1.));
#8555=DIRECTION('ref_axis',(0.,-1.,0.));
#8556=DIRECTION('',(0.,0.,-1.));
#8557=DIRECTION('center_axis',(0.,0.,-1.));
#8558=DIRECTION('ref_axis',(0.,-1.,0.));
#8559=DIRECTION('',(0.,0.,-1.));
#8560=DIRECTION('center_axis',(0.,0.,-1.));
#8561=DIRECTION('ref_axis',(0.,-1.,0.));
#8562=DIRECTION('',(0.,0.,-1.));
#8563=DIRECTION('center_axis',(0.,0.,-1.));
#8564=DIRECTION('ref_axis',(0.,-1.,0.));
#8565=DIRECTION('',(0.,0.,-1.));
#8566=DIRECTION('center_axis',(0.,0.,-1.));
#8567=DIRECTION('ref_axis',(0.,-1.,0.));
#8568=DIRECTION('',(0.,0.,-1.));
#8569=DIRECTION('center_axis',(0.,0.,-1.));
#8570=DIRECTION('ref_axis',(0.,-1.,0.));
#8571=DIRECTION('',(0.,0.,-1.));
#8572=DIRECTION('center_axis',(0.,0.,-1.));
#8573=DIRECTION('ref_axis',(3.5527136788E-14,-1.,0.));
#8574=DIRECTION('',(0.,0.,-1.));
#8575=DIRECTION('center_axis',(0.,0.,-1.));
#8576=DIRECTION('ref_axis',(3.5527136788E-14,-1.,0.));
#8577=DIRECTION('',(0.,0.,-1.));
#8578=DIRECTION('center_axis',(0.,0.,-1.));
#8579=DIRECTION('ref_axis',(3.5527136788E-14,-1.,0.));
#8580=DIRECTION('',(0.,0.,-1.));
#8581=DIRECTION('center_axis',(0.,0.,-1.));
#8582=DIRECTION('ref_axis',(3.5527136788E-14,-1.,0.));
#8583=DIRECTION('',(0.,0.,-1.));
#8584=DIRECTION('center_axis',(0.,0.,-1.));
#8585=DIRECTION('ref_axis',(3.5527136788E-14,-1.,0.));
#8586=DIRECTION('',(0.,0.,-1.));
#8587=DIRECTION('center_axis',(0.,0.,-1.));
#8588=DIRECTION('ref_axis',(3.5527136788E-14,-1.,0.));
#8589=DIRECTION('',(0.,0.,-1.));
#8590=DIRECTION('center_axis',(0.,0.,-1.));
#8591=DIRECTION('ref_axis',(3.5527136788E-14,-1.,0.));
#8592=DIRECTION('',(0.,0.,-1.));
#8593=DIRECTION('center_axis',(0.,0.,-1.));
#8594=DIRECTION('ref_axis',(3.5527136788E-14,-1.,0.));
#8595=DIRECTION('',(0.,0.,-1.));
#8596=DIRECTION('center_axis',(0.,0.,-1.));
#8597=DIRECTION('ref_axis',(3.5527136788E-14,-1.,0.));
#8598=DIRECTION('',(0.,0.,-1.));
#8599=DIRECTION('center_axis',(0.,0.,-1.));
#8600=DIRECTION('ref_axis',(3.5527136788E-14,-1.,0.));
#8601=DIRECTION('',(0.,0.,-1.));
#8602=DIRECTION('center_axis',(0.,0.,-1.));
#8603=DIRECTION('ref_axis',(3.5527136788E-14,-1.,0.));
#8604=DIRECTION('',(0.,0.,-1.));
#8605=DIRECTION('center_axis',(0.,0.,-1.));
#8606=DIRECTION('ref_axis',(3.5527136788E-14,-1.,0.));
#8607=DIRECTION('',(0.,0.,-1.));
#8608=DIRECTION('center_axis',(0.,0.,-1.));
#8609=DIRECTION('ref_axis',(3.5527136788E-14,-1.,0.));
#8610=DIRECTION('',(0.,0.,-1.));
#8611=DIRECTION('center_axis',(0.,0.,-1.));
#8612=DIRECTION('ref_axis',(3.5527136788E-14,-1.,0.));
#8613=DIRECTION('',(0.,0.,-1.));
#8614=DIRECTION('center_axis',(0.,0.,-1.));
#8615=DIRECTION('ref_axis',(3.5527136788E-14,-1.,0.));
#8616=DIRECTION('',(0.,0.,-1.));
#8617=DIRECTION('center_axis',(0.,0.,-1.));
#8618=DIRECTION('ref_axis',(3.5527136788E-14,-1.,0.));
#8619=DIRECTION('',(0.,0.,-1.));
#8620=DIRECTION('center_axis',(0.,0.,-1.));
#8621=DIRECTION('ref_axis',(3.5527136788E-14,-1.,0.));
#8622=DIRECTION('',(0.,0.,-1.));
#8623=DIRECTION('center_axis',(0.,0.,-1.));
#8624=DIRECTION('ref_axis',(3.5527136788E-14,-1.,0.));
#8625=DIRECTION('',(0.,0.,-1.));
#8626=DIRECTION('center_axis',(0.,0.,-1.));
#8627=DIRECTION('ref_axis',(0.,-1.,0.));
#8628=DIRECTION('',(0.,0.,-1.));
#8629=DIRECTION('center_axis',(0.,0.,-1.));
#8630=DIRECTION('ref_axis',(0.,-1.,0.));
#8631=DIRECTION('',(0.,0.,-1.));
#8632=DIRECTION('center_axis',(0.,0.,-1.));
#8633=DIRECTION('ref_axis',(0.,-1.,0.));
#8634=DIRECTION('',(0.,0.,-1.));
#8635=DIRECTION('center_axis',(0.,0.,-1.));
#8636=DIRECTION('ref_axis',(-1.671865260612E-14,-1.,0.));
#8637=DIRECTION('',(0.,0.,-1.));
#8638=DIRECTION('center_axis',(0.,0.,-1.));
#8639=DIRECTION('ref_axis',(0.,-1.,0.));
#8640=DIRECTION('',(0.,0.,-1.));
#8641=DIRECTION('center_axis',(0.,0.,-1.));
#8642=DIRECTION('ref_axis',(0.,-1.,0.));
#8643=DIRECTION('',(0.,0.,-1.));
#8644=DIRECTION('center_axis',(0.,0.,-1.));
#8645=DIRECTION('ref_axis',(0.,-1.,0.));
#8646=DIRECTION('',(0.,0.,-1.));
#8647=DIRECTION('center_axis',(0.,0.,-1.));
#8648=DIRECTION('ref_axis',(0.,-1.,0.));
#8649=DIRECTION('',(0.,0.,-1.));
#8650=DIRECTION('center_axis',(0.,0.,-1.));
#8651=DIRECTION('ref_axis',(0.,-1.,0.));
#8652=DIRECTION('',(0.,0.,-1.));
#8653=DIRECTION('center_axis',(0.,0.,-1.));
#8654=DIRECTION('ref_axis',(0.,-1.,0.));
#8655=DIRECTION('',(0.,0.,-1.));
#8656=DIRECTION('center_axis',(0.,0.,-1.));
#8657=DIRECTION('ref_axis',(0.,-1.,0.));
#8658=DIRECTION('',(0.,0.,-1.));
#8659=DIRECTION('center_axis',(0.,0.,-1.));
#8660=DIRECTION('ref_axis',(0.,-1.,0.));
#8661=DIRECTION('',(0.,0.,-1.));
#8662=DIRECTION('center_axis',(0.,0.,-1.));
#8663=DIRECTION('ref_axis',(0.,-1.,0.));
#8664=DIRECTION('',(0.,0.,-1.));
#8665=DIRECTION('center_axis',(0.,0.,-1.));
#8666=DIRECTION('ref_axis',(0.,-1.,0.));
#8667=DIRECTION('',(0.,0.,-1.));
#8668=DIRECTION('center_axis',(0.,0.,-1.));
#8669=DIRECTION('ref_axis',(0.,-1.,0.));
#8670=DIRECTION('',(0.,0.,-1.));
#8671=DIRECTION('center_axis',(0.,0.,-1.));
#8672=DIRECTION('ref_axis',(0.,-1.,0.));
#8673=DIRECTION('',(0.,0.,-1.));
#8674=DIRECTION('center_axis',(0.,0.,-1.));
#8675=DIRECTION('ref_axis',(0.,-1.,0.));
#8676=DIRECTION('',(0.,0.,-1.));
#8677=DIRECTION('center_axis',(0.,0.,-1.));
#8678=DIRECTION('ref_axis',(0.,-1.,0.));
#8679=DIRECTION('',(0.,0.,-1.));
#8680=DIRECTION('center_axis',(0.,0.,-1.));
#8681=DIRECTION('ref_axis',(0.,-1.,0.));
#8682=DIRECTION('',(0.,0.,-1.));
#8683=DIRECTION('center_axis',(0.,0.,-1.));
#8684=DIRECTION('ref_axis',(0.,-1.,0.));
#8685=DIRECTION('',(0.,0.,-1.));
#8686=DIRECTION('center_axis',(0.,0.,-1.));
#8687=DIRECTION('ref_axis',(0.,-1.,0.));
#8688=DIRECTION('',(0.,0.,-1.));
#8689=DIRECTION('center_axis',(0.,0.,-1.));
#8690=DIRECTION('ref_axis',(0.,-1.,0.));
#8691=DIRECTION('',(0.,0.,-1.));
#8692=DIRECTION('center_axis',(0.,0.,-1.));
#8693=DIRECTION('ref_axis',(0.,-1.,0.));
#8694=DIRECTION('',(0.,0.,-1.));
#8695=DIRECTION('center_axis',(0.,0.,-1.));
#8696=DIRECTION('ref_axis',(0.,-1.,0.));
#8697=DIRECTION('',(0.,0.,-1.));
#8698=DIRECTION('center_axis',(0.,0.,-1.));
#8699=DIRECTION('ref_axis',(0.,-1.,0.));
#8700=DIRECTION('',(0.,0.,-1.));
#8701=DIRECTION('center_axis',(0.,0.,-1.));
#8702=DIRECTION('ref_axis',(0.,-1.,0.));
#8703=DIRECTION('',(0.,0.,-1.));
#8704=DIRECTION('center_axis',(0.,0.,-1.));
#8705=DIRECTION('ref_axis',(0.,-1.,0.));
#8706=DIRECTION('',(0.,0.,-1.));
#8707=DIRECTION('center_axis',(0.,0.,-1.));
#8708=DIRECTION('ref_axis',(0.,-1.,0.));
#8709=DIRECTION('',(0.,0.,-1.));
#8710=DIRECTION('center_axis',(0.,0.,-1.));
#8711=DIRECTION('ref_axis',(-1.671865260612E-14,-1.,0.));
#8712=DIRECTION('',(0.,0.,-1.));
#8713=DIRECTION('center_axis',(0.,0.,-1.));
#8714=DIRECTION('ref_axis',(0.,-1.,0.));
#8715=DIRECTION('',(0.,0.,-1.));
#8716=DIRECTION('center_axis',(0.,0.,-1.));
#8717=DIRECTION('ref_axis',(0.,-1.,0.));
#8718=DIRECTION('',(0.,0.,-1.));
#8719=DIRECTION('center_axis',(0.,0.,-1.));
#8720=DIRECTION('ref_axis',(0.,-1.,0.));
#8721=DIRECTION('',(0.,0.,-1.));
#8722=DIRECTION('center_axis',(0.,0.,-1.));
#8723=DIRECTION('ref_axis',(0.,-1.,0.));
#8724=DIRECTION('',(0.,0.,-1.));
#8725=DIRECTION('center_axis',(0.,0.,-1.));
#8726=DIRECTION('ref_axis',(0.,-1.,0.));
#8727=DIRECTION('',(0.,0.,-1.));
#8728=DIRECTION('center_axis',(0.,0.,-1.));
#8729=DIRECTION('ref_axis',(0.,-1.,0.));
#8730=DIRECTION('',(0.,0.,-1.));
#8731=DIRECTION('center_axis',(0.,0.,-1.));
#8732=DIRECTION('ref_axis',(0.,-1.,0.));
#8733=DIRECTION('',(0.,0.,-1.));
#8734=DIRECTION('center_axis',(0.,0.,-1.));
#8735=DIRECTION('ref_axis',(0.,-1.,0.));
#8736=DIRECTION('',(0.,0.,-1.));
#8737=DIRECTION('center_axis',(0.,0.,-1.));
#8738=DIRECTION('ref_axis',(-1.671865260612E-14,-1.,0.));
#8739=DIRECTION('',(0.,0.,-1.));
#8740=DIRECTION('center_axis',(0.,0.,-1.));
#8741=DIRECTION('ref_axis',(0.,-1.,0.));
#8742=DIRECTION('',(0.,0.,-1.));
#8743=DIRECTION('center_axis',(0.,0.,-1.));
#8744=DIRECTION('ref_axis',(0.,-1.,0.));
#8745=DIRECTION('',(0.,0.,-1.));
#8746=DIRECTION('center_axis',(0.,0.,-1.));
#8747=DIRECTION('ref_axis',(0.,-1.,0.));
#8748=DIRECTION('',(0.,0.,-1.));
#8749=DIRECTION('center_axis',(0.,0.,-1.));
#8750=DIRECTION('ref_axis',(0.,-1.,0.));
#8751=DIRECTION('',(0.,0.,-1.));
#8752=DIRECTION('axis',(0.,0.,1.));
#8753=DIRECTION('refdir',(1.,0.,0.));
#8754=DIRECTION('axis',(0.,0.,1.));
#8755=DIRECTION('refdir',(1.,0.,0.));
#8756=DIRECTION('axis',(0.,0.,1.));
#8757=DIRECTION('refdir',(1.,0.,0.));
#8758=DIRECTION('axis',(0.,0.,1.));
#8759=DIRECTION('refdir',(1.,0.,0.));
#8760=DIRECTION('axis',(0.,0.,1.));
#8761=DIRECTION('refdir',(1.,0.,0.));
#8762=DIRECTION('axis',(0.,0.,1.));
#8763=DIRECTION('refdir',(1.,0.,0.));
#8764=DIRECTION('axis',(0.,0.,1.));
#8765=DIRECTION('refdir',(1.,0.,0.));
#8766=DIRECTION('axis',(0.,0.,1.));
#8767=DIRECTION('refdir',(1.,0.,0.));
#8768=DIRECTION('axis',(0.,0.,1.));
#8769=DIRECTION('refdir',(1.,0.,0.));
#8770=DIRECTION('center_axis',(0.,2.2E-16,1.));
#8771=DIRECTION('ref_axis',(1.,0.,0.));
#8772=DIRECTION('center_axis',(0.,2.2E-16,1.));
#8773=DIRECTION('ref_axis',(1.,0.,0.));
#8774=DIRECTION('center_axis',(0.,2.2E-16,1.));
#8775=DIRECTION('ref_axis',(1.,0.,0.));
#8776=DIRECTION('',(0.,-2.2E-16,-1.));
#8777=DIRECTION('center_axis',(0.,2.2E-16,1.));
#8778=DIRECTION('ref_axis',(1.,0.,0.));
#8779=DIRECTION('center_axis',(0.,1.,-2.2E-16));
#8780=DIRECTION('ref_axis',(1.,0.,0.));
#8781=DIRECTION('center_axis',(-1.,0.,-1.8E-16));
#8782=DIRECTION('ref_axis',(-1.8E-16,2.2E-16,1.));
#8783=DIRECTION('center_axis',(-1.,0.,-1.8E-16));
#8784=DIRECTION('ref_axis',(-1.8E-16,2.2E-16,1.));
#8785=DIRECTION('center_axis',(0.,-1.,2.2E-16));
#8786=DIRECTION('ref_axis',(1.,0.,-2.69422295812418E-32));
#8787=DIRECTION('center_axis',(1.,0.,0.));
#8788=DIRECTION('ref_axis',(0.,-2.2E-16,-1.));
#8789=DIRECTION('center_axis',(1.,0.,0.));
#8790=DIRECTION('ref_axis',(0.,-2.2E-16,-1.));
#8791=DIRECTION('center_axis',(1.,0.,0.));
#8792=DIRECTION('ref_axis',(0.,-2.2E-16,-1.));
#8793=DIRECTION('',(-1.,0.,0.));
#8794=DIRECTION('center_axis',(0.,1.,-2.2E-16));
#8795=DIRECTION('ref_axis',(1.,0.,0.));
#8796=DIRECTION('center_axis',(-2.4E-16,2.2E-16,1.));
#8797=DIRECTION('ref_axis',(1.,0.,2.4E-16));
#8798=DIRECTION('center_axis',(-2.4E-16,2.2E-16,1.));
#8799=DIRECTION('ref_axis',(1.,0.,2.4E-16));
#8800=DIRECTION('center_axis',(0.,-1.,2.2E-16));
#8801=DIRECTION('ref_axis',(1.,0.,-2.69422295812418E-32));
#8802=DIRECTION('center_axis',(0.,-2.2E-16,-1.));
#8803=DIRECTION('ref_axis',(-1.,0.,0.));
#8804=DIRECTION('center_axis',(0.,-2.2E-16,-1.));
#8805=DIRECTION('ref_axis',(-1.,0.,0.));
#8806=DIRECTION('',(0.,2.2E-16,1.));
#8807=DIRECTION('center_axis',(0.,0.,-1.));
#8808=DIRECTION('ref_axis',(-1.,0.,0.));
#8809=DIRECTION('center_axis',(0.,0.,1.));
#8810=DIRECTION('ref_axis',(1.,0.,0.));
#8811=DIRECTION('center_axis',(1.,0.,0.));
#8812=DIRECTION('ref_axis',(0.,9.92044604925E-16,1.));
#8813=DIRECTION('center_axis',(1.,0.,0.));
#8814=DIRECTION('ref_axis',(0.,9.92044604925E-16,1.));
#8815=DIRECTION('',(-1.,0.,0.));
#8816=DIRECTION('center_axis',(1.,0.,0.));
#8817=DIRECTION('ref_axis',(0.,9.92044604925E-16,1.));
#8818=DIRECTION('center_axis',(1.,0.,0.));
#8819=DIRECTION('ref_axis',(0.,1.002044604925E-15,1.));
#8820=DIRECTION('center_axis',(1.,0.,0.));
#8821=DIRECTION('ref_axis',(0.,1.002044604925E-15,1.));
#8822=DIRECTION('center_axis',(1.,0.,0.));
#8823=DIRECTION('ref_axis',(0.,9.92044604925E-16,1.));
#8824=DIRECTION('center_axis',(1.,0.,0.));
#8825=DIRECTION('ref_axis',(0.,1.002044604925E-15,1.));
#8826=DIRECTION('center_axis',(1.,0.,0.));
#8827=DIRECTION('ref_axis',(0.,1.002044604925E-15,1.));
#8828=DIRECTION('',(-1.,0.,0.));
#8829=DIRECTION('center_axis',(1.,0.,0.));
#8830=DIRECTION('ref_axis',(0.,1.002044604925E-15,1.));
#8831=DIRECTION('center_axis',(1.,0.,0.));
#8832=DIRECTION('ref_axis',(0.,1.002044604925E-15,1.));
#8833=DIRECTION('center_axis',(1.,0.,0.));
#8834=DIRECTION('ref_axis',(0.,1.002044604925E-15,1.));
#8835=DIRECTION('',(-1.,0.,0.));
#8836=DIRECTION('center_axis',(-1.,0.,0.));
#8837=DIRECTION('ref_axis',(0.,1.002044604925E-15,1.));
#8838=DIRECTION('center_axis',(1.,0.,0.));
#8839=DIRECTION('ref_axis',(0.,1.002044604925E-15,1.));
#8840=DIRECTION('center_axis',(0.,-1.,1.12450928483974E-15));
#8841=DIRECTION('ref_axis',(0.,-1.12450928483974E-15,-1.));
#8842=DIRECTION('center_axis',(-1.,0.,0.));
#8843=DIRECTION('ref_axis',(0.,1.002044604925E-15,1.));
#8844=DIRECTION('center_axis',(0.,-1.,1.12450928483974E-15));
#8845=DIRECTION('ref_axis',(0.,-1.12450928483974E-15,-1.));
#8846=DIRECTION('center_axis',(1.,0.,0.));
#8847=DIRECTION('ref_axis',(0.,1.002044604925E-15,1.));
#8848=DIRECTION('center_axis',(1.,0.,0.));
#8849=DIRECTION('ref_axis',(0.,1.002044604925E-15,1.));
#8850=DIRECTION('center_axis',(1.,0.,0.));
#8851=DIRECTION('ref_axis',(0.,1.002044604925E-15,1.));
#8852=DIRECTION('',(1.24900090270329E-15,0.999999999999999,5.82867087928207E-15));
#8853=DIRECTION('',(-2.78321074067953E-16,-9.77333698686822E-15,-0.999999999999999));
#8854=DIRECTION('',(1.24900090270329E-15,0.999999999999999,5.82867087928207E-15));
#8855=DIRECTION('',(-2.78321074067953E-16,-9.77333698686822E-15,-0.999999999999999));
#8856=DIRECTION('',(1.24900090270329E-15,0.999999999999999,5.82867087928207E-15));
#8857=DIRECTION('',(-2.78321074067953E-16,-9.77333698686822E-15,-0.999999999999999));
#8858=DIRECTION('',(1.24900090270329E-15,0.999999999999999,5.82867087928207E-15));
#8859=DIRECTION('',(-2.78321074067953E-16,-9.77333698686822E-15,-0.999999999999999));
#8860=DIRECTION('',(1.24900090270329E-15,0.999999999999999,5.82867087928207E-15));
#8861=DIRECTION('',(-2.78321074067953E-16,-9.77333698686822E-15,-0.999999999999999));
#8862=DIRECTION('',(1.24900090270329E-15,0.999999999999999,5.82867087928207E-15));
#8863=DIRECTION('',(-2.78321074067953E-16,-9.77333698686822E-15,-0.999999999999999));
#8864=DIRECTION('',(1.24900090270329E-15,0.999999999999999,5.82867087928207E-15));
#8865=DIRECTION('',(-2.78321074067953E-16,-9.77333698686822E-15,-0.999999999999999));
#8866=DIRECTION('',(1.24900090270329E-15,0.999999999999999,5.82867087928207E-15));
#8867=DIRECTION('',(-2.78321074067953E-16,-9.77333698686822E-15,-0.999999999999999));
#8868=DIRECTION('',(1.24900090270329E-15,0.999999999999999,5.82867087928207E-15));
#8869=DIRECTION('',(-2.78321074067953E-16,-9.77333698686822E-15,-0.999999999999999));
#8870=DIRECTION('',(0.,0.,1.));
#8871=DIRECTION('',(1.,0.,0.));
#8872=DIRECTION('',(0.,0.,1.));
#8873=DIRECTION('',(1.,0.,0.));
#8874=DIRECTION('',(1.24900090270329E-15,0.999999999999999,5.82867087928207E-15));
#8875=DIRECTION('',(-2.78321074067953E-16,-9.77333698686822E-15,-0.999999999999999));
#8876=DIRECTION('',(0.,0.,1.));
#8877=DIRECTION('',(1.,0.,0.));
#8878=DIRECTION('',(0.,0.,1.));
#8879=DIRECTION('',(1.,0.,0.));
#8880=DIRECTION('',(0.,0.,1.));
#8881=DIRECTION('',(1.,0.,0.));
#8882=DIRECTION('',(0.,0.,1.));
#8883=DIRECTION('',(1.,0.,0.));
#8884=DIRECTION('',(0.,0.,1.));
#8885=DIRECTION('',(1.,0.,0.));
#8886=DIRECTION('',(0.,0.,1.));
#8887=DIRECTION('',(1.,0.,0.));
#8888=DIRECTION('',(0.,0.,1.));
#8889=DIRECTION('',(1.,0.,0.));
#8890=DIRECTION('',(0.,0.,1.));
#8891=DIRECTION('',(1.,0.,0.));
#8892=DIRECTION('',(2.17881268582687E-15,-4.93038065763132E-30,-1.));
#8893=DIRECTION('',(-1.,-4.40642681164639E-46,-2.17881268582686E-15));
#8894=DIRECTION('',(0.,0.,1.));
#8895=DIRECTION('',(1.,0.,0.));
#8896=DIRECTION('',(0.,0.,1.));
#8897=DIRECTION('',(1.,0.,0.));
#8898=CARTESIAN_POINT('',(0.,0.,0.));
#8899=CARTESIAN_POINT('',(0.,0.,0.));
#8900=CARTESIAN_POINT('',(0.,0.,0.));
#8901=CARTESIAN_POINT('',(0.,0.,0.));
#8902=CARTESIAN_POINT('Origin',(109.932372507553,18.,-68.9236839772469));
#8903=CARTESIAN_POINT('',(110.932372507553,18.,-68.9236839772469));
#8904=CARTESIAN_POINT('',(109.932372507553,18.,-69.9236839772469));
#8905=CARTESIAN_POINT('Origin',(109.932372507553,18.,-68.9236839772469));
#8906=CARTESIAN_POINT('',(109.932372507553,20.,-69.9236839772469));
#8907=CARTESIAN_POINT('',(109.932372507553,18.,-69.9236839772469));
#8908=CARTESIAN_POINT('',(110.932372507553,20.,-68.9236839772469));
#8909=CARTESIAN_POINT('Origin',(109.932372507553,20.,-68.9236839772469));
#8910=CARTESIAN_POINT('',(110.932372507553,18.,-68.9236839772469));
#8911=CARTESIAN_POINT('Origin',(109.932372507553,20.,-68.9236839772469));
#8912=CARTESIAN_POINT('',(109.932372507553,21.,-68.9236839772469));
#8913=CARTESIAN_POINT('Origin',(109.932372507553,20.,-68.9236839772469));
#8914=CARTESIAN_POINT('Origin',(109.932372507553,20.,-68.9236839772469));
#8915=CARTESIAN_POINT('Origin',(110.932372507553,18.,-69.9236839772469));
#8916=CARTESIAN_POINT('',(-9.06762962145054,18.,-69.9236839772469));
#8917=CARTESIAN_POINT('',(-10.0676296214505,18.,-69.9236839772469));
#8918=CARTESIAN_POINT('',(-9.06762962145054,20.,-69.9236839772469));
#8919=CARTESIAN_POINT('',(-9.06762962145054,18.,-69.9236839772469));
#8920=CARTESIAN_POINT('',(55.7215369687439,20.,-69.9236839772469));
#8921=CARTESIAN_POINT('Origin',(50.4323714430512,18.,-29.9736822427052));
#8922=CARTESIAN_POINT('',(110.932372507553,18.,8.97631949183655));
#8923=CARTESIAN_POINT('',(110.932372507553,18.,-69.9236839772469));
#8924=CARTESIAN_POINT('',(109.932372507553,18.,9.97631949183655));
#8925=CARTESIAN_POINT('Origin',(109.932372507553,18.,8.97631949183654));
#8926=CARTESIAN_POINT('',(-9.06762962145054,18.,9.97631949183653));
#8927=CARTESIAN_POINT('',(110.932372507553,18.,9.97631949183655));
#8928=CARTESIAN_POINT('',(-10.0676296214505,18.,8.97631949183653));
#8929=CARTESIAN_POINT('Origin',(-9.06762962145054,18.,8.97631949183653));
#8930=CARTESIAN_POINT('',(-10.0676296214505,18.,-32.0000008940697));
#8931=CARTESIAN_POINT('',(-10.0676296214505,18.,9.97631949183653));
#8932=CARTESIAN_POINT('',(-9.06762962145054,18.,-33.0000008940697));
#8933=CARTESIAN_POINT('Origin',(-9.06762962145054,18.,-32.0000008940697));
#8934=CARTESIAN_POINT('',(11.6662446446705,18.,-33.0000008940697));
#8935=CARTESIAN_POINT('',(31.5493080438608,18.,-33.0000008940697));
#8936=CARTESIAN_POINT('',(12.6662446446705,18.,-34.0000008940697));
#8937=CARTESIAN_POINT('Origin',(11.6662446446705,18.,-34.0000008940697));
#8938=CARTESIAN_POINT('',(12.6662446446705,18.,-59.0000008940697));
#8939=CARTESIAN_POINT('',(12.6662446446705,18.,-44.9868415683874));
#8940=CARTESIAN_POINT('',(11.6662446446705,18.,-60.0000008940697));
#8941=CARTESIAN_POINT('Origin',(11.6662446446705,18.,-59.0000008940697));
#8942=CARTESIAN_POINT('',(-9.06762962145054,18.,-60.0000008940697));
#8943=CARTESIAN_POINT('',(15.216185572514,18.,-60.0000008940697));
#8944=CARTESIAN_POINT('',(-10.0676296214505,18.,-61.0000008940697));
#8945=CARTESIAN_POINT('Origin',(-9.06762962145054,18.,-61.0000008940697));
#8946=CARTESIAN_POINT('',(-10.0676296214505,18.,-68.9236839772469));
#8947=CARTESIAN_POINT('',(-10.0676296214505,18.,9.97631949183653));
#8948=CARTESIAN_POINT('Origin',(-9.06762962145054,18.,-68.9236839772469));
#8949=CARTESIAN_POINT('',(107.382372507553,18.,-64.9236839772469));
#8950=CARTESIAN_POINT('Origin',(105.932372507553,18.,-64.9236839772469));
#8951=CARTESIAN_POINT('',(107.761466628528,18.,4.97631949183655));
#8952=CARTESIAN_POINT('Origin',(105.932372507553,18.,4.97631949183655));
#8953=CARTESIAN_POINT('',(-3.61762962145054,18.,-64.9236839772469));
#8954=CARTESIAN_POINT('Origin',(-5.06762962145054,18.,-64.9236839772469));
#8955=CARTESIAN_POINT('',(-6.51762962145054,18.,4.97631949183654));
#8956=CARTESIAN_POINT('Origin',(-5.06762962145054,18.,4.97631949183654));
#8957=CARTESIAN_POINT('',(89.3488812561512,18.,-59.1275163210884));
#8958=CARTESIAN_POINT('',(100.029526146773,18.,-44.5997448805792));
#8959=CARTESIAN_POINT('',(100.932372032578,18.,-43.3716974350076));
#8960=CARTESIAN_POINT('',(100.932372032578,18.,-44.8959123877262));
#8961=CARTESIAN_POINT('Origin',(100.432372032578,18.,-44.8959123877262));
#8962=CARTESIAN_POINT('',(100.932372032578,18.,-59.4236838282353));
#8963=CARTESIAN_POINT('',(100.932372032578,18.,-44.9486830354702));
#8964=CARTESIAN_POINT('',(100.432372032578,18.,-59.9236838282353));
#8965=CARTESIAN_POINT('Origin',(100.432372032578,18.,-59.4236838282353));
#8966=CARTESIAN_POINT('',(89.7517271419567,18.,-59.9236838282353));
#8967=CARTESIAN_POINT('',(45.6823717378148,18.,-59.9236838282353));
#8968=CARTESIAN_POINT('Origin',(89.7517271419567,18.,-59.4236838282353));
#8969=CARTESIAN_POINT('',(100.932301505017,18.,-5.02368382823531));
#8970=CARTESIAN_POINT('',(100.932372032578,18.,-37.779347009195));
#8971=CARTESIAN_POINT('',(100.932372032578,18.,-44.9486830354702));
#8972=CARTESIAN_POINT('',(100.835217918384,18.,-38.0755145163419));
#8973=CARTESIAN_POINT('Origin',(100.432372032578,18.,-37.779347009195));
#8974=CARTESIAN_POINT('',(84.9225587466839,18.,-59.7198513353822));
#8975=CARTESIAN_POINT('',(100.932372032578,18.,-37.9433658698905));
#8976=CARTESIAN_POINT('',(84.5197128608785,18.,-59.9236838282353));
#8977=CARTESIAN_POINT('Origin',(84.5197128608785,18.,-59.4236838282353));
#8978=CARTESIAN_POINT('',(36.4323720325784,18.,-59.9236838282353));
#8979=CARTESIAN_POINT('',(45.6823717378148,18.,-59.9236838282353));
#8980=CARTESIAN_POINT('',(35.9323720325784,18.,-59.4236838282353));
#8981=CARTESIAN_POINT('Origin',(36.4323720325784,18.,-59.4236838282353));
#8982=CARTESIAN_POINT('',(35.9323720325784,18.,-5.52368382823531));
#8983=CARTESIAN_POINT('',(35.9323720325784,18.,-14.9986830354702));
#8984=CARTESIAN_POINT('',(36.4323720325784,18.,-5.02368382823531));
#8985=CARTESIAN_POINT('Origin',(36.4323720325784,18.,-5.52368382823531));
#8986=CARTESIAN_POINT('',(82.4323012367964,18.,-5.02368382823531));
#8987=CARTESIAN_POINT('',(45.6823717378148,18.,-5.02368382823531));
#8988=CARTESIAN_POINT('',(82.9323012367964,18.,-4.52368382823531));
#8989=CARTESIAN_POINT('Origin',(82.4323012367964,18.,-4.52368382823531));
#8990=CARTESIAN_POINT('',(82.9323012367964,18.,-0.500000074503573));
#8991=CARTESIAN_POINT('',(82.9323012367964,18.,-17.9868411586044));
#8992=CARTESIAN_POINT('',(83.4323012367964,18.,-7.45035722005127E-8));
#8993=CARTESIAN_POINT('Origin',(83.4323012367964,18.,-0.500000074503573));
#8994=CARTESIAN_POINT('',(100.432301505017,18.,-7.45035722005127E-8));
#8995=CARTESIAN_POINT('',(66.6823363399238,18.,-7.45035722005127E-8));
#8996=CARTESIAN_POINT('',(100.932301505017,18.,-0.500000074503573));
#8997=CARTESIAN_POINT('Origin',(100.432301505017,18.,-0.500000074503572));
#8998=CARTESIAN_POINT('',(100.932301505017,18.,-14.9868411586044));
#8999=CARTESIAN_POINT('Origin',(110.932372507553,18.,9.97631949183655));
#9000=CARTESIAN_POINT('',(110.932372507553,20.,8.97631949183654));
#9001=CARTESIAN_POINT('',(110.932372507553,20.,-9.79554817595895));
#9002=CARTESIAN_POINT('',(110.932372507553,18.,8.97631949183654));
#9003=CARTESIAN_POINT('Origin',(109.932372507553,18.,8.97631949183654));
#9004=CARTESIAN_POINT('',(109.932372507553,20.,9.97631949183654));
#9005=CARTESIAN_POINT('Origin',(109.932372507553,20.,8.97631949183654));
#9006=CARTESIAN_POINT('',(109.932372507553,18.,9.97631949183654));
#9007=CARTESIAN_POINT('Origin',(109.932372507553,20.,8.97631949183654));
#9008=CARTESIAN_POINT('',(109.932372507553,21.,8.97631949183654));
#9009=CARTESIAN_POINT('Origin',(109.932372507553,20.,8.97631949183654));
#9010=CARTESIAN_POINT('Origin',(109.932372507553,20.,8.97631949183654));
#9011=CARTESIAN_POINT('Origin',(-10.0676296214505,18.,9.97631949183653));
#9012=CARTESIAN_POINT('',(-9.06762962145054,20.,9.97631949183653));
#9013=CARTESIAN_POINT('',(-4.77846409575779,20.,9.97631949183653));
#9014=CARTESIAN_POINT('',(-9.06762962145054,18.,9.97631949183653));
#9015=CARTESIAN_POINT('Ctrl Pts',(13.6662446446705,21.,-61.0000008940697));
#9016=CARTESIAN_POINT('Ctrl Pts',(13.4418451694141,21.,-60.5512019435568));
#9017=CARTESIAN_POINT('Ctrl Pts',(13.0692118092636,20.8688694890319,-59.8059352232559));
#9018=CARTESIAN_POINT('Ctrl Pts',(12.7346730883614,20.4482656626896,-59.1368577814515));
#9019=CARTESIAN_POINT('Ctrl Pts',(12.6662446446705,20.1495996501709,-59.0000008940697));
#9020=CARTESIAN_POINT('Ctrl Pts',(12.6662446446705,20.,-59.0000008940697));
#9021=CARTESIAN_POINT('Ctrl Pts',(13.6662446446705,21.,-61.0000008940697));
#9022=CARTESIAN_POINT('Ctrl Pts',(13.3991024122224,21.,-60.5939447007485));
#9023=CARTESIAN_POINT('Ctrl Pts',(12.9563663614443,20.8090341189436,-59.9189128874193));
#9024=CARTESIAN_POINT('Ctrl Pts',(12.6840969133418,20.3244997907317,-59.3831127767698));
#9025=CARTESIAN_POINT('Ctrl Pts',(12.6662446446705,20.1041675066709,-59.2992001944116));
#9026=CARTESIAN_POINT('Ctrl Pts',(12.6662446446705,20.,-59.2992001944116));
#9027=CARTESIAN_POINT('Ctrl Pts',(13.6662446446705,21.,-61.0000008940697));
#9028=CARTESIAN_POINT('Ctrl Pts',(13.3243025871369,21.,-60.668744525834));
#9029=CARTESIAN_POINT('Ctrl Pts',(12.7567696817044,20.7650762456639,-60.1193693119155));
#9030=CARTESIAN_POINT('Ctrl Pts',(12.4198211316957,20.2205629131092,-59.8125702026835));
#9031=CARTESIAN_POINT('Ctrl Pts',(12.4149889361556,20.0651355075507,-59.8170490072696));
#9032=CARTESIAN_POINT('Ctrl Pts',(12.4149889361556,20.,-59.8170490072696));
#9033=CARTESIAN_POINT('Ctrl Pts',(13.6662446446705,21.,-61.0000008940697));
#9034=CARTESIAN_POINT('Ctrl Pts',(13.2495027620514,21.,-60.7435443509195));
#9035=CARTESIAN_POINT('Ctrl Pts',(12.5577076320944,20.8237900761207,-60.3192160967414));
#9036=CARTESIAN_POINT('Ctrl Pts',(11.9880173555861,20.3562577824359,-60.0307384376622));
#9037=CARTESIAN_POINT('Ctrl Pts',(11.8906441199269,20.1159766508051,-60.0000008940697));
#9038=CARTESIAN_POINT('Ctrl Pts',(11.8906441199269,20.,-60.0000008940697));
#9039=CARTESIAN_POINT('Ctrl Pts',(13.6662446446705,21.,-61.0000008940697));
#9040=CARTESIAN_POINT('Ctrl Pts',(13.2174456941576,21.,-60.7756014188133));
#9041=CARTESIAN_POINT('Ctrl Pts',(12.4721789738567,20.8688694890319,-60.4029680586628));
#9042=CARTESIAN_POINT('Ctrl Pts',(11.8031015320523,20.4482656626896,-60.0684293377606));
#9043=CARTESIAN_POINT('Ctrl Pts',(11.6662446446705,20.1495996501709,-60.0000008940697));
#9044=CARTESIAN_POINT('Ctrl Pts',(11.6662446446705,20.,-60.0000008940697));
#9045=CARTESIAN_POINT('',(11.6662446446705,20.,-60.0000008940697));
#9046=CARTESIAN_POINT('',(12.6662446446705,20.,-59.0000008940697));
#9047=CARTESIAN_POINT('Origin',(11.6662446446705,20.,-59.0000008940697));
#9048=CARTESIAN_POINT('',(13.6662446446705,21.,-61.0000008940697));
#9049=CARTESIAN_POINT('Origin',(13.6662446446705,20.,-61.0000008940697));
#9050=CARTESIAN_POINT('Origin',(13.6662446446705,20.,-61.0000008940697));
#9051=CARTESIAN_POINT('Origin',(11.6662446446705,21.,-59.0000008940697));
#9052=CARTESIAN_POINT('',(11.6662446446705,21.,-60.0000008940697));
#9053=CARTESIAN_POINT('',(12.6662446446705,21.,-59.0000008940697));
#9054=CARTESIAN_POINT('Origin',(-20.0000002980232,21.,-60.0000008940697));
#9055=CARTESIAN_POINT('',(-9.06762962145054,20.,-60.0000008940697));
#9056=CARTESIAN_POINT('',(-9.74464943404413,20.,-60.0000008940697));
#9057=CARTESIAN_POINT('',(-9.06762962145054,19.5,-60.0000008940697));
#9058=CARTESIAN_POINT('Origin',(-9.74464943404413,20.,-61.0000008940697));
#9059=CARTESIAN_POINT('',(-9.06762962145054,21.,-61.0000008940697));
#9060=CARTESIAN_POINT('',(-9.74464943404413,21.,-61.0000008940697));
#9061=CARTESIAN_POINT('Origin',(-9.06762962145054,20.,-61.0000008940697));
#9062=CARTESIAN_POINT('Origin',(13.6662446446705,20.,-44.7837083689121));
#9063=CARTESIAN_POINT('',(12.6662446446705,20.,-34.0000008940697));
#9064=CARTESIAN_POINT('',(12.6662446446705,20.,-44.7837083689121));
#9065=CARTESIAN_POINT('',(13.6662446446705,21.,-32.0000008940697));
#9066=CARTESIAN_POINT('Origin',(13.6662446446705,20.,-32.0000008940697));
#9067=CARTESIAN_POINT('',(13.6662446446705,21.,-44.7837083689121));
#9068=CARTESIAN_POINT('Origin',(11.6662446446705,21.,-34.0000008940697));
#9069=CARTESIAN_POINT('',(11.6662446446705,20.,-33.0000008940697));
#9070=CARTESIAN_POINT('Origin',(11.6662446446705,20.,-34.0000008940697));
#9071=CARTESIAN_POINT('',(12.6662446446705,21.,-34.0000008940697));
#9072=CARTESIAN_POINT('',(11.6662446446705,21.,-33.0000008940697));
#9073=CARTESIAN_POINT('Ctrl Pts',(12.6662446446705,20.,-34.0000008940697));
#9074=CARTESIAN_POINT('Ctrl Pts',(12.6662446446705,20.1495996501709,-34.0000008940697));
#9075=CARTESIAN_POINT('Ctrl Pts',(12.7181159545616,20.3729047290179,-33.8962582742874));
#9076=CARTESIAN_POINT('Ctrl Pts',(12.9973412311387,20.8212842212672,-33.3378077211332));
#9077=CARTESIAN_POINT('Ctrl Pts',(13.3670453443286,21.,-32.5983994947534));
#9078=CARTESIAN_POINT('Ctrl Pts',(13.6662446446705,21.,-32.0000008940697));
#9079=CARTESIAN_POINT('Ctrl Pts',(12.6662446446705,20.,-33.7008015937278));
#9080=CARTESIAN_POINT('Ctrl Pts',(12.6662446446705,20.1041675066709,-33.7008015937278));
#9081=CARTESIAN_POINT('Ctrl Pts',(12.68422798439,20.2674654295167,-33.6346125496419));
#9082=CARTESIAN_POINT('Ctrl Pts',(12.8833057792088,20.7340676185563,-33.2051082792388));
#9083=CARTESIAN_POINT('Ctrl Pts',(13.3100550014063,21.,-32.5414091518312));
#9084=CARTESIAN_POINT('Ctrl Pts',(13.6662446446705,21.,-32.0000008940697));
#9085=CARTESIAN_POINT('Ctrl Pts',(12.4150249044805,20.,-33.1829096239525));
#9086=CARTESIAN_POINT('Ctrl Pts',(12.4150249044805,20.0651355075507,-33.1829096239525));
#9087=CARTESIAN_POINT('Ctrl Pts',(12.4247821693188,20.1774863416719,-33.179743196556));
#9088=CARTESIAN_POINT('Ctrl Pts',(12.662907390122,20.6669457774029,-32.9694442495344));
#9089=CARTESIAN_POINT('Ctrl Pts',(13.2103219012924,21.,-32.4416760517172));
#9090=CARTESIAN_POINT('Ctrl Pts',(13.6662446446705,21.,-32.0000008940697));
#9091=CARTESIAN_POINT('Ctrl Pts',(11.8906441199269,20.,-33.0000008940697));
#9092=CARTESIAN_POINT('Ctrl Pts',(11.8906441199269,20.1159766508051,-33.0000008940697));
#9093=CARTESIAN_POINT('Ctrl Pts',(11.9662599986259,20.2945377450857,-32.9735085856346));
#9094=CARTESIAN_POINT('Ctrl Pts',(12.4289424548422,20.7558131030613,-32.7533465059094));
#9095=CARTESIAN_POINT('Ctrl Pts',(13.1105888011784,21.,-32.3419429516033));
#9096=CARTESIAN_POINT('Ctrl Pts',(13.6662446446705,21.,-32.0000008940697));
#9097=CARTESIAN_POINT('Ctrl Pts',(11.6662446446705,20.,-33.0000008940697));
#9098=CARTESIAN_POINT('Ctrl Pts',(11.6662446446705,20.1495996501709,-33.0000008940697));
#9099=CARTESIAN_POINT('Ctrl Pts',(11.7699872644528,20.3729047290179,-32.9481295841785));
#9100=CARTESIAN_POINT('Ctrl Pts',(12.328437817607,20.8212842212672,-32.6689043076014));
#9101=CARTESIAN_POINT('Ctrl Pts',(13.0678460439867,21.,-32.2992001944116));
#9102=CARTESIAN_POINT('Ctrl Pts',(13.6662446446705,21.,-32.0000008940697));
#9103=CARTESIAN_POINT('Origin',(13.6662446446705,20.,-32.0000008940697));
#9104=CARTESIAN_POINT('Origin',(6.58847303730271,20.,-32.0000008940697));
#9105=CARTESIAN_POINT('',(-9.06762962145054,20.,-33.0000008940697));
#9106=CARTESIAN_POINT('',(6.58847303730271,20.,-33.0000008940697));
#9107=CARTESIAN_POINT('',(-9.06762962145054,21.,-32.0000008940697));
#9108=CARTESIAN_POINT('Origin',(-9.06762962145054,20.,-32.0000008940697));
#9109=CARTESIAN_POINT('',(6.58847303730271,21.,-32.0000008940697));
#9110=CARTESIAN_POINT('Origin',(12.6662446446705,21.,-33.0000008940697));
#9111=CARTESIAN_POINT('',(-9.06762962145054,19.5,-33.0000008940697));
#9112=CARTESIAN_POINT('Origin',(-9.06762962145054,18.,8.97631949183653));
#9113=CARTESIAN_POINT('',(-10.0676296214505,20.,8.97631949183653));
#9114=CARTESIAN_POINT('Origin',(-9.06762962145054,20.,8.97631949183653));
#9115=CARTESIAN_POINT('',(-10.0676296214505,18.,8.97631949183653));
#9116=CARTESIAN_POINT('Origin',(-9.06762962145055,20.,8.97631949183653));
#9117=CARTESIAN_POINT('',(-9.06762962145054,21.,8.97631949183653));
#9118=CARTESIAN_POINT('Origin',(-9.06762962145055,20.,8.97631949183653));
#9119=CARTESIAN_POINT('Origin',(-9.06762962145054,20.,8.97631949183653));
#9120=CARTESIAN_POINT('Origin',(-4.77846409575779,20.,8.97631949183653));
#9121=CARTESIAN_POINT('',(-4.77846409575779,21.,8.97631949183653));
#9122=CARTESIAN_POINT('Origin',(-9.06762962145054,18.,-68.9236839772469));
#9123=CARTESIAN_POINT('',(-10.0676296214505,20.,-68.9236839772469));
#9124=CARTESIAN_POINT('',(-10.0676296214505,18.,-68.9236839772469));
#9125=CARTESIAN_POINT('Origin',(-9.06762962145054,20.,-68.9236839772469));
#9126=CARTESIAN_POINT('Origin',(-9.06762962145054,20.,-68.9236839772469));
#9127=CARTESIAN_POINT('',(-9.06762962145054,21.,-68.9236839772469));
#9128=CARTESIAN_POINT('Origin',(-9.06762962145054,20.,-68.9236839772469));
#9129=CARTESIAN_POINT('Origin',(-9.06762962145054,20.,-68.9236839772469));
#9130=CARTESIAN_POINT('Origin',(-10.0676296214505,18.,-69.9236839772469));
#9131=CARTESIAN_POINT('',(-10.0676296214505,20.,-61.0000008940697));
#9132=CARTESIAN_POINT('',(-10.0676296214505,19.5,-61.0000008940697));
#9133=CARTESIAN_POINT('',(-10.0676296214505,20.,-49.7455499105007));
#9134=CARTESIAN_POINT('Origin',(-9.06762962145054,19.5,-61.0000008940697));
#9135=CARTESIAN_POINT('Origin',(-9.06762962145054,20.,-61.0000008940697));
#9136=CARTESIAN_POINT('Origin',(-9.06762962145054,20.,-61.0000008940697));
#9137=CARTESIAN_POINT('Origin',(-9.06762962145054,20.,-61.0000008940697));
#9138=CARTESIAN_POINT('Origin',(-9.06762962145054,19.5,-32.0000008940697));
#9139=CARTESIAN_POINT('',(-10.0676296214505,20.,-32.0000008940697));
#9140=CARTESIAN_POINT('',(-10.0676296214505,19.5,-32.0000008940697));
#9141=CARTESIAN_POINT('Origin',(-9.06762962145054,20.,-32.0000008940697));
#9142=CARTESIAN_POINT('Origin',(-9.06762962145054,20.,-32.0000008940697));
#9143=CARTESIAN_POINT('Origin',(-9.06762962145054,20.,-32.0000008940697));
#9144=CARTESIAN_POINT('Origin',(-9.06762962145054,20.,-49.7455499105007));
#9145=CARTESIAN_POINT('',(-9.06762962145054,21.,-49.7455499105007));
#9146=CARTESIAN_POINT('Origin',(0.510701429934954,21.,-29.5674158437545));
#9147=CARTESIAN_POINT('',(-9.06762962145054,21.,-49.7455499105007));
#9148=CARTESIAN_POINT('',(109.932372507553,21.,-9.79554817595895));
#9149=CARTESIAN_POINT('',(55.7215369687439,21.,-68.9236839772469));
#9150=CARTESIAN_POINT('',(-5.06762962145054,21.,7.42631949183654));
#9151=CARTESIAN_POINT('Origin',(-5.06762962145054,21.,4.97631949183654));
#9152=CARTESIAN_POINT('',(105.932372507553,21.,7.80541361281174));
#9153=CARTESIAN_POINT('Origin',(105.932372507553,21.,4.97631949183655));
#9154=CARTESIAN_POINT('',(100.432372032578,21.,-60.9236838282353));
#9155=CARTESIAN_POINT('',(89.7517271419567,21.,-60.9236838282353));
#9156=CARTESIAN_POINT('',(20.7215367312567,21.,-60.9236838282353));
#9157=CARTESIAN_POINT('',(101.932372032578,21.,-59.4236838282353));
#9158=CARTESIAN_POINT('Origin',(100.432372032578,21.,-59.4236838282353));
#9159=CARTESIAN_POINT('',(101.932372032578,21.,-44.8959123877262));
#9160=CARTESIAN_POINT('',(101.932372032578,21.,-44.7455498359949));
#9161=CARTESIAN_POINT('',(99.223834375162,21.,-44.0074098662854));
#9162=CARTESIAN_POINT('Origin',(100.432372032578,21.,-44.8959123877262));
#9163=CARTESIAN_POINT('',(88.5431894845403,21.,-58.5351813067945));
#9164=CARTESIAN_POINT('',(79.7192299915011,21.,-70.5374965253959));
#9165=CARTESIAN_POINT('Origin',(89.7517271419567,21.,-59.4236838282353));
#9166=CARTESIAN_POINT('',(101.932301505017,21.,-0.500000074503572));
#9167=CARTESIAN_POINT('',(101.932372032578,21.,-4.0236838282353));
#9168=CARTESIAN_POINT('',(101.932301505017,21.,-14.783707959129));
#9169=CARTESIAN_POINT('',(100.432301505017,21.,0.999999925496429));
#9170=CARTESIAN_POINT('Origin',(100.432301505017,21.,-0.500000074503572));
#9171=CARTESIAN_POINT('',(83.4323012367964,21.,0.999999925496427));
#9172=CARTESIAN_POINT('',(41.7215013333657,21.,0.999999925496429));
#9173=CARTESIAN_POINT('',(81.9323012367964,21.,-0.500000074503573));
#9174=CARTESIAN_POINT('Origin',(83.4323012367964,21.,-0.500000074503573));
#9175=CARTESIAN_POINT('',(81.9323012367964,21.,-4.02368382823531));
#9176=CARTESIAN_POINT('',(81.9323012367964,21.,-17.783707959129));
#9177=CARTESIAN_POINT('',(36.4323720325784,21.,-4.02368382823531));
#9178=CARTESIAN_POINT('',(50.7215367312567,21.,-4.02368382823531));
#9179=CARTESIAN_POINT('',(34.9323720325784,21.,-5.52368382823531));
#9180=CARTESIAN_POINT('Origin',(36.4323720325784,21.,-5.52368382823531));
#9181=CARTESIAN_POINT('',(34.9323720325783,21.,-59.4236838282353));
#9182=CARTESIAN_POINT('',(34.9323720325784,21.,-14.7955498359949));
#9183=CARTESIAN_POINT('',(36.4323720325784,21.,-60.9236838282353));
#9184=CARTESIAN_POINT('Origin',(36.4323720325784,21.,-59.4236838282353));
#9185=CARTESIAN_POINT('',(84.5197128608785,21.,-60.9236838282353));
#9186=CARTESIAN_POINT('',(20.7215367312567,21.,-60.9236838282353));
#9187=CARTESIAN_POINT('',(85.7282505182948,21.,-60.3121863496761));
#9188=CARTESIAN_POINT('Origin',(84.5197128608785,21.,-59.4236838282353));
#9189=CARTESIAN_POINT('',(101.640909689995,21.,-38.6678495306358));
#9190=CARTESIAN_POINT('',(86.1197183897876,21.,-59.7797132807191));
#9191=CARTESIAN_POINT('',(101.932372032578,21.,-37.779347009195));
#9192=CARTESIAN_POINT('Origin',(100.432372032578,21.,-37.779347009195));
#9193=CARTESIAN_POINT('',(101.932372032578,21.,-44.7455498359949));
#9194=CARTESIAN_POINT('',(105.932372507553,21.,-62.4736839772469));
#9195=CARTESIAN_POINT('Origin',(105.932372507553,21.,-64.9236839772469));
#9196=CARTESIAN_POINT('',(-5.06762962145054,21.,-62.4736839772469));
#9197=CARTESIAN_POINT('Origin',(-5.06762962145054,21.,-64.9236839772469));
#9198=CARTESIAN_POINT('Origin',(-9.06762962145054,20.,-49.7455499105007));
#9199=CARTESIAN_POINT('',(-10.0676296214505,20.,-49.7455499105007));
#9200=CARTESIAN_POINT('Origin',(-10.0676296214505,18.,-69.9236839772469));
#9201=CARTESIAN_POINT('Origin',(12.6662446446705,21.,-60.0000008940697));
#9202=CARTESIAN_POINT('Origin',(55.7215369687439,20.,-68.9236839772469));
#9203=CARTESIAN_POINT('Origin',(109.932372507553,20.,-9.79554817595895));
#9204=CARTESIAN_POINT('Origin',(-5.06762962145054,20.,4.97631949183654));
#9205=CARTESIAN_POINT('',(-5.06762962145054,20.,6.42631949183654));
#9206=CARTESIAN_POINT('Origin',(-5.06762962145054,20.,7.42631949183654));
#9207=CARTESIAN_POINT('',(-6.51762962145054,20.,4.97631949183654));
#9208=CARTESIAN_POINT('Origin',(-5.06762962145054,20.,4.97631949183654));
#9209=CARTESIAN_POINT('Origin',(-5.06762962145054,20.,4.97631949183654));
#9210=CARTESIAN_POINT('Origin',(-5.06762962145054,0.,4.97631949183654));
#9211=CARTESIAN_POINT('',(-6.51762962145054,0.,4.97631949183654));
#9212=CARTESIAN_POINT('Origin',(-5.06762962145054,20.,-64.9236839772469));
#9213=CARTESIAN_POINT('',(-5.06762962145054,20.,-63.4736839772469));
#9214=CARTESIAN_POINT('Origin',(-5.06762962145054,20.,-62.4736839772469));
#9215=CARTESIAN_POINT('',(-3.61762962145054,20.,-64.9236839772469));
#9216=CARTESIAN_POINT('Origin',(-5.06762962145054,20.,-64.9236839772469));
#9217=CARTESIAN_POINT('Origin',(-5.06762962145054,20.,-64.9236839772469));
#9218=CARTESIAN_POINT('Origin',(-5.06762962145054,21.,-64.9236839772469));
#9219=CARTESIAN_POINT('',(-3.61762962145054,21.,-64.9236839772469));
#9220=CARTESIAN_POINT('Origin',(105.932372507553,20.,4.97631949183655));
#9221=CARTESIAN_POINT('',(105.932372507553,20.,6.80541361281174));
#9222=CARTESIAN_POINT('Origin',(105.932372507553,20.,7.80541361281174));
#9223=CARTESIAN_POINT('',(107.761466628528,20.,4.97631949183655));
#9224=CARTESIAN_POINT('Origin',(105.932372507553,20.,4.97631949183655));
#9225=CARTESIAN_POINT('Origin',(105.932372507553,20.,4.97631949183655));
#9226=CARTESIAN_POINT('Origin',(105.932372507553,21.,4.97631949183655));
#9227=CARTESIAN_POINT('',(107.761466628528,21.,4.97631949183655));
#9228=CARTESIAN_POINT('Origin',(105.932372507553,20.,-64.9236839772469));
#9229=CARTESIAN_POINT('',(105.932372507553,20.,-63.4736839772469));
#9230=CARTESIAN_POINT('Origin',(105.932372507553,20.,-62.4736839772469));
#9231=CARTESIAN_POINT('',(107.382372507553,20.,-64.9236839772469));
#9232=CARTESIAN_POINT('Origin',(105.932372507553,20.,-64.9236839772469));
#9233=CARTESIAN_POINT('Origin',(105.932372507553,20.,-64.9236839772469));
#9234=CARTESIAN_POINT('Origin',(105.932372507553,21.,-64.9236839772469));
#9235=CARTESIAN_POINT('',(107.382372507553,21.,-64.9236839772469));
#9236=CARTESIAN_POINT('Origin',(20.7215367312567,20.,-60.9236838282353));
#9237=CARTESIAN_POINT('',(89.7517271419567,20.,-59.9236838282353));
#9238=CARTESIAN_POINT('Origin',(89.7517271419567,20.,-60.9236838282353));
#9239=CARTESIAN_POINT('',(100.432372032578,20.,-59.9236838282353));
#9240=CARTESIAN_POINT('',(20.7215367312567,20.,-59.9236838282353));
#9241=CARTESIAN_POINT('Origin',(100.432372032578,20.,-60.9236838282353));
#9242=CARTESIAN_POINT('Origin',(100.432372032578,20.,-59.4236838282353));
#9243=CARTESIAN_POINT('',(100.932372032578,20.,-59.4236838282353));
#9244=CARTESIAN_POINT('Origin',(101.932372032578,20.,-59.4236838282353));
#9245=CARTESIAN_POINT('Origin',(100.432372032578,20.,-59.4236838282353));
#9246=CARTESIAN_POINT('Origin',(101.932372032578,20.,-44.7455498359949));
#9247=CARTESIAN_POINT('',(100.932372032578,20.,-44.8959123877262));
#9248=CARTESIAN_POINT('Origin',(101.932372032578,20.,-44.8959123877262));
#9249=CARTESIAN_POINT('',(100.932372032578,20.,-44.7455498359949));
#9250=CARTESIAN_POINT('Origin',(100.432372032578,20.,-44.8959123877262));
#9251=CARTESIAN_POINT('',(100.029526146773,20.,-44.5997448805792));
#9252=CARTESIAN_POINT('Origin',(99.223834375162,20.,-44.0074098662854));
#9253=CARTESIAN_POINT('Origin',(100.432372032578,20.,-44.8959123877262));
#9254=CARTESIAN_POINT('Origin',(79.7192299915011,20.,-70.5374965253959));
#9255=CARTESIAN_POINT('',(89.3488812561512,20.,-59.1275163210884));
#9256=CARTESIAN_POINT('Origin',(88.5431894845403,20.,-58.5351813067945));
#9257=CARTESIAN_POINT('',(80.524921763112,20.,-71.1298315396897));
#9258=CARTESIAN_POINT('Origin',(89.7517271419567,20.,-59.4236838282353));
#9259=CARTESIAN_POINT('Origin',(89.7517271419567,20.,-59.4236838282353));
#9260=CARTESIAN_POINT('Origin',(100.932372032578,21.,-59.9236838282353));
#9261=CARTESIAN_POINT('',(100.932372032578,21.,-59.4236838282353));
#9262=CARTESIAN_POINT('',(100.932372032578,21.,-44.8959123877262));
#9263=CARTESIAN_POINT('Origin',(100.432372032578,21.,-59.4236838282353));
#9264=CARTESIAN_POINT('',(100.432372032578,21.,-59.9236838282353));
#9265=CARTESIAN_POINT('Origin',(40.9323720325784,21.,-59.9236838282353));
#9266=CARTESIAN_POINT('',(89.7517271419567,21.,-59.9236838282353));
#9267=CARTESIAN_POINT('Ctrl Pts',(82.4323012367964,20.,-5.02368382823531));
#9268=CARTESIAN_POINT('Ctrl Pts',(82.4323012367964,20.2243994752564,-5.02368382823531));
#9269=CARTESIAN_POINT('Ctrl Pts',(82.3408811637876,20.7488374197485,-4.84084368221765));
#9270=CARTESIAN_POINT('Ctrl Pts',(82.0819008869673,21.,-4.3228831285772));
#9271=CARTESIAN_POINT('Ctrl Pts',(81.9323012367964,21.,-4.02368382823531));
#9272=CARTESIAN_POINT('Ctrl Pts',(82.563200930696,20.,-5.02368382823531));
#9273=CARTESIAN_POINT('Ctrl Pts',(82.563200930696,20.2540634657718,-5.02368382823531));
#9274=CARTESIAN_POINT('Ctrl Pts',(82.4129172739916,20.8084317993736,-4.78286248248529));
#9275=CARTESIAN_POINT('Ctrl Pts',(82.1068341619958,21.,-4.29794985354871));
#9276=CARTESIAN_POINT('Ctrl Pts',(81.9323012367964,21.,-4.02368382823531));
#9277=CARTESIAN_POINT('Ctrl Pts',(82.8238211725852,20.,-4.91520376402411));
#9278=CARTESIAN_POINT('Ctrl Pts',(82.8238211725852,20.2877354781588,-4.91520376402411));
#9279=CARTESIAN_POINT('Ctrl Pts',(82.5580810130278,20.8707040907527,-4.64946360446679));
#9280=CARTESIAN_POINT('Ctrl Pts',(82.1567007120528,21.,-4.24808330349172));
#9281=CARTESIAN_POINT('Ctrl Pts',(81.9323012367963,21.,-4.02368382823531));
#9282=CARTESIAN_POINT('Ctrl Pts',(82.9323012367964,20.,-4.65458352213489));
#9283=CARTESIAN_POINT('Ctrl Pts',(82.9323012367964,20.2540634657718,-4.65458352213489));
#9284=CARTESIAN_POINT('Ctrl Pts',(82.6914798910464,20.8084317993736,-4.5042998654305));
#9285=CARTESIAN_POINT('Ctrl Pts',(82.2065672621098,21.,-4.19821675343474));
#9286=CARTESIAN_POINT('Ctrl Pts',(81.9323012367964,21.,-4.02368382823531));
#9287=CARTESIAN_POINT('Ctrl Pts',(82.9323012367964,20.,-4.52368382823532));
#9288=CARTESIAN_POINT('Ctrl Pts',(82.9323012367964,20.2243994752564,-4.52368382823532));
#9289=CARTESIAN_POINT('Ctrl Pts',(82.7494610907787,20.7488374197485,-4.43226375522648));
#9290=CARTESIAN_POINT('Ctrl Pts',(82.2315005371383,21.,-4.17328347840625));
#9291=CARTESIAN_POINT('Ctrl Pts',(81.9323012367964,21.,-4.02368382823531));
#9292=CARTESIAN_POINT('',(82.4323012367964,20.,-5.02368382823531));
#9293=CARTESIAN_POINT('Origin',(81.9323012367964,20.,-4.02368382823531));
#9294=CARTESIAN_POINT('',(82.9323012367964,20.,-4.52368382823532));
#9295=CARTESIAN_POINT('Origin',(81.9323012367964,20.,-4.02368382823531));
#9296=CARTESIAN_POINT('Origin',(82.4323012367964,20.,-4.52368382823532));
#9297=CARTESIAN_POINT('Origin',(81.9323012367964,20.,-17.783707959129));
#9298=CARTESIAN_POINT('',(82.9323012367964,20.,-0.500000074503573));
#9299=CARTESIAN_POINT('Origin',(81.9323012367964,20.,-0.500000074503573));
#9300=CARTESIAN_POINT('',(82.9323012367964,20.,-17.783707959129));
#9301=CARTESIAN_POINT('Origin',(83.4323012367964,20.,-0.500000074503573));
#9302=CARTESIAN_POINT('',(83.4323012367964,20.,-7.45035722005127E-8));
#9303=CARTESIAN_POINT('Origin',(83.4323012367964,20.,0.999999925496427));
#9304=CARTESIAN_POINT('Origin',(83.4323012367964,20.,-0.500000074503573));
#9305=CARTESIAN_POINT('Origin',(41.7215013333657,20.,0.999999925496429));
#9306=CARTESIAN_POINT('',(100.432301505017,20.,-7.45035722005127E-8));
#9307=CARTESIAN_POINT('Origin',(100.432301505017,20.,0.999999925496429));
#9308=CARTESIAN_POINT('',(41.7215013333657,20.,-7.45035722005127E-8));
#9309=CARTESIAN_POINT('Origin',(100.432301505017,20.,-0.500000074503572));
#9310=CARTESIAN_POINT('',(100.932301505017,20.,-0.500000074503572));
#9311=CARTESIAN_POINT('Origin',(101.932301505017,20.,-0.500000074503572));
#9312=CARTESIAN_POINT('Origin',(100.432301505017,20.,-0.500000074503572));
#9313=CARTESIAN_POINT('Origin',(101.932301505017,20.,-14.783707959129));
#9314=CARTESIAN_POINT('',(100.932372032578,20.,-5.02368382823531));
#9315=CARTESIAN_POINT('',(100.932301505017,20.,-14.783707959129));
#9316=CARTESIAN_POINT('Origin',(101.932372032578,20.,-4.02368382823531));
#9317=CARTESIAN_POINT('Origin',(101.932372032578,20.,-44.7455498359949));
#9318=CARTESIAN_POINT('',(100.932372032578,20.,-37.779347009195));
#9319=CARTESIAN_POINT('Origin',(101.932372032578,20.,-37.779347009195));
#9320=CARTESIAN_POINT('',(100.932372032578,20.,-44.7455498359949));
#9321=CARTESIAN_POINT('Origin',(100.432372032578,20.,-37.779347009195));
#9322=CARTESIAN_POINT('',(100.835217918384,20.,-38.0755145163419));
#9323=CARTESIAN_POINT('Origin',(101.640909689995,20.,-38.6678495306358));
#9324=CARTESIAN_POINT('Origin',(100.432372032578,20.,-37.779347009195));
#9325=CARTESIAN_POINT('Origin',(86.1197183897876,20.,-59.7797132807191));
#9326=CARTESIAN_POINT('',(84.9225587466839,20.,-59.7198513353822));
#9327=CARTESIAN_POINT('Origin',(85.7282505182948,20.,-60.3121863496761));
#9328=CARTESIAN_POINT('',(85.3140266181767,20.,-59.1873782664252));
#9329=CARTESIAN_POINT('Origin',(84.5197128608785,20.,-59.4236838282353));
#9330=CARTESIAN_POINT('',(84.5197128608785,20.,-59.9236838282353));
#9331=CARTESIAN_POINT('Origin',(84.5197128608785,20.,-60.9236838282353));
#9332=CARTESIAN_POINT('Origin',(84.5197128608785,20.,-59.4236838282353));
#9333=CARTESIAN_POINT('Origin',(20.7215367312567,20.,-60.9236838282353));
#9334=CARTESIAN_POINT('',(36.4323720325784,20.,-59.9236838282353));
#9335=CARTESIAN_POINT('Origin',(36.4323720325784,20.,-60.9236838282353));
#9336=CARTESIAN_POINT('',(20.7215367312567,20.,-59.9236838282353));
#9337=CARTESIAN_POINT('Origin',(36.4323720325784,20.,-59.4236838282353));
#9338=CARTESIAN_POINT('',(35.9323720325784,20.,-59.4236838282353));
#9339=CARTESIAN_POINT('Origin',(34.9323720325783,20.,-59.4236838282353));
#9340=CARTESIAN_POINT('Origin',(36.4323720325784,20.,-59.4236838282353));
#9341=CARTESIAN_POINT('Origin',(34.9323720325784,20.,-14.7955498359949));
#9342=CARTESIAN_POINT('',(35.9323720325784,20.,-5.52368382823531));
#9343=CARTESIAN_POINT('Origin',(34.9323720325784,20.,-5.52368382823531));
#9344=CARTESIAN_POINT('',(35.9323720325784,20.,-14.7955498359949));
#9345=CARTESIAN_POINT('Origin',(36.4323720325784,20.,-5.52368382823531));
#9346=CARTESIAN_POINT('',(36.4323720325784,20.,-5.02368382823531));
#9347=CARTESIAN_POINT('Origin',(36.4323720325784,20.,-4.02368382823531));
#9348=CARTESIAN_POINT('Origin',(36.4323720325784,20.,-5.52368382823531));
#9349=CARTESIAN_POINT('Origin',(50.7215367312567,20.,-4.02368382823531));
#9350=CARTESIAN_POINT('',(50.7215367312567,20.,-5.02368382823531));
#9351=CARTESIAN_POINT('Origin',(100.932372032578,21.,-5.02368382823531));
#9352=CARTESIAN_POINT('',(82.4323012367964,18.5,-5.02368382823531));
#9353=CARTESIAN_POINT('',(36.4323720325784,21.,-5.02368382823531));
#9354=CARTESIAN_POINT('Origin',(82.4323012367964,18.5,-4.52368382823531));
#9355=CARTESIAN_POINT('',(82.9323012367964,18.5,-4.52368382823531));
#9356=CARTESIAN_POINT('Origin',(82.9323012367964,16.,-6.00000007450357));
#9357=CARTESIAN_POINT('',(82.9323012367964,16.,-0.500000074503573));
#9358=CARTESIAN_POINT('Origin',(83.4323012367964,16.,-0.500000074503573));
#9359=CARTESIAN_POINT('',(83.4323012367964,16.,-7.45035722005127E-8));
#9360=CARTESIAN_POINT('Origin',(82.9323012367964,16.,-7.45035722005127E-8));
#9361=CARTESIAN_POINT('',(100.432301505017,16.,-7.45035722005127E-8));
#9362=CARTESIAN_POINT('Origin',(100.432301505017,16.,-0.500000074503572));
#9363=CARTESIAN_POINT('',(100.932301505017,16.,-0.500000074503572));
#9364=CARTESIAN_POINT('Origin',(100.932301505017,16.,-7.45035722005127E-8));
#9365=CARTESIAN_POINT('',(100.932301505017,18.5,-5.02368382823531));
#9366=CARTESIAN_POINT('Origin',(100.432372032578,21.,-44.8959123877262));
#9367=CARTESIAN_POINT('',(100.029526146773,21.,-44.5997448805792));
#9368=CARTESIAN_POINT('Origin',(88.7635483678889,21.,-59.9236838282353));
#9369=CARTESIAN_POINT('',(89.3488812561512,21.,-59.1275163210884));
#9370=CARTESIAN_POINT('Origin',(89.7517271419567,21.,-59.4236838282353));
#9371=CARTESIAN_POINT('Origin',(84.5197128608785,21.,-59.4236838282353));
#9372=CARTESIAN_POINT('',(84.5197128608785,21.,-59.9236838282353));
#9373=CARTESIAN_POINT('',(84.9225587466839,21.,-59.7198513353822));
#9374=CARTESIAN_POINT('Origin',(100.932372032578,21.,-37.9433658698905));
#9375=CARTESIAN_POINT('',(100.835217918384,21.,-38.0755145163419));
#9376=CARTESIAN_POINT('Origin',(36.4323720325784,21.,-59.4236838282353));
#9377=CARTESIAN_POINT('',(35.9323720325784,21.,-59.4236838282353));
#9378=CARTESIAN_POINT('',(36.4323720325784,21.,-59.9236838282353));
#9379=CARTESIAN_POINT('Origin',(35.9323720325784,21.,-0.023683828235308));
#9380=CARTESIAN_POINT('',(35.9323720325784,21.,-5.52368382823531));
#9381=CARTESIAN_POINT('Origin',(36.4323720325784,21.,-5.52368382823531));
#9382=CARTESIAN_POINT('Origin',(100.432372032578,21.,-37.779347009195));
#9383=CARTESIAN_POINT('',(100.932372032578,21.,-37.779347009195));
#9384=CARTESIAN_POINT('Origin',(40.9323720325784,21.,-59.9236838282353));
#9385=CARTESIAN_POINT('Origin',(100.932372032578,21.,-59.9236838282353));
#9386=CARTESIAN_POINT('',(1.3735235709845,9.84394305451358,-2.62570617941939));
#9387=CARTESIAN_POINT('',(32.8396283113609,4.62766828062819,153.762582177903));
#9388=CARTESIAN_POINT('',(0.,0.,0.));
#9389=CARTESIAN_POINT('',(0.,0.,0.));
#9390=CARTESIAN_POINT('',(0.,0.,0.));
#9391=CARTESIAN_POINT('',(0.,0.,0.));
#9392=CARTESIAN_POINT('',(-111.306713301373,50.0147408372604,-28.2849981617931));
#9393=CARTESIAN_POINT('',(0.,0.,0.));
#9394=CARTESIAN_POINT('',(0.,0.,0.));
#9395=CARTESIAN_POINT('',(0.,0.,0.));
#9396=CARTESIAN_POINT('',(0.,0.,0.));
#9397=CARTESIAN_POINT('',(0.,0.,0.));
#9398=CARTESIAN_POINT('',(0.,0.,0.));
#9399=CARTESIAN_POINT('',(0.,0.,0.));
#9400=CARTESIAN_POINT('',(0.,0.,0.));
#9401=CARTESIAN_POINT('',(0.,0.,0.));
#9402=CARTESIAN_POINT('',(0.,0.,0.));
#9403=CARTESIAN_POINT('',(-49.5067133013733,114.10974083726,-30.5799981617921));
#9404=CARTESIAN_POINT('',(-53.0567133013732,110.55974083726,-30.5799981617922));
#9405=CARTESIAN_POINT('',(-31.7567133013735,131.85974083726,-30.579998161792));
#9406=CARTESIAN_POINT('',(-24.6567133013737,138.95974083726,-30.5799981617919));
#9407=CARTESIAN_POINT('',(-35.3067133013734,128.30974083726,-30.579998161792));
#9408=CARTESIAN_POINT('',(-45.9567133013733,117.65974083726,-30.579998161792));
#9409=CARTESIAN_POINT('',(-28.2067133013735,135.40974083726,-30.579998161792));
#9410=CARTESIAN_POINT('',(-38.8567133013735,124.75974083726,-30.5799981617921));
#9411=CARTESIAN_POINT('',(-42.4067133013735,121.20974083726,-30.579998161792));
#9412=CARTESIAN_POINT('',(0.,0.,0.));
#9413=CARTESIAN_POINT('',(117.,-44.,1.59500000000001));
#9414=CARTESIAN_POINT('',(119.295,-108.095,1.59500000000001));
#9415=CARTESIAN_POINT('',(119.295,-104.545,1.59500000000001));
#9416=CARTESIAN_POINT('',(119.295,-125.845,1.59500000000001));
#9417=CARTESIAN_POINT('',(119.295,-132.945,1.59500000000001));
#9418=CARTESIAN_POINT('',(119.295,-122.295,1.59500000000003));
#9419=CARTESIAN_POINT('',(119.295,-111.645,1.59500000000001));
#9420=CARTESIAN_POINT('',(119.295,-129.395,1.59500000000001));
#9421=CARTESIAN_POINT('',(119.295,-118.745,1.59500000000001));
#9422=CARTESIAN_POINT('',(119.295,-115.195,1.59500000000001));
#9423=CARTESIAN_POINT('',(-38.3067133013705,4.41974083725925,90.3100018382059));
#9424=CARTESIAN_POINT('Origin',(109.899999850988,6.5,1.));
#9425=CARTESIAN_POINT('',(109.899999850988,13.,0.));
#9426=CARTESIAN_POINT('',(110.899999850988,13.,1.));
#9427=CARTESIAN_POINT('Origin',(109.899999850988,13.,1.));
#9428=CARTESIAN_POINT('',(110.899999850988,3.,1.));
#9429=CARTESIAN_POINT('',(110.899999850988,6.5,1.));
#9430=CARTESIAN_POINT('',(109.899999850988,3.,0.));
#9431=CARTESIAN_POINT('Origin',(109.899999850988,3.,1.));
#9432=CARTESIAN_POINT('',(109.899999850988,6.5,0.));
#9433=CARTESIAN_POINT('Origin',(110.899999850988,0.,10.0000001490116));
#9434=CARTESIAN_POINT('',(110.899999850988,3.,-28.0000004023314));
#9435=CARTESIAN_POINT('',(110.899999850988,3.,-1.75000002607703));
#9436=CARTESIAN_POINT('',(110.899999850988,13.,9.00000014901161));
#9437=CARTESIAN_POINT('',(110.899999850988,13.,10.0000001490116));
#9438=CARTESIAN_POINT('',(110.899999850988,1.,9.00000014901161));
#9439=CARTESIAN_POINT('',(110.899999850988,0.,9.00000014901161));
#9440=CARTESIAN_POINT('',(110.899999850988,1.,-68.8999998509884));
#9441=CARTESIAN_POINT('',(110.899999850988,1.,-9.97499985098839));
#9442=CARTESIAN_POINT('',(110.899999850988,13.,-68.8999998509884));
#9443=CARTESIAN_POINT('',(110.899999850988,0.,-68.8999998509884));
#9444=CARTESIAN_POINT('',(110.899999850988,13.,-28.0000004023314));
#9445=CARTESIAN_POINT('',(110.899999850988,13.,10.0000001490116));
#9446=CARTESIAN_POINT('',(110.899999850988,6.5,-28.0000004023314));
#9447=CARTESIAN_POINT('Origin',(50.4499998509884,13.,-29.9499998509884));
#9448=CARTESIAN_POINT('',(0.,13.,0.));
#9449=CARTESIAN_POINT('',(81.2250007599592,13.,0.));
#9450=CARTESIAN_POINT('',(0.,13.,-59.9));
#9451=CARTESIAN_POINT('',(0.,13.,-14.9749999254942));
#9452=CARTESIAN_POINT('',(100.9,13.,-59.9));
#9453=CARTESIAN_POINT('',(25.2249999254942,13.,-59.9));
#9454=CARTESIAN_POINT('',(100.9,13.,-27.0000004023314));
#9455=CARTESIAN_POINT('',(100.9,13.,-44.9249999254942));
#9456=CARTESIAN_POINT('',(109.899999850988,13.,-27.0000004023314));
#9457=CARTESIAN_POINT('',(75.7250006780028,13.,-27.0000004023314));
#9458=CARTESIAN_POINT('Origin',(109.899999850988,13.,-28.0000004023314));
#9459=CARTESIAN_POINT('',(109.899999850988,13.,-69.8999998509884));
#9460=CARTESIAN_POINT('Origin',(109.899999850988,13.,-68.8999998509884));
#9461=CARTESIAN_POINT('',(-9.00000014901162,13.,-69.8999998509884));
#9462=CARTESIAN_POINT('',(110.899999850988,13.,-69.8999998509884));
#9463=CARTESIAN_POINT('',(-10.0000001490116,13.,-68.8999998509884));
#9464=CARTESIAN_POINT('Origin',(-9.00000014901162,13.,-68.8999998509884));
#9465=CARTESIAN_POINT('',(-10.0000001490116,13.,9.00000014901161));
#9466=CARTESIAN_POINT('',(-10.0000001490116,13.,-69.8999998509884));
#9467=CARTESIAN_POINT('',(-9.00000014901161,13.,10.0000001490116));
#9468=CARTESIAN_POINT('Origin',(-9.00000014901161,13.,9.00000014901161));
#9469=CARTESIAN_POINT('',(109.899999850988,13.,10.0000001490116));
#9470=CARTESIAN_POINT('',(-10.0000001490116,13.,10.0000001490116));
#9471=CARTESIAN_POINT('Origin',(109.899999850988,13.,9.00000014901161));
#9472=CARTESIAN_POINT('',(-6.45000014901161,13.,5.00000014901161));
#9473=CARTESIAN_POINT('Origin',(-5.00000014901161,13.,5.00000014901161));
#9474=CARTESIAN_POINT('',(104.449999850988,13.,5.00000014901161));
#9475=CARTESIAN_POINT('Origin',(105.899999850988,13.,5.00000014901161));
#9476=CARTESIAN_POINT('',(104.449999850988,13.,-64.8999998509884));
#9477=CARTESIAN_POINT('Origin',(105.899999850988,13.,-64.8999998509884));
#9478=CARTESIAN_POINT('',(-3.74826476656153,13.,-65.6318868178914));
#9479=CARTESIAN_POINT('',(-6.24968467782605,13.,-64.1646165642312));
#9480=CARTESIAN_POINT('Origin',(-4.99794929537606,13.,-64.8965035311344));
#9481=CARTESIAN_POINT('',(-6.45000014901161,13.,-64.8999998509884));
#9482=CARTESIAN_POINT('Origin',(-5.00000014901161,13.,-64.8999998509884));
#9483=CARTESIAN_POINT('Origin',(-5.00000014901161,13.,-64.8999998509884));
#9484=CARTESIAN_POINT('Origin',(109.899999850988,6.5,-28.0000004023314));
#9485=CARTESIAN_POINT('',(109.899999850988,3.,-27.0000004023314));
#9486=CARTESIAN_POINT('',(109.899999850988,6.5,-27.0000004023314));
#9487=CARTESIAN_POINT('Origin',(109.899999850988,3.,-28.0000004023314));
#9488=CARTESIAN_POINT('Origin',(101.000001505017,13.,-27.0000004023314));
#9489=CARTESIAN_POINT('',(100.9,3.,-27.0000004023314));
#9490=CARTESIAN_POINT('',(100.9,13.,-27.0000004023314));
#9491=CARTESIAN_POINT('',(101.000001505017,3.,-27.0000004023314));
#9492=CARTESIAN_POINT('Origin',(-9.00000014901162,0.,-68.8999998509884));
#9493=CARTESIAN_POINT('',(-9.00000014901162,1.,-69.8999998509884));
#9494=CARTESIAN_POINT('',(-9.00000014901162,0.,-69.8999998509884));
#9495=CARTESIAN_POINT('',(-10.0000001490116,1.,-68.8999998509884));
#9496=CARTESIAN_POINT('Origin',(-9.00000014901162,1.,-68.8999998509884));
#9497=CARTESIAN_POINT('',(-10.0000001490116,0.,-68.8999998509884));
#9498=CARTESIAN_POINT('Origin',(-9.00000014901162,1.,-68.8999998509884));
#9499=CARTESIAN_POINT('',(-9.00000014901162,0.,-68.8999998509884));
#9500=CARTESIAN_POINT('Origin',(-9.00000014901162,1.,-68.8999998509884));
#9501=CARTESIAN_POINT('Origin',(-9.00000014901162,1.,-68.8999998509884));
#9502=CARTESIAN_POINT('Origin',(80.6749998509884,1.,-68.8999998509884));
#9503=CARTESIAN_POINT('',(109.899999850988,1.,-69.8999998509884));
#9504=CARTESIAN_POINT('',(80.6749998509884,1.,-69.8999998509884));
#9505=CARTESIAN_POINT('',(109.899999850988,0.,-68.8999998509884));
#9506=CARTESIAN_POINT('Origin',(109.899999850988,1.,-68.8999998509884));
#9507=CARTESIAN_POINT('',(80.6749998509884,0.,-68.8999998509884));
#9508=CARTESIAN_POINT('Origin',(110.899999850988,0.,-69.8999998509884));
#9509=CARTESIAN_POINT('',(109.899999850988,0.,-69.8999998509884));
#9510=CARTESIAN_POINT('Origin',(-9.00000014901162,1.,9.00000014901161));
#9511=CARTESIAN_POINT('',(-9.00000014901162,1.,10.0000001490116));
#9512=CARTESIAN_POINT('',(-10.0000001490116,1.,9.00000014901161));
#9513=CARTESIAN_POINT('Origin',(-9.00000014901162,1.,9.00000014901161));
#9514=CARTESIAN_POINT('',(-9.00000014901162,0.,9.00000014901161));
#9515=CARTESIAN_POINT('Origin',(-9.00000014901162,1.,9.00000014901161));
#9516=CARTESIAN_POINT('Origin',(-9.00000014901162,1.,9.00000014901161));
#9517=CARTESIAN_POINT('Origin',(-9.00000014901161,0.,9.00000014901161));
#9518=CARTESIAN_POINT('',(-10.0000001490116,0.,9.00000014901161));
#9519=CARTESIAN_POINT('',(-9.00000014901161,0.,10.0000001490116));
#9520=CARTESIAN_POINT('Origin',(-10.0000001490116,0.,10.0000001490116));
#9521=CARTESIAN_POINT('',(109.899999850988,1.,10.0000001490116));
#9522=CARTESIAN_POINT('',(20.2249998509884,1.,10.0000001490116));
#9523=CARTESIAN_POINT('',(109.899999850988,0.,10.0000001490116));
#9524=CARTESIAN_POINT('Origin',(20.2249998509884,1.,9.00000014901161));
#9525=CARTESIAN_POINT('',(109.899999850988,0.,9.00000014901161));
#9526=CARTESIAN_POINT('',(20.2249998509884,0.,9.00000014901161));
#9527=CARTESIAN_POINT('Origin',(109.899999850988,1.,9.00000014901161));
#9528=CARTESIAN_POINT('Origin',(109.899999850988,1.,9.00000014901161));
#9529=CARTESIAN_POINT('Origin',(109.899999850988,1.,9.00000014901161));
#9530=CARTESIAN_POINT('Origin',(109.899999850988,1.,9.00000014901161));
#9531=CARTESIAN_POINT('Origin',(109.899999850988,0.,9.00000014901161));
#9532=CARTESIAN_POINT('Origin',(109.899999850988,1.,-68.8999998509884));
#9533=CARTESIAN_POINT('Origin',(109.899999850988,1.,-68.8999998509884));
#9534=CARTESIAN_POINT('Origin',(109.899999850988,1.,-68.8999998509884));
#9535=CARTESIAN_POINT('Origin',(109.899999850988,0.,-68.8999998509884));
#9536=CARTESIAN_POINT('Origin',(109.899999850988,1.,-9.97499985098839));
#9537=CARTESIAN_POINT('',(109.899999850988,0.,-9.97499985098839));
#9538=CARTESIAN_POINT('Origin',(-9.00000014901162,1.,-49.9249998509884));
#9539=CARTESIAN_POINT('',(-9.00000014901162,0.,-49.9249998509884));
#9540=CARTESIAN_POINT('',(-10.0000001490116,1.,-49.9249998509884));
#9541=CARTESIAN_POINT('Origin',(-10.0000001490116,0.,-69.8999998509884));
#9542=CARTESIAN_POINT('Origin',(50.4499998509884,0.,-29.9499998509884));
#9543=CARTESIAN_POINT('',(104.449999850988,0.,-64.8999998509884));
#9544=CARTESIAN_POINT('Origin',(105.899999850988,0.,-64.8999998509884));
#9545=CARTESIAN_POINT('',(-6.45000014901161,0.,-64.8999998509884));
#9546=CARTESIAN_POINT('Origin',(-5.00000014901161,0.,-64.8999998509884));
#9547=CARTESIAN_POINT('',(104.449999850988,0.,5.00000014901161));
#9548=CARTESIAN_POINT('Origin',(105.899999850988,0.,5.00000014901161));
#9549=CARTESIAN_POINT('',(-6.45000014901161,0.,5.00000014901161));
#9550=CARTESIAN_POINT('Origin',(-5.00000014901161,0.,5.00000014901161));
#9551=CARTESIAN_POINT('Origin',(-4.99794929537606,9.56437605120502,-64.8965035311344));
#9552=CARTESIAN_POINT('',(-6.24968467782605,10.,-64.1646165642312));
#9553=CARTESIAN_POINT('',(-3.74826476656153,10.,-65.6318868178914));
#9554=CARTESIAN_POINT('Ctrl Pts',(-6.24968467782605,10.,-64.1646165642312));
#9555=CARTESIAN_POINT('Ctrl Pts',(-6.18551380535209,9.99978747029818,-64.055566837408));
#9556=CARTESIAN_POINT('Ctrl Pts',(-6.10749604586135,9.9995774616454,-63.9564350992151));
#9557=CARTESIAN_POINT('Ctrl Pts',(-5.89366224296941,9.99908725169817,-63.7437551350171));
#9558=CARTESIAN_POINT('Ctrl Pts',(-5.73062091765328,9.99878746832084,-63.632737166953));
#9559=CARTESIAN_POINT('Ctrl Pts',(-5.3736404294579,9.99827023073139,-63.4857317156098));
#9560=CARTESIAN_POINT('Ctrl Pts',(-5.1797012657105,9.99805278903282,-63.4497442343949));
#9561=CARTESIAN_POINT('Ctrl Pts',(-4.99794929537606,9.99789832763255,-63.4500013013342));
#9562=CARTESIAN_POINT('Ctrl Pts',(-4.81639842119843,9.99774403713328,-63.4502580838464));
#9563=CARTESIAN_POINT('Ctrl Pts',(-4.62276247938056,9.99763198510827,-63.486714195282));
#9564=CARTESIAN_POINT('Ctrl Pts',(-4.26650573749595,9.99754298800587,-63.6344286154235));
#9565=CARTESIAN_POINT('Ctrl Pts',(-4.10388493767293,9.99756604647203,-63.7456869247192));
#9566=CARTESIAN_POINT('Ctrl Pts',(-3.84688098143815,9.99771987868662,-64.002328744585));
#9567=CARTESIAN_POINT('Ctrl Pts',(-3.73535065515311,9.99786099671943,-64.1648913150207));
#9568=CARTESIAN_POINT('Ctrl Pts',(-3.58713135132877,9.9982520679438,-64.5211533616245));
#9569=CARTESIAN_POINT('Ctrl Pts',(-3.55044237170821,9.99850200861178,-64.7148528369405));
#9570=CARTESIAN_POINT('Ctrl Pts',(-3.54956553030741,9.99902886807865,-65.0784970079918));
#9571=CARTESIAN_POINT('Ctrl Pts',(-3.58545486666158,9.99934106661218,-65.2727136940458));
#9572=CARTESIAN_POINT('Ctrl Pts',(-3.68454837074,9.99977457951398,-65.5136882842559));
#9573=CARTESIAN_POINT('Ctrl Pts',(-3.71450664902261,9.99988766123332,-65.5741508120883));
#9574=CARTESIAN_POINT('Ctrl Pts',(-3.74826476656153,10.,-65.6318868178914));
#9575=CARTESIAN_POINT('Origin',(-4.99794929537606,10.,-64.8965035311344));
#9576=CARTESIAN_POINT('Origin',(-4.99794929537606,13.,-64.8965035311344));
#9577=CARTESIAN_POINT('',(-6.24968467782605,13.,-64.1646165642312));
#9578=CARTESIAN_POINT('',(-3.74826476656153,13.,-65.6318868178914));
#9579=CARTESIAN_POINT('Origin',(-5.00000014901161,0.,-64.8999998509884));
#9580=CARTESIAN_POINT('',(-6.45000014901161,0.,-64.8999998509884));
#9581=CARTESIAN_POINT('Origin',(100.9,13.,0.));
#9582=CARTESIAN_POINT('',(0.,3.,0.));
#9583=CARTESIAN_POINT('',(112.00000166893,3.,0.));
#9584=CARTESIAN_POINT('',(0.,13.,0.));
#9585=CARTESIAN_POINT('Origin',(100.9,13.,-59.9));
#9586=CARTESIAN_POINT('',(100.9,3.,-59.9));
#9587=CARTESIAN_POINT('',(100.9,13.,-59.9));
#9588=CARTESIAN_POINT('',(100.9,3.,0.));
#9589=CARTESIAN_POINT('Origin',(0.,13.,-59.9));
#9590=CARTESIAN_POINT('',(0.,3.,-59.9));
#9591=CARTESIAN_POINT('',(0.,13.,-59.9));
#9592=CARTESIAN_POINT('',(100.9,3.,-59.9));
#9593=CARTESIAN_POINT('Origin',(0.,13.,0.));
#9594=CARTESIAN_POINT('',(0.,3.,-59.9));
#9595=CARTESIAN_POINT('Origin',(50.45,3.,-29.95));
#9596=CARTESIAN_POINT('Origin',(105.899999850988,0.,-64.8999998509884));
#9597=CARTESIAN_POINT('',(104.449999850988,0.,-64.8999998509884));
#9598=CARTESIAN_POINT('Origin',(105.899999850988,0.,5.00000014901161));
#9599=CARTESIAN_POINT('',(104.449999850988,0.,5.00000014901161));
#9600=CARTESIAN_POINT('Origin',(-5.00000014901161,0.,5.00000014901161));
#9601=CARTESIAN_POINT('',(-6.45000014901161,0.,5.00000014901161));
#9602=CARTESIAN_POINT('',(0.,0.,0.));
#9603=CARTESIAN_POINT('',(0.,0.,0.));
#9604=CARTESIAN_POINT('',(0.,0.,0.));
#9605=CARTESIAN_POINT('',(0.,0.,0.));
#9606=CARTESIAN_POINT('Origin',(-1.016,1.27,0.));
#9607=CARTESIAN_POINT('',(-1.016,1.27,0.));
#9608=CARTESIAN_POINT('',(-1.016,1.27,2.54));
#9609=CARTESIAN_POINT('',(-1.016,1.27,0.));
#9610=CARTESIAN_POINT('',(-1.27,1.016,0.));
#9611=CARTESIAN_POINT('',(-1.016,1.27,0.));
#9612=CARTESIAN_POINT('',(-1.27,1.016,2.54));
#9613=CARTESIAN_POINT('',(-1.27,1.016,0.));
#9614=CARTESIAN_POINT('',(-1.016,1.27,2.54));
#9615=CARTESIAN_POINT('Origin',(1.016,1.27,0.));
#9616=CARTESIAN_POINT('',(1.016,1.27,0.));
#9617=CARTESIAN_POINT('',(1.016,1.27,2.54));
#9618=CARTESIAN_POINT('',(1.016,1.27,0.));
#9619=CARTESIAN_POINT('',(1.016,1.27,0.));
#9620=CARTESIAN_POINT('',(1.016,1.27,2.54));
#9621=CARTESIAN_POINT('Origin',(-1.27,1.016,0.));
#9622=CARTESIAN_POINT('',(-1.27,-1.016,0.));
#9623=CARTESIAN_POINT('',(-1.27,1.016,0.));
#9624=CARTESIAN_POINT('',(-1.27,-1.016,2.54));
#9625=CARTESIAN_POINT('',(-1.27,-1.016,0.));
#9626=CARTESIAN_POINT('',(-1.27,1.016,2.54));
#9627=CARTESIAN_POINT('Origin',(4.259053689278E-17,-3.81,0.));
#9628=CARTESIAN_POINT('',(1.27,1.016,0.));
#9629=CARTESIAN_POINT('',(1.27,1.016,0.));
#9630=CARTESIAN_POINT('',(1.27,-1.016,0.));
#9631=CARTESIAN_POINT('',(1.27,-1.016,0.));
#9632=CARTESIAN_POINT('',(1.016,-1.27,0.));
#9633=CARTESIAN_POINT('',(1.016,-1.27,0.));
#9634=CARTESIAN_POINT('',(1.27,-1.524,0.));
#9635=CARTESIAN_POINT('',(1.27,-1.524,0.));
#9636=CARTESIAN_POINT('',(1.27,-3.556,0.));
#9637=CARTESIAN_POINT('',(1.27,-3.556,0.));
#9638=CARTESIAN_POINT('',(1.016,-3.81,0.));
#9639=CARTESIAN_POINT('',(1.016,-3.81,0.));
#9640=CARTESIAN_POINT('',(1.27,-4.064,0.));
#9641=CARTESIAN_POINT('',(1.27,-4.064,0.));
#9642=CARTESIAN_POINT('',(1.27,-6.096,0.));
#9643=CARTESIAN_POINT('',(1.27,-6.096,0.));
#9644=CARTESIAN_POINT('',(1.016,-6.35,0.));
#9645=CARTESIAN_POINT('',(1.016,-6.35,0.));
#9646=CARTESIAN_POINT('',(1.27,-6.604,0.));
#9647=CARTESIAN_POINT('',(1.27,-6.604,0.));
#9648=CARTESIAN_POINT('',(1.27,-8.636,0.));
#9649=CARTESIAN_POINT('',(1.27,-8.636,0.));
#9650=CARTESIAN_POINT('',(1.016,-8.89,0.));
#9651=CARTESIAN_POINT('',(1.016,-8.89,0.));
#9652=CARTESIAN_POINT('',(-1.016,-8.89,0.));
#9653=CARTESIAN_POINT('',(-1.016,-8.89,0.));
#9654=CARTESIAN_POINT('',(-1.27,-8.636,0.));
#9655=CARTESIAN_POINT('',(-1.27,-8.636,0.));
#9656=CARTESIAN_POINT('',(-1.27,-6.604,0.));
#9657=CARTESIAN_POINT('',(-1.27,-6.604,0.));
#9658=CARTESIAN_POINT('',(-1.016,-6.35,0.));
#9659=CARTESIAN_POINT('',(-1.016,-6.35,0.));
#9660=CARTESIAN_POINT('',(-1.27,-6.096,0.));
#9661=CARTESIAN_POINT('',(-1.27,-6.096,0.));
#9662=CARTESIAN_POINT('',(-1.27,-4.064,0.));
#9663=CARTESIAN_POINT('',(-1.27,-4.064,0.));
#9664=CARTESIAN_POINT('',(-1.016,-3.81,0.));
#9665=CARTESIAN_POINT('',(-1.016,-3.81,0.));
#9666=CARTESIAN_POINT('',(-1.27,-3.556,0.));
#9667=CARTESIAN_POINT('',(-1.27,-3.556,0.));
#9668=CARTESIAN_POINT('',(-1.27,-1.524,0.));
#9669=CARTESIAN_POINT('',(-1.27,-1.524,0.));
#9670=CARTESIAN_POINT('',(-1.016,-1.27,0.));
#9671=CARTESIAN_POINT('',(-1.016,-1.27,0.));
#9672=CARTESIAN_POINT('',(-1.27,-1.016,0.));
#9673=CARTESIAN_POINT('',(0.32,-4.76,0.));
#9674=CARTESIAN_POINT('',(-0.32,-4.76,0.));
#9675=CARTESIAN_POINT('',(-0.16,-4.76,0.));
#9676=CARTESIAN_POINT('',(-0.32,-5.4,0.));
#9677=CARTESIAN_POINT('',(-0.32,-4.605,0.));
#9678=CARTESIAN_POINT('',(0.32,-5.4,0.));
#9679=CARTESIAN_POINT('',(-0.16,-5.4,0.));
#9680=CARTESIAN_POINT('',(0.32,-4.605,0.));
#9681=CARTESIAN_POINT('',(0.32,-7.94,0.));
#9682=CARTESIAN_POINT('',(0.32,-7.3,0.));
#9683=CARTESIAN_POINT('',(0.32,-5.875,0.));
#9684=CARTESIAN_POINT('',(-0.32,-7.3,0.));
#9685=CARTESIAN_POINT('',(-0.16,-7.3,0.));
#9686=CARTESIAN_POINT('',(-0.32,-7.94,0.));
#9687=CARTESIAN_POINT('',(-0.32,-5.875,0.));
#9688=CARTESIAN_POINT('',(-0.16,-7.94,0.));
#9689=CARTESIAN_POINT('',(0.32,-0.32,0.));
#9690=CARTESIAN_POINT('',(0.32,0.32,0.));
#9691=CARTESIAN_POINT('',(0.32,-2.065,0.));
#9692=CARTESIAN_POINT('',(-0.32,0.32,0.));
#9693=CARTESIAN_POINT('',(-0.16,0.32,0.));
#9694=CARTESIAN_POINT('',(-0.32,-0.32,0.));
#9695=CARTESIAN_POINT('',(-0.32,-2.065,0.));
#9696=CARTESIAN_POINT('',(-0.16,-0.32,0.));
#9697=CARTESIAN_POINT('',(0.32,-2.22,0.));
#9698=CARTESIAN_POINT('',(-0.32,-2.22,0.));
#9699=CARTESIAN_POINT('',(-0.16,-2.22,0.));
#9700=CARTESIAN_POINT('',(-0.32,-2.86,0.));
#9701=CARTESIAN_POINT('',(-0.32,-3.335,0.));
#9702=CARTESIAN_POINT('',(0.32,-2.86,0.));
#9703=CARTESIAN_POINT('',(-0.16,-2.86,0.));
#9704=CARTESIAN_POINT('',(0.32,-3.335,0.));
#9705=CARTESIAN_POINT('Origin',(4.259053689278E-17,-3.81,2.54));
#9706=CARTESIAN_POINT('',(-1.016,-1.27,2.54));
#9707=CARTESIAN_POINT('',(-1.27,-1.016,2.54));
#9708=CARTESIAN_POINT('',(-1.27,-1.524,2.54));
#9709=CARTESIAN_POINT('',(-1.016,-1.27,2.54));
#9710=CARTESIAN_POINT('',(-1.27,-3.556,2.54));
#9711=CARTESIAN_POINT('',(-1.27,-1.524,2.54));
#9712=CARTESIAN_POINT('',(-1.016,-3.81,2.54));
#9713=CARTESIAN_POINT('',(-1.27,-3.556,2.54));
#9714=CARTESIAN_POINT('',(-1.27,-4.064,2.54));
#9715=CARTESIAN_POINT('',(-1.016,-3.81,2.54));
#9716=CARTESIAN_POINT('',(-1.27,-6.096,2.54));
#9717=CARTESIAN_POINT('',(-1.27,-4.064,2.54));
#9718=CARTESIAN_POINT('',(-1.016,-6.35,2.54));
#9719=CARTESIAN_POINT('',(-1.27,-6.096,2.54));
#9720=CARTESIAN_POINT('',(-1.27,-6.604,2.54));
#9721=CARTESIAN_POINT('',(-1.016,-6.35,2.54));
#9722=CARTESIAN_POINT('',(-1.27,-8.636,2.54));
#9723=CARTESIAN_POINT('',(-1.27,-6.604,2.54));
#9724=CARTESIAN_POINT('',(-1.016,-8.89,2.54));
#9725=CARTESIAN_POINT('',(-1.27,-8.636,2.54));
#9726=CARTESIAN_POINT('',(1.016,-8.89,2.54));
#9727=CARTESIAN_POINT('',(-1.016,-8.89,2.54));
#9728=CARTESIAN_POINT('',(1.27,-8.636,2.54));
#9729=CARTESIAN_POINT('',(1.016,-8.89,2.54));
#9730=CARTESIAN_POINT('',(1.27,-6.604,2.54));
#9731=CARTESIAN_POINT('',(1.27,-8.636,2.54));
#9732=CARTESIAN_POINT('',(1.016,-6.35,2.54));
#9733=CARTESIAN_POINT('',(1.27,-6.604,2.54));
#9734=CARTESIAN_POINT('',(1.27,-6.096,2.54));
#9735=CARTESIAN_POINT('',(1.016,-6.35,2.54));
#9736=CARTESIAN_POINT('',(1.27,-4.064,2.54));
#9737=CARTESIAN_POINT('',(1.27,-6.096,2.54));
#9738=CARTESIAN_POINT('',(1.016,-3.81,2.54));
#9739=CARTESIAN_POINT('',(1.27,-4.064,2.54));
#9740=CARTESIAN_POINT('',(1.27,-3.556,2.54));
#9741=CARTESIAN_POINT('',(1.016,-3.81,2.54));
#9742=CARTESIAN_POINT('',(1.27,-1.524,2.54));
#9743=CARTESIAN_POINT('',(1.27,-3.556,2.54));
#9744=CARTESIAN_POINT('',(1.016,-1.27,2.54));
#9745=CARTESIAN_POINT('',(1.27,-1.524,2.54));
#9746=CARTESIAN_POINT('',(1.27,-1.016,2.54));
#9747=CARTESIAN_POINT('',(1.016,-1.27,2.54));
#9748=CARTESIAN_POINT('',(1.27,1.016,2.54));
#9749=CARTESIAN_POINT('',(1.27,-1.016,2.54));
#9750=CARTESIAN_POINT('',(1.27,1.016,2.54));
#9751=CARTESIAN_POINT('',(0.32,-4.76,2.54));
#9752=CARTESIAN_POINT('',(-0.32,-4.76,2.54));
#9753=CARTESIAN_POINT('',(-0.16,-4.76,2.54));
#9754=CARTESIAN_POINT('',(0.32,-5.4,2.54));
#9755=CARTESIAN_POINT('',(0.32,-4.605,2.54));
#9756=CARTESIAN_POINT('',(-0.32,-5.4,2.54));
#9757=CARTESIAN_POINT('',(-0.16,-5.4,2.54));
#9758=CARTESIAN_POINT('',(-0.32,-4.605,2.54));
#9759=CARTESIAN_POINT('',(0.32,-7.94,2.54));
#9760=CARTESIAN_POINT('',(0.32,-7.3,2.54));
#9761=CARTESIAN_POINT('',(0.32,-5.875,2.54));
#9762=CARTESIAN_POINT('',(-0.32,-7.94,2.54));
#9763=CARTESIAN_POINT('',(-0.16,-7.94,2.54));
#9764=CARTESIAN_POINT('',(-0.32,-7.3,2.54));
#9765=CARTESIAN_POINT('',(-0.32,-5.875,2.54));
#9766=CARTESIAN_POINT('',(-0.16,-7.3,2.54));
#9767=CARTESIAN_POINT('',(0.32,-0.32,2.54));
#9768=CARTESIAN_POINT('',(0.32,0.32,2.54));
#9769=CARTESIAN_POINT('',(0.32,-2.065,2.54));
#9770=CARTESIAN_POINT('',(-0.32,-0.32,2.54));
#9771=CARTESIAN_POINT('',(-0.16,-0.32,2.54));
#9772=CARTESIAN_POINT('',(-0.32,0.32,2.54));
#9773=CARTESIAN_POINT('',(-0.32,-2.065,2.54));
#9774=CARTESIAN_POINT('',(-0.16,0.32,2.54));
#9775=CARTESIAN_POINT('',(0.32,-2.22,2.54));
#9776=CARTESIAN_POINT('',(-0.32,-2.22,2.54));
#9777=CARTESIAN_POINT('',(-0.16,-2.22,2.54));
#9778=CARTESIAN_POINT('',(0.32,-2.86,2.54));
#9779=CARTESIAN_POINT('',(0.32,-3.335,2.54));
#9780=CARTESIAN_POINT('',(-0.32,-2.86,2.54));
#9781=CARTESIAN_POINT('',(-0.16,-2.86,2.54));
#9782=CARTESIAN_POINT('',(-0.32,-3.335,2.54));
#9783=CARTESIAN_POINT('Origin',(1.27,1.016,0.));
#9784=CARTESIAN_POINT('',(1.27,1.016,0.));
#9785=CARTESIAN_POINT('Origin',(-1.27,-1.016,0.));
#9786=CARTESIAN_POINT('',(-1.016,-1.27,0.));
#9787=CARTESIAN_POINT('Origin',(1.27,-1.016,0.));
#9788=CARTESIAN_POINT('',(1.27,-1.016,0.));
#9789=CARTESIAN_POINT('Origin',(-1.016,-1.27,0.));
#9790=CARTESIAN_POINT('',(-1.27,-1.524,0.));
#9791=CARTESIAN_POINT('Origin',(1.016,-1.27,0.));
#9792=CARTESIAN_POINT('',(1.016,-1.27,0.));
#9793=CARTESIAN_POINT('Origin',(-1.27,-1.524,0.));
#9794=CARTESIAN_POINT('',(-1.27,-3.556,0.));
#9795=CARTESIAN_POINT('Origin',(1.27,-1.524,0.));
#9796=CARTESIAN_POINT('',(1.27,-1.524,0.));
#9797=CARTESIAN_POINT('Origin',(-1.27,-3.556,0.));
#9798=CARTESIAN_POINT('',(-1.016,-3.81,0.));
#9799=CARTESIAN_POINT('Origin',(1.27,-3.556,0.));
#9800=CARTESIAN_POINT('',(1.27,-3.556,0.));
#9801=CARTESIAN_POINT('Origin',(-1.016,-3.81,0.));
#9802=CARTESIAN_POINT('',(-1.27,-4.064,0.));
#9803=CARTESIAN_POINT('Origin',(1.016,-3.81,0.));
#9804=CARTESIAN_POINT('',(1.016,-3.81,0.));
#9805=CARTESIAN_POINT('Origin',(-1.27,-4.064,0.));
#9806=CARTESIAN_POINT('',(-1.27,-6.096,0.));
#9807=CARTESIAN_POINT('Origin',(1.27,-4.064,0.));
#9808=CARTESIAN_POINT('',(1.27,-4.064,0.));
#9809=CARTESIAN_POINT('Origin',(-1.27,-6.096,0.));
#9810=CARTESIAN_POINT('',(-1.016,-6.35,0.));
#9811=CARTESIAN_POINT('Origin',(1.27,-6.096,0.));
#9812=CARTESIAN_POINT('',(1.27,-6.096,0.));
#9813=CARTESIAN_POINT('Origin',(-1.016,-6.35,0.));
#9814=CARTESIAN_POINT('',(-1.27,-6.604,0.));
#9815=CARTESIAN_POINT('Origin',(1.016,-6.35,0.));
#9816=CARTESIAN_POINT('',(1.016,-6.35,0.));
#9817=CARTESIAN_POINT('Origin',(-1.27,-6.604,0.));
#9818=CARTESIAN_POINT('',(-1.27,-8.636,0.));
#9819=CARTESIAN_POINT('Origin',(1.27,-6.604,0.));
#9820=CARTESIAN_POINT('',(1.27,-6.604,0.));
#9821=CARTESIAN_POINT('Origin',(-1.27,-8.636,0.));
#9822=CARTESIAN_POINT('',(-1.016,-8.89,0.));
#9823=CARTESIAN_POINT('Origin',(1.27,-8.636,0.));
#9824=CARTESIAN_POINT('',(1.27,-8.636,0.));
#9825=CARTESIAN_POINT('Origin',(-1.016,-8.89,0.));
#9826=CARTESIAN_POINT('',(1.016,-8.89,0.));
#9827=CARTESIAN_POINT('Origin',(1.016,-8.89,0.));
#9828=CARTESIAN_POINT('Origin',(-0.32,-4.76,-3.));
#9829=CARTESIAN_POINT('',(0.32,-4.76,-2.84));
#9830=CARTESIAN_POINT('',(0.32,-4.76,-3.));
#9831=CARTESIAN_POINT('',(-0.32,-4.76,-2.84));
#9832=CARTESIAN_POINT('',(-0.32,-4.76,-2.84));
#9833=CARTESIAN_POINT('',(-0.32,-4.76,-3.));
#9834=CARTESIAN_POINT('Origin',(-0.32,-5.4,-3.));
#9835=CARTESIAN_POINT('',(-0.32,-5.4,-2.84));
#9836=CARTESIAN_POINT('',(-0.32,-5.4,-3.));
#9837=CARTESIAN_POINT('',(-0.32,-5.4,-2.84));
#9838=CARTESIAN_POINT('Origin',(-0.32,-5.4,-3.));
#9839=CARTESIAN_POINT('',(0.32,-5.4,-2.84));
#9840=CARTESIAN_POINT('',(0.32,-5.4,-3.));
#9841=CARTESIAN_POINT('',(-0.32,-5.4,-2.84));
#9842=CARTESIAN_POINT('Origin',(0.32,-5.4,-3.));
#9843=CARTESIAN_POINT('',(0.32,-5.4,-2.84));
#9844=CARTESIAN_POINT('Origin',(0.32,-7.94,-3.));
#9845=CARTESIAN_POINT('',(0.32,-7.94,-2.84));
#9846=CARTESIAN_POINT('',(0.32,-7.94,-3.));
#9847=CARTESIAN_POINT('',(0.32,-7.3,-2.84));
#9848=CARTESIAN_POINT('',(0.32,-7.94,-2.84));
#9849=CARTESIAN_POINT('',(0.32,-7.3,-3.));
#9850=CARTESIAN_POINT('Origin',(-0.32,-7.3,-3.));
#9851=CARTESIAN_POINT('',(-0.32,-7.3,-2.84));
#9852=CARTESIAN_POINT('',(-0.32,-7.3,-2.84));
#9853=CARTESIAN_POINT('',(-0.32,-7.3,-3.));
#9854=CARTESIAN_POINT('Origin',(-0.32,-7.94,-3.));
#9855=CARTESIAN_POINT('',(-0.32,-7.94,-2.84));
#9856=CARTESIAN_POINT('',(-0.32,-7.94,-3.));
#9857=CARTESIAN_POINT('',(-0.32,-7.94,-2.84));
#9858=CARTESIAN_POINT('Origin',(-0.32,-7.94,-3.));
#9859=CARTESIAN_POINT('',(-0.32,-7.94,-2.84));
#9860=CARTESIAN_POINT('Origin',(0.32,-0.32,-3.));
#9861=CARTESIAN_POINT('',(0.32,-0.32,-2.84));
#9862=CARTESIAN_POINT('',(0.32,-0.32,-3.));
#9863=CARTESIAN_POINT('',(0.32,0.32,-2.84));
#9864=CARTESIAN_POINT('',(0.32,-0.32,-2.84));
#9865=CARTESIAN_POINT('',(0.32,0.32,-3.));
#9866=CARTESIAN_POINT('Origin',(-0.32,0.32,-3.));
#9867=CARTESIAN_POINT('',(-0.32,0.32,-2.84));
#9868=CARTESIAN_POINT('',(-0.32,0.32,-2.84));
#9869=CARTESIAN_POINT('',(-0.32,0.32,-3.));
#9870=CARTESIAN_POINT('Origin',(-0.32,-0.32,-3.));
#9871=CARTESIAN_POINT('',(-0.32,-0.32,-2.84));
#9872=CARTESIAN_POINT('',(-0.32,-0.32,-3.));
#9873=CARTESIAN_POINT('',(-0.32,-0.32,-2.84));
#9874=CARTESIAN_POINT('Origin',(-0.32,-0.32,-3.));
#9875=CARTESIAN_POINT('',(-0.32,-0.32,-2.84));
#9876=CARTESIAN_POINT('Origin',(-0.32,-2.22,-3.));
#9877=CARTESIAN_POINT('',(0.32,-2.22,-2.84));
#9878=CARTESIAN_POINT('',(0.32,-2.22,-3.));
#9879=CARTESIAN_POINT('',(-0.32,-2.22,-2.84));
#9880=CARTESIAN_POINT('',(-0.32,-2.22,-2.84));
#9881=CARTESIAN_POINT('',(-0.32,-2.22,-3.));
#9882=CARTESIAN_POINT('Origin',(-0.32,-2.86,-3.));
#9883=CARTESIAN_POINT('',(-0.32,-2.86,-2.84));
#9884=CARTESIAN_POINT('',(-0.32,-2.86,-3.));
#9885=CARTESIAN_POINT('',(-0.32,-2.86,-2.84));
#9886=CARTESIAN_POINT('Origin',(-0.32,-2.86,-3.));
#9887=CARTESIAN_POINT('',(0.32,-2.86,-2.84));
#9888=CARTESIAN_POINT('',(0.32,-2.86,-3.));
#9889=CARTESIAN_POINT('',(-0.32,-2.86,-2.84));
#9890=CARTESIAN_POINT('Origin',(0.32,-2.86,-3.));
#9891=CARTESIAN_POINT('',(0.32,-2.86,-2.84));
#9892=CARTESIAN_POINT('Origin',(-0.32,-4.76,-3.));
#9893=CARTESIAN_POINT('',(0.32,-4.76,8.38));
#9894=CARTESIAN_POINT('',(0.32,-4.76,-3.));
#9895=CARTESIAN_POINT('',(-0.32,-4.76,8.38));
#9896=CARTESIAN_POINT('',(-0.32,-4.76,-3.));
#9897=CARTESIAN_POINT('',(-0.32,-4.76,8.38));
#9898=CARTESIAN_POINT('Origin',(-0.32,-5.4,-3.));
#9899=CARTESIAN_POINT('',(-0.32,-5.4,8.38));
#9900=CARTESIAN_POINT('',(-0.32,-5.4,-3.));
#9901=CARTESIAN_POINT('',(-0.32,-5.4,8.38));
#9902=CARTESIAN_POINT('Origin',(-0.32,-5.4,-3.));
#9903=CARTESIAN_POINT('',(0.32,-5.4,8.38));
#9904=CARTESIAN_POINT('',(0.32,-5.4,-3.));
#9905=CARTESIAN_POINT('',(-0.32,-5.4,8.38));
#9906=CARTESIAN_POINT('Origin',(0.32,-5.4,-3.));
#9907=CARTESIAN_POINT('',(0.32,-5.4,8.38));
#9908=CARTESIAN_POINT('Origin',(0.32,-7.94,-3.));
#9909=CARTESIAN_POINT('',(0.32,-7.94,8.38));
#9910=CARTESIAN_POINT('',(0.32,-7.94,-3.));
#9911=CARTESIAN_POINT('',(0.32,-7.3,8.38));
#9912=CARTESIAN_POINT('',(0.32,-7.3,-3.));
#9913=CARTESIAN_POINT('',(0.32,-7.94,8.38));
#9914=CARTESIAN_POINT('Origin',(-0.32,-7.3,-3.));
#9915=CARTESIAN_POINT('',(-0.32,-7.3,8.38));
#9916=CARTESIAN_POINT('',(-0.32,-7.3,-3.));
#9917=CARTESIAN_POINT('',(-0.32,-7.3,8.38));
#9918=CARTESIAN_POINT('Origin',(-0.32,-7.94,-3.));
#9919=CARTESIAN_POINT('',(-0.32,-7.94,8.38));
#9920=CARTESIAN_POINT('',(-0.32,-7.94,-3.));
#9921=CARTESIAN_POINT('',(-0.32,-7.94,8.38));
#9922=CARTESIAN_POINT('Origin',(-0.32,-7.94,-3.));
#9923=CARTESIAN_POINT('',(-0.32,-7.94,8.38));
#9924=CARTESIAN_POINT('Origin',(0.32,-0.32,-3.));
#9925=CARTESIAN_POINT('',(0.32,-0.32,8.38));
#9926=CARTESIAN_POINT('',(0.32,-0.32,-3.));
#9927=CARTESIAN_POINT('',(0.32,0.32,8.38));
#9928=CARTESIAN_POINT('',(0.32,0.32,-3.));
#9929=CARTESIAN_POINT('',(0.32,-0.32,8.38));
#9930=CARTESIAN_POINT('Origin',(-0.32,0.32,-3.));
#9931=CARTESIAN_POINT('',(-0.32,0.32,8.38));
#9932=CARTESIAN_POINT('',(-0.32,0.32,-3.));
#9933=CARTESIAN_POINT('',(-0.32,0.32,8.38));
#9934=CARTESIAN_POINT('Origin',(-0.32,-0.32,-3.));
#9935=CARTESIAN_POINT('',(-0.32,-0.32,8.38));
#9936=CARTESIAN_POINT('',(-0.32,-0.32,-3.));
#9937=CARTESIAN_POINT('',(-0.32,-0.32,8.38));
#9938=CARTESIAN_POINT('Origin',(-0.32,-0.32,-3.));
#9939=CARTESIAN_POINT('',(-0.32,-0.32,8.38));
#9940=CARTESIAN_POINT('Origin',(-0.32,-2.22,-3.));
#9941=CARTESIAN_POINT('',(0.32,-2.22,8.38));
#9942=CARTESIAN_POINT('',(0.32,-2.22,-3.));
#9943=CARTESIAN_POINT('',(-0.32,-2.22,8.38));
#9944=CARTESIAN_POINT('',(-0.32,-2.22,-3.));
#9945=CARTESIAN_POINT('',(-0.32,-2.22,8.38));
#9946=CARTESIAN_POINT('Origin',(-0.32,-2.86,-3.));
#9947=CARTESIAN_POINT('',(-0.32,-2.86,8.38));
#9948=CARTESIAN_POINT('',(-0.32,-2.86,-3.));
#9949=CARTESIAN_POINT('',(-0.32,-2.86,8.38));
#9950=CARTESIAN_POINT('Origin',(-0.32,-2.86,-3.));
#9951=CARTESIAN_POINT('',(0.32,-2.86,8.38));
#9952=CARTESIAN_POINT('',(0.32,-2.86,-3.));
#9953=CARTESIAN_POINT('',(-0.32,-2.86,8.38));
#9954=CARTESIAN_POINT('Origin',(0.32,-2.86,-3.));
#9955=CARTESIAN_POINT('',(0.32,-2.86,8.38));
#9956=CARTESIAN_POINT('Origin',(-0.32,-4.84,-2.92));
#9957=CARTESIAN_POINT('',(-0.16,-4.92,-3.));
#9958=CARTESIAN_POINT('',(-0.16,-4.92,-3.));
#9959=CARTESIAN_POINT('',(0.16,-4.92,-3.));
#9960=CARTESIAN_POINT('',(0.05333333333333,-5.026666666667,-3.106666666667));
#9961=CARTESIAN_POINT('',(-0.32,-4.92,-3.));
#9962=CARTESIAN_POINT('Origin',(-0.24,-5.4,-2.92));
#9963=CARTESIAN_POINT('',(-0.16,-5.24,-3.));
#9964=CARTESIAN_POINT('',(-0.266666666667,-5.346666666667,-2.893333333333));
#9965=CARTESIAN_POINT('',(-0.16,-5.4,-3.));
#9966=CARTESIAN_POINT('Origin',(-0.32,-5.32,-2.92));
#9967=CARTESIAN_POINT('',(0.16,-5.24,-3.));
#9968=CARTESIAN_POINT('',(-0.32,-5.24,-3.));
#9969=CARTESIAN_POINT('',(0.16,-5.24,-3.));
#9970=CARTESIAN_POINT('Origin',(0.24,-5.4,-2.92));
#9971=CARTESIAN_POINT('',(0.16,-5.4,-3.));
#9972=CARTESIAN_POINT('Origin',(0.24,-7.94,-2.92));
#9973=CARTESIAN_POINT('',(0.16,-7.78,-3.));
#9974=CARTESIAN_POINT('',(0.16,-7.78,-3.));
#9975=CARTESIAN_POINT('',(0.16,-7.46,-3.));
#9976=CARTESIAN_POINT('',(0.16,-7.94,-3.));
#9977=CARTESIAN_POINT('',(0.05333333333333,-7.566666666667,-3.106666666667));
#9978=CARTESIAN_POINT('Origin',(-0.32,-7.38,-2.92));
#9979=CARTESIAN_POINT('',(-0.16,-7.46,-3.));
#9980=CARTESIAN_POINT('',(-0.16,-7.46,-3.));
#9981=CARTESIAN_POINT('',(-0.32,-7.46,-3.));
#9982=CARTESIAN_POINT('Origin',(-0.24,-7.94,-2.92));
#9983=CARTESIAN_POINT('',(-0.16,-7.78,-3.));
#9984=CARTESIAN_POINT('',(-0.266666666667,-7.886666666667,-2.893333333333));
#9985=CARTESIAN_POINT('',(-0.16,-7.94,-3.));
#9986=CARTESIAN_POINT('Origin',(-0.32,-7.86,-2.92));
#9987=CARTESIAN_POINT('',(-0.32,-7.78,-3.));
#9988=CARTESIAN_POINT('Origin',(0.24,-0.32,-2.92));
#9989=CARTESIAN_POINT('',(0.16,-0.16,-3.));
#9990=CARTESIAN_POINT('',(0.16,-0.16,-3.));
#9991=CARTESIAN_POINT('',(0.16,0.16,-3.));
#9992=CARTESIAN_POINT('',(0.16,-0.32,-3.));
#9993=CARTESIAN_POINT('',(0.05333333333333,0.05333333333333,-3.106666666667));
#9994=CARTESIAN_POINT('Origin',(-0.32,0.24,-2.92));
#9995=CARTESIAN_POINT('',(-0.16,0.16,-3.));
#9996=CARTESIAN_POINT('',(-0.16,0.16,-3.));
#9997=CARTESIAN_POINT('',(-0.32,0.16,-3.));
#9998=CARTESIAN_POINT('Origin',(-0.24,-0.32,-2.92));
#9999=CARTESIAN_POINT('',(-0.16,-0.16,-3.));
#10000=CARTESIAN_POINT('',(-0.266666666667,-0.266666666667,-2.893333333333));
#10001=CARTESIAN_POINT('',(-0.16,-0.32,-3.));
#10002=CARTESIAN_POINT('Origin',(-0.32,-0.24,-2.92));
#10003=CARTESIAN_POINT('',(-0.32,-0.16,-3.));
#10004=CARTESIAN_POINT('Origin',(-0.32,-2.3,-2.92));
#10005=CARTESIAN_POINT('',(-0.16,-2.38,-3.));
#10006=CARTESIAN_POINT('',(-0.16,-2.38,-3.));
#10007=CARTESIAN_POINT('',(0.16,-2.38,-3.));
#10008=CARTESIAN_POINT('',(0.05333333333333,-2.486666666667,-3.106666666667));
#10009=CARTESIAN_POINT('',(-0.32,-2.38,-3.));
#10010=CARTESIAN_POINT('Origin',(-0.24,-2.86,-2.92));
#10011=CARTESIAN_POINT('',(-0.16,-2.7,-3.));
#10012=CARTESIAN_POINT('',(-0.266666666667,-2.806666666667,-2.893333333333));
#10013=CARTESIAN_POINT('',(-0.16,-2.86,-3.));
#10014=CARTESIAN_POINT('Origin',(-0.32,-2.78,-2.92));
#10015=CARTESIAN_POINT('',(0.16,-2.7,-3.));
#10016=CARTESIAN_POINT('',(-0.32,-2.7,-3.));
#10017=CARTESIAN_POINT('',(0.16,-2.7,-3.));
#10018=CARTESIAN_POINT('Origin',(0.24,-2.86,-2.92));
#10019=CARTESIAN_POINT('',(0.16,-2.86,-3.));
#10020=CARTESIAN_POINT('Origin',(-0.32,-4.84,8.46));
#10021=CARTESIAN_POINT('',(-0.16,-4.92,8.54));
#10022=CARTESIAN_POINT('',(-0.16,-4.92,8.54));
#10023=CARTESIAN_POINT('',(0.16,-4.92,8.54));
#10024=CARTESIAN_POINT('',(-0.32,-4.92,8.54));
#10025=CARTESIAN_POINT('',(0.05333333333333,-5.026666666667,8.646666666667));
#10026=CARTESIAN_POINT('Origin',(-0.24,-5.4,8.46));
#10027=CARTESIAN_POINT('',(-0.16,-5.24,8.54));
#10028=CARTESIAN_POINT('',(-0.266666666667,-5.346666666667,8.433333333333));
#10029=CARTESIAN_POINT('',(-0.16,-5.4,8.54));
#10030=CARTESIAN_POINT('Origin',(-0.32,-5.32,8.46));
#10031=CARTESIAN_POINT('',(0.16,-5.24,8.54));
#10032=CARTESIAN_POINT('',(0.16,-5.24,8.54));
#10033=CARTESIAN_POINT('',(-0.32,-5.24,8.54));
#10034=CARTESIAN_POINT('Origin',(0.24,-5.4,8.46));
#10035=CARTESIAN_POINT('',(0.16,-5.4,8.54));
#10036=CARTESIAN_POINT('Origin',(0.24,-7.94,8.46));
#10037=CARTESIAN_POINT('',(0.16,-7.78,8.54));
#10038=CARTESIAN_POINT('',(0.16,-7.78,8.54));
#10039=CARTESIAN_POINT('',(0.16,-7.46,8.54));
#10040=CARTESIAN_POINT('',(0.05333333333333,-7.566666666667,8.646666666667));
#10041=CARTESIAN_POINT('',(0.16,-7.94,8.54));
#10042=CARTESIAN_POINT('Origin',(-0.32,-7.38,8.46));
#10043=CARTESIAN_POINT('',(-0.16,-7.46,8.54));
#10044=CARTESIAN_POINT('',(-0.16,-7.46,8.54));
#10045=CARTESIAN_POINT('',(-0.32,-7.46,8.54));
#10046=CARTESIAN_POINT('Origin',(-0.24,-7.94,8.46));
#10047=CARTESIAN_POINT('',(-0.16,-7.78,8.54));
#10048=CARTESIAN_POINT('',(-0.266666666667,-7.886666666667,8.433333333333));
#10049=CARTESIAN_POINT('',(-0.16,-7.94,8.54));
#10050=CARTESIAN_POINT('Origin',(-0.32,-7.86,8.46));
#10051=CARTESIAN_POINT('',(-0.32,-7.78,8.54));
#10052=CARTESIAN_POINT('Origin',(0.24,-0.32,8.46));
#10053=CARTESIAN_POINT('',(0.16,-0.16,8.54));
#10054=CARTESIAN_POINT('',(0.16,-0.16,8.54));
#10055=CARTESIAN_POINT('',(0.16,0.16,8.54));
#10056=CARTESIAN_POINT('',(0.05333333333333,0.05333333333333,8.646666666667));
#10057=CARTESIAN_POINT('',(0.16,-0.32,8.54));
#10058=CARTESIAN_POINT('Origin',(-0.32,0.24,8.46));
#10059=CARTESIAN_POINT('',(-0.16,0.16,8.54));
#10060=CARTESIAN_POINT('',(-0.16,0.16,8.54));
#10061=CARTESIAN_POINT('',(-0.32,0.16,8.54));
#10062=CARTESIAN_POINT('Origin',(-0.24,-0.32,8.46));
#10063=CARTESIAN_POINT('',(-0.16,-0.16,8.54));
#10064=CARTESIAN_POINT('',(-0.266666666667,-0.266666666667,8.433333333333));
#10065=CARTESIAN_POINT('',(-0.16,-0.32,8.54));
#10066=CARTESIAN_POINT('Origin',(-0.32,-0.24,8.46));
#10067=CARTESIAN_POINT('',(-0.32,-0.16,8.54));
#10068=CARTESIAN_POINT('Origin',(-0.32,-2.3,8.46));
#10069=CARTESIAN_POINT('',(-0.16,-2.38,8.54));
#10070=CARTESIAN_POINT('',(-0.16,-2.38,8.54));
#10071=CARTESIAN_POINT('',(0.16,-2.38,8.54));
#10072=CARTESIAN_POINT('',(-0.32,-2.38,8.54));
#10073=CARTESIAN_POINT('',(0.05333333333333,-2.486666666667,8.646666666667));
#10074=CARTESIAN_POINT('Origin',(-0.24,-2.86,8.46));
#10075=CARTESIAN_POINT('',(-0.16,-2.7,8.54));
#10076=CARTESIAN_POINT('',(-0.266666666667,-2.806666666667,8.433333333333));
#10077=CARTESIAN_POINT('',(-0.16,-2.86,8.54));
#10078=CARTESIAN_POINT('Origin',(-0.32,-2.78,8.46));
#10079=CARTESIAN_POINT('',(0.16,-2.7,8.54));
#10080=CARTESIAN_POINT('',(0.16,-2.7,8.54));
#10081=CARTESIAN_POINT('',(-0.32,-2.7,8.54));
#10082=CARTESIAN_POINT('Origin',(0.24,-2.86,8.46));
#10083=CARTESIAN_POINT('',(0.16,-2.86,8.54));
#10084=CARTESIAN_POINT('Origin',(-0.32,-5.4,-3.));
#10085=CARTESIAN_POINT('Origin',(-0.32,-7.94,-3.));
#10086=CARTESIAN_POINT('Origin',(-0.32,-0.32,-3.));
#10087=CARTESIAN_POINT('Origin',(-0.32,-2.86,-3.));
#10088=CARTESIAN_POINT('Origin',(-0.32,-5.4,8.54));
#10089=CARTESIAN_POINT('Origin',(-0.32,-7.94,8.54));
#10090=CARTESIAN_POINT('Origin',(-0.32,-0.32,8.54));
#10091=CARTESIAN_POINT('Origin',(-0.32,-2.86,8.54));
#10092=CARTESIAN_POINT('',(-112.200627953388,49.6599999999983,-28.3310810670192));
#10093=CARTESIAN_POINT('',(0.,0.,0.));
#10094=CARTESIAN_POINT('',(0.,0.,0.));
#10095=CARTESIAN_POINT('Origin',(150.,-139.,0.));
#10096=CARTESIAN_POINT('',(150.,-139.,0.));
#10097=CARTESIAN_POINT('',(150.,-139.,1.51));
#10098=CARTESIAN_POINT('',(150.,-139.,0.));
#10099=CARTESIAN_POINT('',(90.5,-139.,1.51));
#10100=CARTESIAN_POINT('',(150.,-139.,1.51));
#10101=CARTESIAN_POINT('',(90.5,-139.,0.));
#10102=CARTESIAN_POINT('',(90.5,-139.,0.));
#10103=CARTESIAN_POINT('',(150.,-139.,0.));
#10104=CARTESIAN_POINT('Origin',(150.,-38.5,0.));
#10105=CARTESIAN_POINT('',(150.,-38.5,0.));
#10106=CARTESIAN_POINT('',(150.,-38.5,1.51));
#10107=CARTESIAN_POINT('',(150.,-38.5,0.));
#10108=CARTESIAN_POINT('',(150.,-38.5,1.51));
#10109=CARTESIAN_POINT('',(150.,-38.5,0.));
#10110=CARTESIAN_POINT('Origin',(90.5,-139.,0.));
#10111=CARTESIAN_POINT('',(90.5,-38.5,1.51));
#10112=CARTESIAN_POINT('',(90.5,-139.,1.51));
#10113=CARTESIAN_POINT('',(90.5,-38.5,0.));
#10114=CARTESIAN_POINT('',(90.5,-38.5,0.));
#10115=CARTESIAN_POINT('',(90.5,-139.,0.));
#10116=CARTESIAN_POINT('Origin',(0.,0.,0.));
#10117=CARTESIAN_POINT('',(90.5,-38.5,0.));
#10118=CARTESIAN_POINT('',(96.375,-123.12,0.));
#10119=CARTESIAN_POINT('Origin',(96.375,-123.62,0.));
#10120=CARTESIAN_POINT('',(96.375,-120.58,0.));
#10121=CARTESIAN_POINT('Origin',(96.375,-121.08,0.));
#10122=CARTESIAN_POINT('',(96.375,-118.04,0.));
#10123=CARTESIAN_POINT('Origin',(96.375,-118.54,0.));
#10124=CARTESIAN_POINT('',(96.375,-115.5,0.));
#10125=CARTESIAN_POINT('Origin',(96.375,-116.,0.));
#10126=CARTESIAN_POINT('',(96.375,-112.96,0.));
#10127=CARTESIAN_POINT('Origin',(96.375,-113.46,0.));
#10128=CARTESIAN_POINT('',(96.375,-110.42,0.));
#10129=CARTESIAN_POINT('Origin',(96.375,-110.92,0.));
#10130=CARTESIAN_POINT('',(111.625,-123.12,0.));
#10131=CARTESIAN_POINT('Origin',(111.625,-123.62,0.));
#10132=CARTESIAN_POINT('',(111.625,-120.58,0.));
#10133=CARTESIAN_POINT('Origin',(111.625,-121.08,0.));
#10134=CARTESIAN_POINT('',(111.625,-118.04,0.));
#10135=CARTESIAN_POINT('Origin',(111.625,-118.54,0.));
#10136=CARTESIAN_POINT('',(111.625,-115.5,0.));
#10137=CARTESIAN_POINT('Origin',(111.625,-116.,0.));
#10138=CARTESIAN_POINT('',(111.625,-112.96,0.));
#10139=CARTESIAN_POINT('Origin',(111.625,-113.46,0.));
#10140=CARTESIAN_POINT('',(111.625,-110.42,0.));
#10141=CARTESIAN_POINT('Origin',(111.625,-110.92,0.));
#10142=CARTESIAN_POINT('',(96.375,-107.88,0.));
#10143=CARTESIAN_POINT('Origin',(96.375,-108.38,0.));
#10144=CARTESIAN_POINT('',(97.465,-94.375,0.));
#10145=CARTESIAN_POINT('Origin',(97.465,-95.225,0.));
#10146=CARTESIAN_POINT('',(98.735,-91.935,0.));
#10147=CARTESIAN_POINT('Origin',(98.735,-92.685,0.));
#10148=CARTESIAN_POINT('',(102.545,-93.225,0.));
#10149=CARTESIAN_POINT('Origin',(102.545,-95.225,0.));
#10150=CARTESIAN_POINT('',(105.085,-89.395,0.));
#10151=CARTESIAN_POINT('Origin',(105.085,-90.145,0.));
#10152=CARTESIAN_POINT('',(111.625,-107.88,0.));
#10153=CARTESIAN_POINT('Origin',(111.625,-108.38,0.));
#10154=CARTESIAN_POINT('',(107.625,-94.375,0.));
#10155=CARTESIAN_POINT('Origin',(107.625,-95.225,0.));
#10156=CARTESIAN_POINT('',(112.555,-94.375,0.));
#10157=CARTESIAN_POINT('Origin',(112.555,-95.225,0.));
#10158=CARTESIAN_POINT('',(113.825,-91.935,0.));
#10159=CARTESIAN_POINT('Origin',(113.825,-92.685,0.));
#10160=CARTESIAN_POINT('',(119.295,-132.545,0.));
#10161=CARTESIAN_POINT('Origin',(119.295,-132.945,0.));
#10162=CARTESIAN_POINT('',(119.295,-128.995,0.));
#10163=CARTESIAN_POINT('Origin',(119.295,-129.395,0.));
#10164=CARTESIAN_POINT('',(119.295,-125.445,0.));
#10165=CARTESIAN_POINT('Origin',(119.295,-125.845,0.));
#10166=CARTESIAN_POINT('',(119.295,-121.895,0.));
#10167=CARTESIAN_POINT('Origin',(119.295,-122.295,0.));
#10168=CARTESIAN_POINT('',(126.915,-132.545,0.));
#10169=CARTESIAN_POINT('Origin',(126.915,-132.945,0.));
#10170=CARTESIAN_POINT('',(126.915,-128.995,0.));
#10171=CARTESIAN_POINT('Origin',(126.915,-129.395,0.));
#10172=CARTESIAN_POINT('',(126.915,-125.445,0.));
#10173=CARTESIAN_POINT('Origin',(126.915,-125.845,0.));
#10174=CARTESIAN_POINT('',(126.915,-121.895,0.));
#10175=CARTESIAN_POINT('Origin',(126.915,-122.295,0.));
#10176=CARTESIAN_POINT('',(119.295,-118.345,0.));
#10177=CARTESIAN_POINT('Origin',(119.295,-118.745,0.));
#10178=CARTESIAN_POINT('',(119.295,-114.795,0.));
#10179=CARTESIAN_POINT('Origin',(119.295,-115.195,0.));
#10180=CARTESIAN_POINT('',(119.295,-111.245,0.));
#10181=CARTESIAN_POINT('Origin',(119.295,-111.645,0.));
#10182=CARTESIAN_POINT('',(126.915,-118.345,0.));
#10183=CARTESIAN_POINT('Origin',(126.915,-118.745,0.));
#10184=CARTESIAN_POINT('',(126.915,-114.795,0.));
#10185=CARTESIAN_POINT('Origin',(126.915,-115.195,0.));
#10186=CARTESIAN_POINT('',(126.915,-111.245,0.));
#10187=CARTESIAN_POINT('Origin',(126.915,-111.645,0.));
#10188=CARTESIAN_POINT('',(119.295,-107.695,0.));
#10189=CARTESIAN_POINT('Origin',(119.295,-108.095,0.));
#10190=CARTESIAN_POINT('',(119.295,-104.145,0.));
#10191=CARTESIAN_POINT('Origin',(119.295,-104.545,0.));
#10192=CARTESIAN_POINT('',(126.915,-107.695,0.));
#10193=CARTESIAN_POINT('Origin',(126.915,-108.095,0.));
#10194=CARTESIAN_POINT('',(126.915,-104.145,0.));
#10195=CARTESIAN_POINT('Origin',(126.915,-104.545,0.));
#10196=CARTESIAN_POINT('',(117.635,-93.225,0.));
#10197=CARTESIAN_POINT('Origin',(117.635,-95.225,0.));
#10198=CARTESIAN_POINT('',(120.175,-89.395,0.));
#10199=CARTESIAN_POINT('Origin',(120.175,-90.145,0.));
#10200=CARTESIAN_POINT('',(122.715,-94.375,0.));
#10201=CARTESIAN_POINT('Origin',(122.715,-95.225,0.));
#10202=CARTESIAN_POINT('',(127.645,-94.375,0.));
#10203=CARTESIAN_POINT('Origin',(127.645,-95.225,0.));
#10204=CARTESIAN_POINT('',(132.725,-93.225,0.));
#10205=CARTESIAN_POINT('Origin',(132.725,-95.225,0.));
#10206=CARTESIAN_POINT('',(128.915,-91.935,0.));
#10207=CARTESIAN_POINT('Origin',(128.915,-92.685,0.));
#10208=CARTESIAN_POINT('',(137.805,-94.375,0.));
#10209=CARTESIAN_POINT('Origin',(137.805,-95.225,0.));
#10210=CARTESIAN_POINT('',(135.265,-89.395,0.));
#10211=CARTESIAN_POINT('Origin',(135.265,-90.145,0.));
#10212=CARTESIAN_POINT('',(97.465,-79.285,0.));
#10213=CARTESIAN_POINT('Origin',(97.465,-80.135,0.));
#10214=CARTESIAN_POINT('',(98.735,-76.845,0.));
#10215=CARTESIAN_POINT('Origin',(98.735,-77.595,0.));
#10216=CARTESIAN_POINT('',(102.545,-78.135,0.));
#10217=CARTESIAN_POINT('Origin',(102.545,-80.135,0.));
#10218=CARTESIAN_POINT('',(105.085,-74.305,0.));
#10219=CARTESIAN_POINT('Origin',(105.085,-75.055,0.));
#10220=CARTESIAN_POINT('',(107.625,-79.285,0.));
#10221=CARTESIAN_POINT('Origin',(107.625,-80.135,0.));
#10222=CARTESIAN_POINT('',(112.555,-79.285,0.));
#10223=CARTESIAN_POINT('Origin',(112.555,-80.135,0.));
#10224=CARTESIAN_POINT('',(113.825,-76.845,0.));
#10225=CARTESIAN_POINT('Origin',(113.825,-77.595,0.));
#10226=CARTESIAN_POINT('',(97.465,-64.195,0.));
#10227=CARTESIAN_POINT('Origin',(97.465,-65.045,0.));
#10228=CARTESIAN_POINT('',(98.735,-61.755,0.));
#10229=CARTESIAN_POINT('Origin',(98.735,-62.505,0.));
#10230=CARTESIAN_POINT('',(102.545,-63.045,0.));
#10231=CARTESIAN_POINT('Origin',(102.545,-65.045,0.));
#10232=CARTESIAN_POINT('',(105.085,-59.215,0.));
#10233=CARTESIAN_POINT('Origin',(105.085,-59.965,0.));
#10234=CARTESIAN_POINT('',(107.625,-64.195,0.));
#10235=CARTESIAN_POINT('Origin',(107.625,-65.045,0.));
#10236=CARTESIAN_POINT('',(112.555,-64.195,0.));
#10237=CARTESIAN_POINT('Origin',(112.555,-65.045,0.));
#10238=CARTESIAN_POINT('',(113.825,-61.755,0.));
#10239=CARTESIAN_POINT('Origin',(113.825,-62.505,0.));
#10240=CARTESIAN_POINT('',(117.,-51.12,0.));
#10241=CARTESIAN_POINT('Origin',(117.,-51.62,0.));
#10242=CARTESIAN_POINT('',(117.,-48.58,0.));
#10243=CARTESIAN_POINT('Origin',(117.,-49.08,0.));
#10244=CARTESIAN_POINT('',(117.,-46.04,0.));
#10245=CARTESIAN_POINT('Origin',(117.,-46.54,0.));
#10246=CARTESIAN_POINT('',(117.,-43.5,0.));
#10247=CARTESIAN_POINT('Origin',(117.,-44.,0.));
#10248=CARTESIAN_POINT('',(117.635,-78.135,0.));
#10249=CARTESIAN_POINT('Origin',(117.635,-80.135,0.));
#10250=CARTESIAN_POINT('',(122.715,-79.285,0.));
#10251=CARTESIAN_POINT('Origin',(122.715,-80.135,0.));
#10252=CARTESIAN_POINT('',(127.645,-79.285,0.));
#10253=CARTESIAN_POINT('Origin',(127.645,-80.135,0.));
#10254=CARTESIAN_POINT('',(120.175,-74.305,0.));
#10255=CARTESIAN_POINT('Origin',(120.175,-75.055,0.));
#10256=CARTESIAN_POINT('',(128.915,-76.845,0.));
#10257=CARTESIAN_POINT('Origin',(128.915,-77.595,0.));
#10258=CARTESIAN_POINT('',(132.725,-78.135,0.));
#10259=CARTESIAN_POINT('Origin',(132.725,-80.135,0.));
#10260=CARTESIAN_POINT('',(137.805,-79.285,0.));
#10261=CARTESIAN_POINT('Origin',(137.805,-80.135,0.));
#10262=CARTESIAN_POINT('',(135.265,-74.305,0.));
#10263=CARTESIAN_POINT('Origin',(135.265,-75.055,0.));
#10264=CARTESIAN_POINT('',(117.635,-63.045,0.));
#10265=CARTESIAN_POINT('Origin',(117.635,-65.045,0.));
#10266=CARTESIAN_POINT('',(120.175,-59.215,0.));
#10267=CARTESIAN_POINT('Origin',(120.175,-59.965,0.));
#10268=CARTESIAN_POINT('',(122.715,-64.195,0.));
#10269=CARTESIAN_POINT('Origin',(122.715,-65.045,0.));
#10270=CARTESIAN_POINT('',(127.645,-64.195,0.));
#10271=CARTESIAN_POINT('Origin',(127.645,-65.045,0.));
#10272=CARTESIAN_POINT('',(128.915,-61.755,0.));
#10273=CARTESIAN_POINT('Origin',(128.915,-62.505,0.));
#10274=CARTESIAN_POINT('',(132.725,-63.045,0.));
#10275=CARTESIAN_POINT('Origin',(132.725,-65.045,0.));
#10276=CARTESIAN_POINT('',(137.805,-64.195,0.));
#10277=CARTESIAN_POINT('Origin',(137.805,-65.045,0.));
#10278=CARTESIAN_POINT('',(135.265,-59.215,0.));
#10279=CARTESIAN_POINT('Origin',(135.265,-59.965,0.));
#10280=CARTESIAN_POINT('Origin',(0.,0.,1.51));
#10281=CARTESIAN_POINT('',(90.5,-38.5,1.51));
#10282=CARTESIAN_POINT('',(96.375,-123.12,1.51));
#10283=CARTESIAN_POINT('Origin',(96.375,-123.62,1.51));
#10284=CARTESIAN_POINT('',(96.375,-120.58,1.51));
#10285=CARTESIAN_POINT('Origin',(96.375,-121.08,1.51));
#10286=CARTESIAN_POINT('',(96.375,-118.04,1.51));
#10287=CARTESIAN_POINT('Origin',(96.375,-118.54,1.51));
#10288=CARTESIAN_POINT('',(96.375,-115.5,1.51));
#10289=CARTESIAN_POINT('Origin',(96.375,-116.,1.51));
#10290=CARTESIAN_POINT('',(96.375,-112.96,1.51));
#10291=CARTESIAN_POINT('Origin',(96.375,-113.46,1.51));
#10292=CARTESIAN_POINT('',(96.375,-110.42,1.51));
#10293=CARTESIAN_POINT('Origin',(96.375,-110.92,1.51));
#10294=CARTESIAN_POINT('',(111.625,-123.12,1.51));
#10295=CARTESIAN_POINT('Origin',(111.625,-123.62,1.51));
#10296=CARTESIAN_POINT('',(111.625,-120.58,1.51));
#10297=CARTESIAN_POINT('Origin',(111.625,-121.08,1.51));
#10298=CARTESIAN_POINT('',(111.625,-118.04,1.51));
#10299=CARTESIAN_POINT('Origin',(111.625,-118.54,1.51));
#10300=CARTESIAN_POINT('',(111.625,-115.5,1.51));
#10301=CARTESIAN_POINT('Origin',(111.625,-116.,1.51));
#10302=CARTESIAN_POINT('',(111.625,-112.96,1.51));
#10303=CARTESIAN_POINT('Origin',(111.625,-113.46,1.51));
#10304=CARTESIAN_POINT('',(111.625,-110.42,1.51));
#10305=CARTESIAN_POINT('Origin',(111.625,-110.92,1.51));
#10306=CARTESIAN_POINT('',(96.375,-107.88,1.51));
#10307=CARTESIAN_POINT('Origin',(96.375,-108.38,1.51));
#10308=CARTESIAN_POINT('',(97.465,-94.375,1.51));
#10309=CARTESIAN_POINT('Origin',(97.465,-95.225,1.51));
#10310=CARTESIAN_POINT('',(98.735,-91.935,1.51));
#10311=CARTESIAN_POINT('Origin',(98.735,-92.685,1.51));
#10312=CARTESIAN_POINT('',(102.545,-93.225,1.51));
#10313=CARTESIAN_POINT('Origin',(102.545,-95.225,1.51));
#10314=CARTESIAN_POINT('',(105.085,-89.395,1.51));
#10315=CARTESIAN_POINT('Origin',(105.085,-90.145,1.51));
#10316=CARTESIAN_POINT('',(111.625,-107.88,1.51));
#10317=CARTESIAN_POINT('Origin',(111.625,-108.38,1.51));
#10318=CARTESIAN_POINT('',(107.625,-94.375,1.51));
#10319=CARTESIAN_POINT('Origin',(107.625,-95.225,1.51));
#10320=CARTESIAN_POINT('',(112.555,-94.375,1.51));
#10321=CARTESIAN_POINT('Origin',(112.555,-95.225,1.51));
#10322=CARTESIAN_POINT('',(113.825,-91.935,1.51));
#10323=CARTESIAN_POINT('Origin',(113.825,-92.685,1.51));
#10324=CARTESIAN_POINT('',(119.295,-132.545,1.51));
#10325=CARTESIAN_POINT('Origin',(119.295,-132.945,1.51));
#10326=CARTESIAN_POINT('',(119.295,-128.995,1.51));
#10327=CARTESIAN_POINT('Origin',(119.295,-129.395,1.51));
#10328=CARTESIAN_POINT('',(119.295,-125.445,1.51));
#10329=CARTESIAN_POINT('Origin',(119.295,-125.845,1.51));
#10330=CARTESIAN_POINT('',(119.295,-121.895,1.51));
#10331=CARTESIAN_POINT('Origin',(119.295,-122.295,1.51));
#10332=CARTESIAN_POINT('',(126.915,-132.545,1.51));
#10333=CARTESIAN_POINT('Origin',(126.915,-132.945,1.51));
#10334=CARTESIAN_POINT('',(126.915,-128.995,1.51));
#10335=CARTESIAN_POINT('Origin',(126.915,-129.395,1.51));
#10336=CARTESIAN_POINT('',(126.915,-125.445,1.51));
#10337=CARTESIAN_POINT('Origin',(126.915,-125.845,1.51));
#10338=CARTESIAN_POINT('',(126.915,-121.895,1.51));
#10339=CARTESIAN_POINT('Origin',(126.915,-122.295,1.51));
#10340=CARTESIAN_POINT('',(119.295,-118.345,1.51));
#10341=CARTESIAN_POINT('Origin',(119.295,-118.745,1.51));
#10342=CARTESIAN_POINT('',(119.295,-114.795,1.51));
#10343=CARTESIAN_POINT('Origin',(119.295,-115.195,1.51));
#10344=CARTESIAN_POINT('',(119.295,-111.245,1.51));
#10345=CARTESIAN_POINT('Origin',(119.295,-111.645,1.51));
#10346=CARTESIAN_POINT('',(126.915,-118.345,1.51));
#10347=CARTESIAN_POINT('Origin',(126.915,-118.745,1.51));
#10348=CARTESIAN_POINT('',(126.915,-114.795,1.51));
#10349=CARTESIAN_POINT('Origin',(126.915,-115.195,1.51));
#10350=CARTESIAN_POINT('',(126.915,-111.245,1.51));
#10351=CARTESIAN_POINT('Origin',(126.915,-111.645,1.51));
#10352=CARTESIAN_POINT('',(119.295,-107.695,1.51));
#10353=CARTESIAN_POINT('Origin',(119.295,-108.095,1.51));
#10354=CARTESIAN_POINT('',(119.295,-104.145,1.51));
#10355=CARTESIAN_POINT('Origin',(119.295,-104.545,1.51));
#10356=CARTESIAN_POINT('',(126.915,-107.695,1.51));
#10357=CARTESIAN_POINT('Origin',(126.915,-108.095,1.51));
#10358=CARTESIAN_POINT('',(126.915,-104.145,1.51));
#10359=CARTESIAN_POINT('Origin',(126.915,-104.545,1.51));
#10360=CARTESIAN_POINT('',(117.635,-93.225,1.51));
#10361=CARTESIAN_POINT('Origin',(117.635,-95.225,1.51));
#10362=CARTESIAN_POINT('',(120.175,-89.395,1.51));
#10363=CARTESIAN_POINT('Origin',(120.175,-90.145,1.51));
#10364=CARTESIAN_POINT('',(122.715,-94.375,1.51));
#10365=CARTESIAN_POINT('Origin',(122.715,-95.225,1.51));
#10366=CARTESIAN_POINT('',(127.645,-94.375,1.51));
#10367=CARTESIAN_POINT('Origin',(127.645,-95.225,1.51));
#10368=CARTESIAN_POINT('',(132.725,-93.225,1.51));
#10369=CARTESIAN_POINT('Origin',(132.725,-95.225,1.51));
#10370=CARTESIAN_POINT('',(128.915,-91.935,1.51));
#10371=CARTESIAN_POINT('Origin',(128.915,-92.685,1.51));
#10372=CARTESIAN_POINT('',(137.805,-94.375,1.51));
#10373=CARTESIAN_POINT('Origin',(137.805,-95.225,1.51));
#10374=CARTESIAN_POINT('',(135.265,-89.395,1.51));
#10375=CARTESIAN_POINT('Origin',(135.265,-90.145,1.51));
#10376=CARTESIAN_POINT('',(97.465,-79.285,1.51));
#10377=CARTESIAN_POINT('Origin',(97.465,-80.135,1.51));
#10378=CARTESIAN_POINT('',(98.735,-76.845,1.51));
#10379=CARTESIAN_POINT('Origin',(98.735,-77.595,1.51));
#10380=CARTESIAN_POINT('',(102.545,-78.135,1.51));
#10381=CARTESIAN_POINT('Origin',(102.545,-80.135,1.51));
#10382=CARTESIAN_POINT('',(105.085,-74.305,1.51));
#10383=CARTESIAN_POINT('Origin',(105.085,-75.055,1.51));
#10384=CARTESIAN_POINT('',(107.625,-79.285,1.51));
#10385=CARTESIAN_POINT('Origin',(107.625,-80.135,1.51));
#10386=CARTESIAN_POINT('',(112.555,-79.285,1.51));
#10387=CARTESIAN_POINT('Origin',(112.555,-80.135,1.51));
#10388=CARTESIAN_POINT('',(113.825,-76.845,1.51));
#10389=CARTESIAN_POINT('Origin',(113.825,-77.595,1.51));
#10390=CARTESIAN_POINT('',(97.465,-64.195,1.51));
#10391=CARTESIAN_POINT('Origin',(97.465,-65.045,1.51));
#10392=CARTESIAN_POINT('',(98.735,-61.755,1.51));
#10393=CARTESIAN_POINT('Origin',(98.735,-62.505,1.51));
#10394=CARTESIAN_POINT('',(102.545,-63.045,1.51));
#10395=CARTESIAN_POINT('Origin',(102.545,-65.045,1.51));
#10396=CARTESIAN_POINT('',(105.085,-59.215,1.51));
#10397=CARTESIAN_POINT('Origin',(105.085,-59.965,1.51));
#10398=CARTESIAN_POINT('',(107.625,-64.195,1.51));
#10399=CARTESIAN_POINT('Origin',(107.625,-65.045,1.51));
#10400=CARTESIAN_POINT('',(112.555,-64.195,1.51));
#10401=CARTESIAN_POINT('Origin',(112.555,-65.045,1.51));
#10402=CARTESIAN_POINT('',(113.825,-61.755,1.51));
#10403=CARTESIAN_POINT('Origin',(113.825,-62.505,1.51));
#10404=CARTESIAN_POINT('',(117.,-51.12,1.51));
#10405=CARTESIAN_POINT('Origin',(117.,-51.62,1.51));
#10406=CARTESIAN_POINT('',(117.,-48.58,1.51));
#10407=CARTESIAN_POINT('Origin',(117.,-49.08,1.51));
#10408=CARTESIAN_POINT('',(117.,-46.04,1.51));
#10409=CARTESIAN_POINT('Origin',(117.,-46.54,1.51));
#10410=CARTESIAN_POINT('',(117.,-43.5,1.51));
#10411=CARTESIAN_POINT('Origin',(117.,-44.,1.51));
#10412=CARTESIAN_POINT('',(117.635,-78.135,1.51));
#10413=CARTESIAN_POINT('Origin',(117.635,-80.135,1.51));
#10414=CARTESIAN_POINT('',(122.715,-79.285,1.51));
#10415=CARTESIAN_POINT('Origin',(122.715,-80.135,1.51));
#10416=CARTESIAN_POINT('',(127.645,-79.285,1.51));
#10417=CARTESIAN_POINT('Origin',(127.645,-80.135,1.51));
#10418=CARTESIAN_POINT('',(120.175,-74.305,1.51));
#10419=CARTESIAN_POINT('Origin',(120.175,-75.055,1.51));
#10420=CARTESIAN_POINT('',(128.915,-76.845,1.51));
#10421=CARTESIAN_POINT('Origin',(128.915,-77.595,1.51));
#10422=CARTESIAN_POINT('',(132.725,-78.135,1.51));
#10423=CARTESIAN_POINT('Origin',(132.725,-80.135,1.51));
#10424=CARTESIAN_POINT('',(137.805,-79.285,1.51));
#10425=CARTESIAN_POINT('Origin',(137.805,-80.135,1.51));
#10426=CARTESIAN_POINT('',(135.265,-74.305,1.51));
#10427=CARTESIAN_POINT('Origin',(135.265,-75.055,1.51));
#10428=CARTESIAN_POINT('',(117.635,-63.045,1.51));
#10429=CARTESIAN_POINT('Origin',(117.635,-65.045,1.51));
#10430=CARTESIAN_POINT('',(120.175,-59.215,1.51));
#10431=CARTESIAN_POINT('Origin',(120.175,-59.965,1.51));
#10432=CARTESIAN_POINT('',(122.715,-64.195,1.51));
#10433=CARTESIAN_POINT('Origin',(122.715,-65.045,1.51));
#10434=CARTESIAN_POINT('',(127.645,-64.195,1.51));
#10435=CARTESIAN_POINT('Origin',(127.645,-65.045,1.51));
#10436=CARTESIAN_POINT('',(128.915,-61.755,1.51));
#10437=CARTESIAN_POINT('Origin',(128.915,-62.505,1.51));
#10438=CARTESIAN_POINT('',(132.725,-63.045,1.51));
#10439=CARTESIAN_POINT('Origin',(132.725,-65.045,1.51));
#10440=CARTESIAN_POINT('',(137.805,-64.195,1.51));
#10441=CARTESIAN_POINT('Origin',(137.805,-65.045,1.51));
#10442=CARTESIAN_POINT('',(135.265,-59.215,1.51));
#10443=CARTESIAN_POINT('Origin',(135.265,-59.965,1.51));
#10444=CARTESIAN_POINT('Origin',(90.5,-38.5,0.));
#10445=CARTESIAN_POINT('Origin',(96.375,-123.62,-0.046));
#10446=CARTESIAN_POINT('',(96.375,-123.12,-0.046));
#10447=CARTESIAN_POINT('Origin',(96.375,-121.08,-0.046));
#10448=CARTESIAN_POINT('',(96.375,-120.58,-0.046));
#10449=CARTESIAN_POINT('Origin',(96.375,-118.54,-0.046));
#10450=CARTESIAN_POINT('',(96.375,-118.04,-0.046));
#10451=CARTESIAN_POINT('Origin',(96.375,-116.,-0.046));
#10452=CARTESIAN_POINT('',(96.375,-115.5,-0.046));
#10453=CARTESIAN_POINT('Origin',(96.375,-113.46,-0.046));
#10454=CARTESIAN_POINT('',(96.375,-112.96,-0.046));
#10455=CARTESIAN_POINT('Origin',(96.375,-110.92,-0.046));
#10456=CARTESIAN_POINT('',(96.375,-110.42,-0.046));
#10457=CARTESIAN_POINT('Origin',(111.625,-123.62,-0.046));
#10458=CARTESIAN_POINT('',(111.625,-123.12,-0.046));
#10459=CARTESIAN_POINT('Origin',(111.625,-121.08,-0.046));
#10460=CARTESIAN_POINT('',(111.625,-120.58,-0.046));
#10461=CARTESIAN_POINT('Origin',(111.625,-118.54,-0.046));
#10462=CARTESIAN_POINT('',(111.625,-118.04,-0.046));
#10463=CARTESIAN_POINT('Origin',(111.625,-116.,-0.046));
#10464=CARTESIAN_POINT('',(111.625,-115.5,-0.046));
#10465=CARTESIAN_POINT('Origin',(111.625,-113.46,-0.046));
#10466=CARTESIAN_POINT('',(111.625,-112.96,-0.046));
#10467=CARTESIAN_POINT('Origin',(111.625,-110.92,-0.046));
#10468=CARTESIAN_POINT('',(111.625,-110.42,-0.046));
#10469=CARTESIAN_POINT('Origin',(96.375,-108.38,-0.046));
#10470=CARTESIAN_POINT('',(96.375,-107.88,-0.046));
#10471=CARTESIAN_POINT('Origin',(97.465,-95.225,-0.046));
#10472=CARTESIAN_POINT('',(97.465,-94.375,-0.046));
#10473=CARTESIAN_POINT('Origin',(98.735,-92.685,-0.046));
#10474=CARTESIAN_POINT('',(98.735,-91.935,-0.046));
#10475=CARTESIAN_POINT('Origin',(102.545,-95.225,-0.046));
#10476=CARTESIAN_POINT('',(102.545,-93.225,-0.046));
#10477=CARTESIAN_POINT('Origin',(105.085,-90.145,-0.046));
#10478=CARTESIAN_POINT('',(105.085,-89.395,-0.046));
#10479=CARTESIAN_POINT('Origin',(111.625,-108.38,-0.046));
#10480=CARTESIAN_POINT('',(111.625,-107.88,-0.046));
#10481=CARTESIAN_POINT('Origin',(107.625,-95.225,-0.046));
#10482=CARTESIAN_POINT('',(107.625,-94.375,-0.046));
#10483=CARTESIAN_POINT('Origin',(112.555,-95.225,-0.046));
#10484=CARTESIAN_POINT('',(112.555,-94.375,-0.046));
#10485=CARTESIAN_POINT('Origin',(113.825,-92.685,-0.046));
#10486=CARTESIAN_POINT('',(113.825,-91.935,-0.046));
#10487=CARTESIAN_POINT('Origin',(119.295,-132.945,-0.046));
#10488=CARTESIAN_POINT('',(119.295,-132.545,-0.046));
#10489=CARTESIAN_POINT('Origin',(119.295,-129.395,-0.046));
#10490=CARTESIAN_POINT('',(119.295,-128.995,-0.046));
#10491=CARTESIAN_POINT('Origin',(119.295,-125.845,-0.046));
#10492=CARTESIAN_POINT('',(119.295,-125.445,-0.046));
#10493=CARTESIAN_POINT('Origin',(119.295,-122.295,-0.046));
#10494=CARTESIAN_POINT('',(119.295,-121.895,-0.046));
#10495=CARTESIAN_POINT('Origin',(126.915,-132.945,-0.046));
#10496=CARTESIAN_POINT('',(126.915,-132.545,-0.046));
#10497=CARTESIAN_POINT('Origin',(126.915,-129.395,-0.046));
#10498=CARTESIAN_POINT('',(126.915,-128.995,-0.046));
#10499=CARTESIAN_POINT('Origin',(126.915,-125.845,-0.046));
#10500=CARTESIAN_POINT('',(126.915,-125.445,-0.046));
#10501=CARTESIAN_POINT('Origin',(126.915,-122.295,-0.046));
#10502=CARTESIAN_POINT('',(126.915,-121.895,-0.046));
#10503=CARTESIAN_POINT('Origin',(119.295,-118.745,-0.046));
#10504=CARTESIAN_POINT('',(119.295,-118.345,-0.046));
#10505=CARTESIAN_POINT('Origin',(119.295,-115.195,-0.046));
#10506=CARTESIAN_POINT('',(119.295,-114.795,-0.046));
#10507=CARTESIAN_POINT('Origin',(119.295,-111.645,-0.046));
#10508=CARTESIAN_POINT('',(119.295,-111.245,-0.046));
#10509=CARTESIAN_POINT('Origin',(126.915,-118.745,-0.046));
#10510=CARTESIAN_POINT('',(126.915,-118.345,-0.046));
#10511=CARTESIAN_POINT('Origin',(126.915,-115.195,-0.046));
#10512=CARTESIAN_POINT('',(126.915,-114.795,-0.046));
#10513=CARTESIAN_POINT('Origin',(126.915,-111.645,-0.046));
#10514=CARTESIAN_POINT('',(126.915,-111.245,-0.046));
#10515=CARTESIAN_POINT('Origin',(119.295,-108.095,-0.046));
#10516=CARTESIAN_POINT('',(119.295,-107.695,-0.046));
#10517=CARTESIAN_POINT('Origin',(119.295,-104.545,-0.046));
#10518=CARTESIAN_POINT('',(119.295,-104.145,-0.046));
#10519=CARTESIAN_POINT('Origin',(126.915,-108.095,-0.046));
#10520=CARTESIAN_POINT('',(126.915,-107.695,-0.046));
#10521=CARTESIAN_POINT('Origin',(126.915,-104.545,-0.046));
#10522=CARTESIAN_POINT('',(126.915,-104.145,-0.046));
#10523=CARTESIAN_POINT('Origin',(117.635,-95.225,-0.046));
#10524=CARTESIAN_POINT('',(117.635,-93.225,-0.046));
#10525=CARTESIAN_POINT('Origin',(120.175,-90.145,-0.046));
#10526=CARTESIAN_POINT('',(120.175,-89.395,-0.046));
#10527=CARTESIAN_POINT('Origin',(122.715,-95.225,-0.046));
#10528=CARTESIAN_POINT('',(122.715,-94.375,-0.046));
#10529=CARTESIAN_POINT('Origin',(127.645,-95.225,-0.046));
#10530=CARTESIAN_POINT('',(127.645,-94.375,-0.046));
#10531=CARTESIAN_POINT('Origin',(132.725,-95.225,-0.046));
#10532=CARTESIAN_POINT('',(132.725,-93.225,-0.046));
#10533=CARTESIAN_POINT('Origin',(128.915,-92.685,-0.046));
#10534=CARTESIAN_POINT('',(128.915,-91.935,-0.046));
#10535=CARTESIAN_POINT('Origin',(137.805,-95.225,-0.046));
#10536=CARTESIAN_POINT('',(137.805,-94.375,-0.046));
#10537=CARTESIAN_POINT('Origin',(135.265,-90.145,-0.046));
#10538=CARTESIAN_POINT('',(135.265,-89.395,-0.046));
#10539=CARTESIAN_POINT('Origin',(97.465,-80.135,-0.046));
#10540=CARTESIAN_POINT('',(97.465,-79.285,-0.046));
#10541=CARTESIAN_POINT('Origin',(98.735,-77.595,-0.046));
#10542=CARTESIAN_POINT('',(98.735,-76.845,-0.046));
#10543=CARTESIAN_POINT('Origin',(102.545,-80.135,-0.046));
#10544=CARTESIAN_POINT('',(102.545,-78.135,-0.046));
#10545=CARTESIAN_POINT('Origin',(105.085,-75.055,-0.046));
#10546=CARTESIAN_POINT('',(105.085,-74.305,-0.046));
#10547=CARTESIAN_POINT('Origin',(107.625,-80.135,-0.046));
#10548=CARTESIAN_POINT('',(107.625,-79.285,-0.046));
#10549=CARTESIAN_POINT('Origin',(112.555,-80.135,-0.046));
#10550=CARTESIAN_POINT('',(112.555,-79.285,-0.046));
#10551=CARTESIAN_POINT('Origin',(113.825,-77.595,-0.046));
#10552=CARTESIAN_POINT('',(113.825,-76.845,-0.046));
#10553=CARTESIAN_POINT('Origin',(97.465,-65.045,-0.046));
#10554=CARTESIAN_POINT('',(97.465,-64.195,-0.046));
#10555=CARTESIAN_POINT('Origin',(98.735,-62.505,-0.046));
#10556=CARTESIAN_POINT('',(98.735,-61.755,-0.046));
#10557=CARTESIAN_POINT('Origin',(102.545,-65.045,-0.046));
#10558=CARTESIAN_POINT('',(102.545,-63.045,-0.046));
#10559=CARTESIAN_POINT('Origin',(105.085,-59.965,-0.046));
#10560=CARTESIAN_POINT('',(105.085,-59.215,-0.046));
#10561=CARTESIAN_POINT('Origin',(107.625,-65.045,-0.046));
#10562=CARTESIAN_POINT('',(107.625,-64.195,-0.046));
#10563=CARTESIAN_POINT('Origin',(112.555,-65.045,-0.046));
#10564=CARTESIAN_POINT('',(112.555,-64.195,-0.046));
#10565=CARTESIAN_POINT('Origin',(113.825,-62.505,-0.046));
#10566=CARTESIAN_POINT('',(113.825,-61.755,-0.046));
#10567=CARTESIAN_POINT('Origin',(117.,-51.62,-0.046));
#10568=CARTESIAN_POINT('',(117.,-51.12,-0.046));
#10569=CARTESIAN_POINT('Origin',(117.,-49.08,-0.046));
#10570=CARTESIAN_POINT('',(117.,-48.58,-0.046));
#10571=CARTESIAN_POINT('Origin',(117.,-46.54,-0.046));
#10572=CARTESIAN_POINT('',(117.,-46.04,-0.046));
#10573=CARTESIAN_POINT('Origin',(117.,-44.,-0.046));
#10574=CARTESIAN_POINT('',(117.,-43.5,-0.046));
#10575=CARTESIAN_POINT('Origin',(117.635,-80.135,-0.046));
#10576=CARTESIAN_POINT('',(117.635,-78.135,-0.046));
#10577=CARTESIAN_POINT('Origin',(122.715,-80.135,-0.046));
#10578=CARTESIAN_POINT('',(122.715,-79.285,-0.046));
#10579=CARTESIAN_POINT('Origin',(127.645,-80.135,-0.046));
#10580=CARTESIAN_POINT('',(127.645,-79.285,-0.046));
#10581=CARTESIAN_POINT('Origin',(120.175,-75.055,-0.046));
#10582=CARTESIAN_POINT('',(120.175,-74.305,-0.046));
#10583=CARTESIAN_POINT('Origin',(128.915,-77.595,-0.046));
#10584=CARTESIAN_POINT('',(128.915,-76.845,-0.046));
#10585=CARTESIAN_POINT('Origin',(132.725,-80.135,-0.046));
#10586=CARTESIAN_POINT('',(132.725,-78.135,-0.046));
#10587=CARTESIAN_POINT('Origin',(137.805,-80.135,-0.046));
#10588=CARTESIAN_POINT('',(137.805,-79.285,-0.046));
#10589=CARTESIAN_POINT('Origin',(135.265,-75.055,-0.046));
#10590=CARTESIAN_POINT('',(135.265,-74.305,-0.046));
#10591=CARTESIAN_POINT('Origin',(117.635,-65.045,-0.046));
#10592=CARTESIAN_POINT('',(117.635,-63.045,-0.046));
#10593=CARTESIAN_POINT('Origin',(120.175,-59.965,-0.046));
#10594=CARTESIAN_POINT('',(120.175,-59.215,-0.046));
#10595=CARTESIAN_POINT('Origin',(122.715,-65.045,-0.046));
#10596=CARTESIAN_POINT('',(122.715,-64.195,-0.046));
#10597=CARTESIAN_POINT('Origin',(127.645,-65.045,-0.046));
#10598=CARTESIAN_POINT('',(127.645,-64.195,-0.046));
#10599=CARTESIAN_POINT('Origin',(128.915,-62.505,-0.046));
#10600=CARTESIAN_POINT('',(128.915,-61.755,-0.046));
#10601=CARTESIAN_POINT('Origin',(132.725,-65.045,-0.046));
#10602=CARTESIAN_POINT('',(132.725,-63.045,-0.046));
#10603=CARTESIAN_POINT('Origin',(137.805,-65.045,-0.046));
#10604=CARTESIAN_POINT('',(137.805,-64.195,-0.046));
#10605=CARTESIAN_POINT('Origin',(135.265,-59.965,-0.046));
#10606=CARTESIAN_POINT('',(135.265,-59.215,-0.046));
#10607=CARTESIAN_POINT('',(0.,0.,0.));
#10608=CARTESIAN_POINT('',(0.,0.,0.));
#10609=CARTESIAN_POINT('',(0.,0.,0.));
#10610=CARTESIAN_POINT('',(0.,0.,0.));
#10611=CARTESIAN_POINT('',(0.,0.,0.));
#10612=CARTESIAN_POINT('',(0.,0.,0.));
#10613=CARTESIAN_POINT('',(0.,0.,0.));
#10614=CARTESIAN_POINT('',(0.,0.,0.));
#10615=CARTESIAN_POINT('',(0.,0.,0.));
#10616=CARTESIAN_POINT('Origin',(0.,6.7E-16,1.));
#10617=CARTESIAN_POINT('',(0.25,1.E-15,1.));
#10618=CARTESIAN_POINT('',(-0.25,6.39383830021316E-16,1.));
#10619=CARTESIAN_POINT('Origin',(0.,6.7E-16,1.));
#10620=CARTESIAN_POINT('Origin',(0.,6.7E-16,1.));
#10621=CARTESIAN_POINT('',(-0.25,-1.30616169978684E-16,-2.5));
#10622=CARTESIAN_POINT('',(-0.25,6.39383830021316E-16,1.));
#10623=CARTESIAN_POINT('Origin',(0.,-1.1E-16,-2.5));
#10624=CARTESIAN_POINT('Origin',(0.5,6.7E-16,1.));
#10625=CARTESIAN_POINT('',(0.5,1.E-15,1.25));
#10626=CARTESIAN_POINT('',(0.5,8.04383830021316E-16,1.75));
#10627=CARTESIAN_POINT('Origin',(0.5,7.8E-16,1.5));
#10628=CARTESIAN_POINT('Origin',(0.5,7.8E-16,1.5));
#10629=CARTESIAN_POINT('Origin',(0.5,6.39383830021316E-16,1.));
#10630=CARTESIAN_POINT('Origin',(0.5,7.8E-16,1.5));
#10631=CARTESIAN_POINT('',(7.12,1.E-15,1.25));
#10632=CARTESIAN_POINT('',(7.12,8.04383830021316E-16,1.75));
#10633=CARTESIAN_POINT('Origin',(7.12,7.8E-16,1.5));
#10634=CARTESIAN_POINT('Origin',(7.12,7.8E-16,1.5));
#10635=CARTESIAN_POINT('',(0.5,8.04383830021316E-16,1.75));
#10636=CARTESIAN_POINT('Origin',(7.12,6.7E-16,1.));
#10637=CARTESIAN_POINT('',(7.37,1.E-15,1.));
#10638=CARTESIAN_POINT('',(7.87,6.39383830021316E-16,1.));
#10639=CARTESIAN_POINT('Origin',(7.62,6.7E-16,1.));
#10640=CARTESIAN_POINT('Origin',(7.62,6.7E-16,1.));
#10641=CARTESIAN_POINT('Origin',(7.12,6.39383830021316E-16,1.));
#10642=CARTESIAN_POINT('Origin',(7.62,6.7E-16,1.));
#10643=CARTESIAN_POINT('',(7.87,-1.30616169978684E-16,-2.5));
#10644=CARTESIAN_POINT('Origin',(7.62,-1.1E-16,-2.5));
#10645=CARTESIAN_POINT('',(7.87,6.39383830021316E-16,1.));
#10646=CARTESIAN_POINT('Origin',(0.25,-1.1E-16,-2.5));
#10647=CARTESIAN_POINT('Origin',(7.37,-1.1E-16,-2.5));
#10648=CARTESIAN_POINT('Origin',(2.41,6.630669073875E-16,1.5));
#10649=CARTESIAN_POINT('',(3.41,-2.15208816872867E-16,0.49));
#10650=CARTESIAN_POINT('Origin',(3.41,6.630669073875E-16,1.5));
#10651=CARTESIAN_POINT('',(2.41,-2.15208816872867E-16,0.49));
#10652=CARTESIAN_POINT('',(2.41,-2.15208816872867E-16,0.49));
#10653=CARTESIAN_POINT('Origin',(2.41,6.630669073875E-16,1.5));
#10654=CARTESIAN_POINT('Origin',(2.41,6.630669073875E-16,1.5));
#10655=CARTESIAN_POINT('',(2.41,-2.16513017622765E-16,0.5));
#10656=CARTESIAN_POINT('Origin',(2.41,6.630669073875E-16,1.5));
#10657=CARTESIAN_POINT('Origin',(3.41,6.630669073875E-16,1.5));
#10658=CARTESIAN_POINT('',(3.41,-2.16513017622765E-16,0.5));
#10659=CARTESIAN_POINT('Origin',(3.41,6.630669073875E-16,1.5));
#10660=CARTESIAN_POINT('Origin',(1.81,6.630669073875E-16,1.5));
#10661=CARTESIAN_POINT('',(2.21,-2.16513017622765E-16,0.5));
#10662=CARTESIAN_POINT('',(1.81,-2.16513017622765E-16,0.5));
#10663=CARTESIAN_POINT('Origin',(2.21,6.630669073875E-16,1.5));
#10664=CARTESIAN_POINT('Origin',(1.81,6.630669073875E-16,1.5));
#10665=CARTESIAN_POINT('',(5.41,-2.16513017622765E-16,0.5));
#10666=CARTESIAN_POINT('Origin',(5.41,6.630669073875E-16,1.5));
#10667=CARTESIAN_POINT('',(1.81,-2.16513017622765E-16,0.5));
#10668=CARTESIAN_POINT('Origin',(2.21,6.630669073875E-16,1.5));
#10669=CARTESIAN_POINT('',(1.81,-1.16386635163412E-17,0.9));
#10670=CARTESIAN_POINT('Origin',(1.81,6.630669073875E-16,1.5));
#10671=CARTESIAN_POINT('Origin',(2.21,-1.16386635163412E-17,0.9));
#10672=CARTESIAN_POINT('Origin',(5.41,6.630669073875E-16,1.5));
#10673=CARTESIAN_POINT('',(5.81,-1.16386635163412E-17,0.9));
#10674=CARTESIAN_POINT('Origin',(5.41,-1.16386635163412E-17,0.9));
#10675=CARTESIAN_POINT('Origin',(5.81,6.630669073875E-16,1.5));
#10676=CARTESIAN_POINT('Origin',(1.81,6.630669073875E-16,1.5));
#10677=CARTESIAN_POINT('Origin',(5.81,6.630669073875E-16,1.5));
#10678=CARTESIAN_POINT('',(-50.4006279533878,113.754999999998,-30.6260810670194));
#10679=CARTESIAN_POINT('',(-53.950627953388,110.204999999998,-30.6260810670194));
#10680=CARTESIAN_POINT('',(-32.6506279533879,131.504999999998,-30.6260810670195));
#10681=CARTESIAN_POINT('',(-25.550627953388,138.604999999998,-30.6260810670195));
#10682=CARTESIAN_POINT('',(-36.2006279533879,127.954999999998,-30.6260810670195));
#10683=CARTESIAN_POINT('',(-46.850627953388,117.304999999998,-30.6260810670194));
#10684=CARTESIAN_POINT('',(-29.1006279533879,135.054999999998,-30.6260810670195));
#10685=CARTESIAN_POINT('',(-39.7506279533881,124.404999999998,-30.6260810670195));
#10686=CARTESIAN_POINT('',(-43.3006279533879,120.854999999998,-30.6260810670194));
#10687=CARTESIAN_POINT('',(117.,-44.,1.595));
#10688=CARTESIAN_POINT('',(119.295,-108.095,1.595));
#10689=CARTESIAN_POINT('',(-39.2006279533881,4.06499999999947,90.2639189329807));
#10690=CARTESIAN_POINT('',(119.295,-104.545,1.595));
#10691=CARTESIAN_POINT('',(119.295,-125.845,1.595));
#10692=CARTESIAN_POINT('',(119.295,-132.945,1.595));
#10693=CARTESIAN_POINT('',(119.295,-122.295,1.595));
#10694=CARTESIAN_POINT('',(119.295,-111.645,1.595));
#10695=CARTESIAN_POINT('',(119.295,-129.395,1.595));
#10696=CARTESIAN_POINT('',(119.295,-118.745,1.595));
#10697=CARTESIAN_POINT('',(119.295,-115.195,1.595));
#10698=CARTESIAN_POINT('',(100.83250094223,-4.99999999999998,-59.9236107025147));
#10699=CARTESIAN_POINT('',(0.,0.,0.));
#10700=CARTESIAN_POINT('',(0.,0.,0.));
#10701=UNCERTAINTY_MEASURE_WITH_UNIT(LENGTH_MEASURE(0.01),#10769,
'DISTANCE_ACCURACY_VALUE',
'Maximum model space distance between geometric entities at asserted c
onnectivities');
#10702=UNCERTAINTY_MEASURE_WITH_UNIT(LENGTH_MEASURE(0.01),#10769,
'DISTANCE_ACCURACY_VALUE',
'Maximum model space distance between geometric entities at asserted c
onnectivities');
#10703=UNCERTAINTY_MEASURE_WITH_UNIT(LENGTH_MEASURE(0.01),#10769,
'DISTANCE_ACCURACY_VALUE',
'Maximum model space distance between geometric entities at asserted c
onnectivities');
#10704=UNCERTAINTY_MEASURE_WITH_UNIT(LENGTH_MEASURE(0.01),#10769,
'DISTANCE_ACCURACY_VALUE',
'Maximum model space distance between geometric entities at asserted c
onnectivities');
#10705=UNCERTAINTY_MEASURE_WITH_UNIT(LENGTH_MEASURE(0.01),#10769,
'DISTANCE_ACCURACY_VALUE',
'Maximum model space distance between geometric entities at asserted c
onnectivities');
#10706=UNCERTAINTY_MEASURE_WITH_UNIT(LENGTH_MEASURE(0.01),#10769,
'DISTANCE_ACCURACY_VALUE',
'Maximum model space distance between geometric entities at asserted c
onnectivities');
#10707=UNCERTAINTY_MEASURE_WITH_UNIT(LENGTH_MEASURE(0.01),#10769,
'DISTANCE_ACCURACY_VALUE',
'Maximum model space distance between geometric entities at asserted c
onnectivities');
#10708=UNCERTAINTY_MEASURE_WITH_UNIT(LENGTH_MEASURE(0.01),#10769,
'DISTANCE_ACCURACY_VALUE',
'Maximum model space distance between geometric entities at asserted c
onnectivities');
#10709=UNCERTAINTY_MEASURE_WITH_UNIT(LENGTH_MEASURE(0.01),#10769,
'DISTANCE_ACCURACY_VALUE',
'Maximum model space distance between geometric entities at asserted c
onnectivities');
#10710=UNCERTAINTY_MEASURE_WITH_UNIT(LENGTH_MEASURE(0.01),#10769,
'DISTANCE_ACCURACY_VALUE',
'Maximum model space distance between geometric entities at asserted c
onnectivities');
#10711=UNCERTAINTY_MEASURE_WITH_UNIT(LENGTH_MEASURE(0.01),#10769,
'DISTANCE_ACCURACY_VALUE',
'Maximum model space distance between geometric entities at asserted c
onnectivities');
#10712=UNCERTAINTY_MEASURE_WITH_UNIT(LENGTH_MEASURE(0.01),#10769,
'DISTANCE_ACCURACY_VALUE',
'Maximum model space distance between geometric entities at asserted c
onnectivities');
#10713=UNCERTAINTY_MEASURE_WITH_UNIT(LENGTH_MEASURE(0.01),#10769,
'DISTANCE_ACCURACY_VALUE',
'Maximum model space distance between geometric entities at asserted c
onnectivities');
#10714=UNCERTAINTY_MEASURE_WITH_UNIT(LENGTH_MEASURE(0.01),#10769,
'DISTANCE_ACCURACY_VALUE',
'Maximum model space distance between geometric entities at asserted c
onnectivities');
#10715=UNCERTAINTY_MEASURE_WITH_UNIT(LENGTH_MEASURE(0.01),#10769,
'DISTANCE_ACCURACY_VALUE',
'Maximum model space distance between geometric entities at asserted c
onnectivities');
#10716=UNCERTAINTY_MEASURE_WITH_UNIT(LENGTH_MEASURE(0.01),#10769,
'DISTANCE_ACCURACY_VALUE',
'Maximum model space distance between geometric entities at asserted c
onnectivities');
#10717=UNCERTAINTY_MEASURE_WITH_UNIT(LENGTH_MEASURE(0.01),#10769,
'DISTANCE_ACCURACY_VALUE',
'Maximum model space distance between geometric entities at asserted c
onnectivities');
#10718=UNCERTAINTY_MEASURE_WITH_UNIT(LENGTH_MEASURE(0.01),#10769,
'DISTANCE_ACCURACY_VALUE',
'Maximum model space distance between geometric entities at asserted c
onnectivities');
#10719=UNCERTAINTY_MEASURE_WITH_UNIT(LENGTH_MEASURE(0.01),#10769,
'DISTANCE_ACCURACY_VALUE',
'Maximum model space distance between geometric entities at asserted c
onnectivities');
#10720=UNCERTAINTY_MEASURE_WITH_UNIT(LENGTH_MEASURE(0.01),#10769,
'DISTANCE_ACCURACY_VALUE',
'Maximum model space distance between geometric entities at asserted c
onnectivities');
#10721=UNCERTAINTY_MEASURE_WITH_UNIT(LENGTH_MEASURE(0.01),#10769,
'DISTANCE_ACCURACY_VALUE',
'Maximum model space distance between geometric entities at asserted c
onnectivities');
#10722=UNCERTAINTY_MEASURE_WITH_UNIT(LENGTH_MEASURE(0.01),#10769,
'DISTANCE_ACCURACY_VALUE',
'Maximum model space distance between geometric entities at asserted c
onnectivities');
#10723=UNCERTAINTY_MEASURE_WITH_UNIT(LENGTH_MEASURE(0.01),#10769,
'DISTANCE_ACCURACY_VALUE',
'Maximum model space distance between geometric entities at asserted c
onnectivities');
#10724=UNCERTAINTY_MEASURE_WITH_UNIT(LENGTH_MEASURE(0.01),#10769,
'DISTANCE_ACCURACY_VALUE',
'Maximum model space distance between geometric entities at asserted c
onnectivities');
#10725=UNCERTAINTY_MEASURE_WITH_UNIT(LENGTH_MEASURE(0.01),#10769,
'DISTANCE_ACCURACY_VALUE',
'Maximum model space distance between geometric entities at asserted c
onnectivities');
#10726=UNCERTAINTY_MEASURE_WITH_UNIT(LENGTH_MEASURE(0.01),#10769,
'DISTANCE_ACCURACY_VALUE',
'Maximum model space distance between geometric entities at asserted c
onnectivities');
#10727=UNCERTAINTY_MEASURE_WITH_UNIT(LENGTH_MEASURE(0.01),#10769,
'DISTANCE_ACCURACY_VALUE',
'Maximum model space distance between geometric entities at asserted c
onnectivities');
#10728=UNCERTAINTY_MEASURE_WITH_UNIT(LENGTH_MEASURE(0.01),#10769,
'DISTANCE_ACCURACY_VALUE',
'Maximum model space distance between geometric entities at asserted c
onnectivities');
#10729=UNCERTAINTY_MEASURE_WITH_UNIT(LENGTH_MEASURE(0.01),#10769,
'DISTANCE_ACCURACY_VALUE',
'Maximum model space distance between geometric entities at asserted c
onnectivities');
#10730=UNCERTAINTY_MEASURE_WITH_UNIT(LENGTH_MEASURE(0.01),#10769,
'DISTANCE_ACCURACY_VALUE',
'Maximum model space distance between geometric entities at asserted c
onnectivities');
#10731=UNCERTAINTY_MEASURE_WITH_UNIT(LENGTH_MEASURE(0.01),#10769,
'DISTANCE_ACCURACY_VALUE',
'Maximum model space distance between geometric entities at asserted c
onnectivities');
#10732=UNCERTAINTY_MEASURE_WITH_UNIT(LENGTH_MEASURE(0.01),#10769,
'DISTANCE_ACCURACY_VALUE',
'Maximum model space distance between geometric entities at asserted c
onnectivities');
#10733=UNCERTAINTY_MEASURE_WITH_UNIT(LENGTH_MEASURE(0.01),#10769,
'DISTANCE_ACCURACY_VALUE',
'Maximum model space distance between geometric entities at asserted c
onnectivities');
#10734=UNCERTAINTY_MEASURE_WITH_UNIT(LENGTH_MEASURE(0.01),#10769,
'DISTANCE_ACCURACY_VALUE',
'Maximum model space distance between geometric entities at asserted c
onnectivities');
#10735=(
GEOMETRIC_REPRESENTATION_CONTEXT(3)
GLOBAL_UNCERTAINTY_ASSIGNED_CONTEXT((#10701))
GLOBAL_UNIT_ASSIGNED_CONTEXT((#10769,#10771,#10772))
REPRESENTATION_CONTEXT('','3D')
);
#10736=(
GEOMETRIC_REPRESENTATION_CONTEXT(3)
GLOBAL_UNCERTAINTY_ASSIGNED_CONTEXT((#10702))
GLOBAL_UNIT_ASSIGNED_CONTEXT((#10769,#10771,#10772))
REPRESENTATION_CONTEXT('','3D')
);
#10737=(
GEOMETRIC_REPRESENTATION_CONTEXT(3)
GLOBAL_UNCERTAINTY_ASSIGNED_CONTEXT((#10703))
GLOBAL_UNIT_ASSIGNED_CONTEXT((#10769,#10771,#10772))
REPRESENTATION_CONTEXT('','3D')
);
#10738=(
GEOMETRIC_REPRESENTATION_CONTEXT(3)
GLOBAL_UNCERTAINTY_ASSIGNED_CONTEXT((#10704))
GLOBAL_UNIT_ASSIGNED_CONTEXT((#10769,#10771,#10772))
REPRESENTATION_CONTEXT('','3D')
);
#10739=(
GEOMETRIC_REPRESENTATION_CONTEXT(3)
GLOBAL_UNCERTAINTY_ASSIGNED_CONTEXT((#10705))
GLOBAL_UNIT_ASSIGNED_CONTEXT((#10769,#10771,#10772))
REPRESENTATION_CONTEXT('','3D')
);
#10740=(
GEOMETRIC_REPRESENTATION_CONTEXT(3)
GLOBAL_UNCERTAINTY_ASSIGNED_CONTEXT((#10706))
GLOBAL_UNIT_ASSIGNED_CONTEXT((#10769,#10771,#10772))
REPRESENTATION_CONTEXT('','3D')
);
#10741=(
GEOMETRIC_REPRESENTATION_CONTEXT(3)
GLOBAL_UNCERTAINTY_ASSIGNED_CONTEXT((#10707))
GLOBAL_UNIT_ASSIGNED_CONTEXT((#10769,#10771,#10772))
REPRESENTATION_CONTEXT('','3D')
);
#10742=(
GEOMETRIC_REPRESENTATION_CONTEXT(3)
GLOBAL_UNCERTAINTY_ASSIGNED_CONTEXT((#10708))
GLOBAL_UNIT_ASSIGNED_CONTEXT((#10769,#10771,#10772))
REPRESENTATION_CONTEXT('','3D')
);
#10743=(
GEOMETRIC_REPRESENTATION_CONTEXT(3)
GLOBAL_UNCERTAINTY_ASSIGNED_CONTEXT((#10709))
GLOBAL_UNIT_ASSIGNED_CONTEXT((#10769,#10771,#10772))
REPRESENTATION_CONTEXT('','3D')
);
#10744=(
GEOMETRIC_REPRESENTATION_CONTEXT(3)
GLOBAL_UNCERTAINTY_ASSIGNED_CONTEXT((#10710))
GLOBAL_UNIT_ASSIGNED_CONTEXT((#10769,#10771,#10772))
REPRESENTATION_CONTEXT('','3D')
);
#10745=(
GEOMETRIC_REPRESENTATION_CONTEXT(3)
GLOBAL_UNCERTAINTY_ASSIGNED_CONTEXT((#10711))
GLOBAL_UNIT_ASSIGNED_CONTEXT((#10769,#10771,#10772))
REPRESENTATION_CONTEXT('','3D')
);
#10746=(
GEOMETRIC_REPRESENTATION_CONTEXT(3)
GLOBAL_UNCERTAINTY_ASSIGNED_CONTEXT((#10712))
GLOBAL_UNIT_ASSIGNED_CONTEXT((#10769,#10771,#10772))
REPRESENTATION_CONTEXT('','3D')
);
#10747=(
GEOMETRIC_REPRESENTATION_CONTEXT(3)
GLOBAL_UNCERTAINTY_ASSIGNED_CONTEXT((#10713))
GLOBAL_UNIT_ASSIGNED_CONTEXT((#10769,#10771,#10772))
REPRESENTATION_CONTEXT('','3D')
);
#10748=(
GEOMETRIC_REPRESENTATION_CONTEXT(3)
GLOBAL_UNCERTAINTY_ASSIGNED_CONTEXT((#10714))
GLOBAL_UNIT_ASSIGNED_CONTEXT((#10769,#10771,#10772))
REPRESENTATION_CONTEXT('','3D')
);
#10749=(
GEOMETRIC_REPRESENTATION_CONTEXT(3)
GLOBAL_UNCERTAINTY_ASSIGNED_CONTEXT((#10715))
GLOBAL_UNIT_ASSIGNED_CONTEXT((#10769,#10771,#10772))
REPRESENTATION_CONTEXT('','3D')
);
#10750=(
GEOMETRIC_REPRESENTATION_CONTEXT(3)
GLOBAL_UNCERTAINTY_ASSIGNED_CONTEXT((#10716))
GLOBAL_UNIT_ASSIGNED_CONTEXT((#10769,#10771,#10772))
REPRESENTATION_CONTEXT('','3D')
);
#10751=(
GEOMETRIC_REPRESENTATION_CONTEXT(3)
GLOBAL_UNCERTAINTY_ASSIGNED_CONTEXT((#10717))
GLOBAL_UNIT_ASSIGNED_CONTEXT((#10769,#10771,#10772))
REPRESENTATION_CONTEXT('','3D')
);
#10752=(
GEOMETRIC_REPRESENTATION_CONTEXT(3)
GLOBAL_UNCERTAINTY_ASSIGNED_CONTEXT((#10718))
GLOBAL_UNIT_ASSIGNED_CONTEXT((#10769,#10771,#10772))
REPRESENTATION_CONTEXT('','3D')
);
#10753=(
GEOMETRIC_REPRESENTATION_CONTEXT(3)
GLOBAL_UNCERTAINTY_ASSIGNED_CONTEXT((#10719))
GLOBAL_UNIT_ASSIGNED_CONTEXT((#10769,#10771,#10772))
REPRESENTATION_CONTEXT('','3D')
);
#10754=(
GEOMETRIC_REPRESENTATION_CONTEXT(3)
GLOBAL_UNCERTAINTY_ASSIGNED_CONTEXT((#10720))
GLOBAL_UNIT_ASSIGNED_CONTEXT((#10769,#10771,#10772))
REPRESENTATION_CONTEXT('','3D')
);
#10755=(
GEOMETRIC_REPRESENTATION_CONTEXT(3)
GLOBAL_UNCERTAINTY_ASSIGNED_CONTEXT((#10721))
GLOBAL_UNIT_ASSIGNED_CONTEXT((#10769,#10771,#10772))
REPRESENTATION_CONTEXT('','3D')
);
#10756=(
GEOMETRIC_REPRESENTATION_CONTEXT(3)
GLOBAL_UNCERTAINTY_ASSIGNED_CONTEXT((#10722))
GLOBAL_UNIT_ASSIGNED_CONTEXT((#10769,#10771,#10772))
REPRESENTATION_CONTEXT('','3D')
);
#10757=(
GEOMETRIC_REPRESENTATION_CONTEXT(3)
GLOBAL_UNCERTAINTY_ASSIGNED_CONTEXT((#10723))
GLOBAL_UNIT_ASSIGNED_CONTEXT((#10769,#10771,#10772))
REPRESENTATION_CONTEXT('','3D')
);
#10758=(
GEOMETRIC_REPRESENTATION_CONTEXT(3)
GLOBAL_UNCERTAINTY_ASSIGNED_CONTEXT((#10724))
GLOBAL_UNIT_ASSIGNED_CONTEXT((#10769,#10771,#10772))
REPRESENTATION_CONTEXT('','3D')
);
#10759=(
GEOMETRIC_REPRESENTATION_CONTEXT(3)
GLOBAL_UNCERTAINTY_ASSIGNED_CONTEXT((#10725))
GLOBAL_UNIT_ASSIGNED_CONTEXT((#10769,#10771,#10772))
REPRESENTATION_CONTEXT('','3D')
);
#10760=(
GEOMETRIC_REPRESENTATION_CONTEXT(3)
GLOBAL_UNCERTAINTY_ASSIGNED_CONTEXT((#10726))
GLOBAL_UNIT_ASSIGNED_CONTEXT((#10769,#10771,#10772))
REPRESENTATION_CONTEXT('','3D')
);
#10761=(
GEOMETRIC_REPRESENTATION_CONTEXT(3)
GLOBAL_UNCERTAINTY_ASSIGNED_CONTEXT((#10727))
GLOBAL_UNIT_ASSIGNED_CONTEXT((#10769,#10771,#10772))
REPRESENTATION_CONTEXT('','3D')
);
#10762=(
GEOMETRIC_REPRESENTATION_CONTEXT(3)
GLOBAL_UNCERTAINTY_ASSIGNED_CONTEXT((#10728))
GLOBAL_UNIT_ASSIGNED_CONTEXT((#10769,#10771,#10772))
REPRESENTATION_CONTEXT('','3D')
);
#10763=(
GEOMETRIC_REPRESENTATION_CONTEXT(3)
GLOBAL_UNCERTAINTY_ASSIGNED_CONTEXT((#10729))
GLOBAL_UNIT_ASSIGNED_CONTEXT((#10769,#10771,#10772))
REPRESENTATION_CONTEXT('','3D')
);
#10764=(
GEOMETRIC_REPRESENTATION_CONTEXT(3)
GLOBAL_UNCERTAINTY_ASSIGNED_CONTEXT((#10730))
GLOBAL_UNIT_ASSIGNED_CONTEXT((#10769,#10771,#10772))
REPRESENTATION_CONTEXT('','3D')
);
#10765=(
GEOMETRIC_REPRESENTATION_CONTEXT(3)
GLOBAL_UNCERTAINTY_ASSIGNED_CONTEXT((#10731))
GLOBAL_UNIT_ASSIGNED_CONTEXT((#10769,#10771,#10772))
REPRESENTATION_CONTEXT('','3D')
);
#10766=(
GEOMETRIC_REPRESENTATION_CONTEXT(3)
GLOBAL_UNCERTAINTY_ASSIGNED_CONTEXT((#10732))
GLOBAL_UNIT_ASSIGNED_CONTEXT((#10769,#10771,#10772))
REPRESENTATION_CONTEXT('','3D')
);
#10767=(
GEOMETRIC_REPRESENTATION_CONTEXT(3)
GLOBAL_UNCERTAINTY_ASSIGNED_CONTEXT((#10733))
GLOBAL_UNIT_ASSIGNED_CONTEXT((#10769,#10771,#10772))
REPRESENTATION_CONTEXT('','3D')
);
#10768=(
GEOMETRIC_REPRESENTATION_CONTEXT(3)
GLOBAL_UNCERTAINTY_ASSIGNED_CONTEXT((#10734))
GLOBAL_UNIT_ASSIGNED_CONTEXT((#10769,#10771,#10772))
REPRESENTATION_CONTEXT('','3D')
);
#10769=(
LENGTH_UNIT()
NAMED_UNIT(*)
SI_UNIT(.MILLI.,.METRE.)
);
#10770=(
LENGTH_UNIT()
NAMED_UNIT(*)
SI_UNIT($,.METRE.)
);
#10771=(
NAMED_UNIT(*)
PLANE_ANGLE_UNIT()
SI_UNIT($,.RADIAN.)
);
#10772=(
NAMED_UNIT(*)
SI_UNIT($,.STERADIAN.)
SOLID_ANGLE_UNIT()
);
#10773=SHAPE_DEFINITION_REPRESENTATION(#10806,#10887);
#10774=SHAPE_DEFINITION_REPRESENTATION(#10807,#10888);
#10775=SHAPE_DEFINITION_REPRESENTATION(#10808,#10889);
#10776=SHAPE_DEFINITION_REPRESENTATION(#10809,#10890);
#10777=SHAPE_DEFINITION_REPRESENTATION(#10812,#10891);
#10778=SHAPE_DEFINITION_REPRESENTATION(#10813,#10892);
#10779=SHAPE_DEFINITION_REPRESENTATION(#10814,#10893);
#10780=SHAPE_DEFINITION_REPRESENTATION(#10815,#10894);
#10781=SHAPE_DEFINITION_REPRESENTATION(#10817,#10895);
#10782=SHAPE_DEFINITION_REPRESENTATION(#10818,#10896);
#10783=SHAPE_DEFINITION_REPRESENTATION(#10819,#10897);
#10784=SHAPE_DEFINITION_REPRESENTATION(#10820,#10898);
#10785=SHAPE_DEFINITION_REPRESENTATION(#10821,#10899);
#10786=SHAPE_DEFINITION_REPRESENTATION(#10822,#10900);
#10787=SHAPE_DEFINITION_REPRESENTATION(#10823,#10901);
#10788=SHAPE_DEFINITION_REPRESENTATION(#10824,#10902);
#10789=SHAPE_DEFINITION_REPRESENTATION(#10825,#10903);
#10790=SHAPE_DEFINITION_REPRESENTATION(#10826,#10904);
#10791=SHAPE_DEFINITION_REPRESENTATION(#10836,#10905);
#10792=SHAPE_DEFINITION_REPRESENTATION(#10849,#10906);
#10793=SHAPE_DEFINITION_REPRESENTATION(#10850,#10907);
#10794=SHAPE_DEFINITION_REPRESENTATION(#10851,#10908);
#10795=SHAPE_DEFINITION_REPRESENTATION(#10853,#10909);
#10796=SHAPE_DEFINITION_REPRESENTATION(#10854,#10910);
#10797=SHAPE_DEFINITION_REPRESENTATION(#10855,#10911);
#10798=SHAPE_DEFINITION_REPRESENTATION(#10856,#10912);
#10799=SHAPE_DEFINITION_REPRESENTATION(#10857,#10913);
#10800=SHAPE_DEFINITION_REPRESENTATION(#10858,#10914);
#10801=SHAPE_DEFINITION_REPRESENTATION(#10859,#10915);
#10802=SHAPE_DEFINITION_REPRESENTATION(#10860,#10916);
#10803=SHAPE_DEFINITION_REPRESENTATION(#10861,#10917);
#10804=SHAPE_DEFINITION_REPRESENTATION(#10862,#10918);
#10805=SHAPE_DEFINITION_REPRESENTATION(#10863,#10919);
#10806=PRODUCT_DEFINITION_SHAPE('',$,#10921);
#10807=PRODUCT_DEFINITION_SHAPE('',$,#10922);
#10808=PRODUCT_DEFINITION_SHAPE('',$,#10923);
#10809=PRODUCT_DEFINITION_SHAPE('',$,#10924);
#10810=PRODUCT_DEFINITION_SHAPE($,$,#167);
#10811=PRODUCT_DEFINITION_SHAPE($,$,#168);
#10812=PRODUCT_DEFINITION_SHAPE('',$,#10925);
#10813=PRODUCT_DEFINITION_SHAPE('',$,#10926);
#10814=PRODUCT_DEFINITION_SHAPE('',$,#10927);
#10815=PRODUCT_DEFINITION_SHAPE('',$,#10928);
#10816=PRODUCT_DEFINITION_SHAPE($,$,#169);
#10817=PRODUCT_DEFINITION_SHAPE('',$,#10929);
#10818=PRODUCT_DEFINITION_SHAPE('',$,#10930);
#10819=PRODUCT_DEFINITION_SHAPE('',$,#10931);
#10820=PRODUCT_DEFINITION_SHAPE('',$,#10932);
#10821=PRODUCT_DEFINITION_SHAPE('',$,#10933);
#10822=PRODUCT_DEFINITION_SHAPE('',$,#10934);
#10823=PRODUCT_DEFINITION_SHAPE('',$,#10935);
#10824=PRODUCT_DEFINITION_SHAPE('',$,#10936);
#10825=PRODUCT_DEFINITION_SHAPE('',$,#10937);
#10826=PRODUCT_DEFINITION_SHAPE('',$,#10938);
#10827=PRODUCT_DEFINITION_SHAPE($,$,#170);
#10828=PRODUCT_DEFINITION_SHAPE($,$,#171);
#10829=PRODUCT_DEFINITION_SHAPE($,$,#172);
#10830=PRODUCT_DEFINITION_SHAPE($,$,#173);
#10831=PRODUCT_DEFINITION_SHAPE($,$,#174);
#10832=PRODUCT_DEFINITION_SHAPE($,$,#175);
#10833=PRODUCT_DEFINITION_SHAPE($,$,#176);
#10834=PRODUCT_DEFINITION_SHAPE($,$,#177);
#10835=PRODUCT_DEFINITION_SHAPE($,$,#178);
#10836=PRODUCT_DEFINITION_SHAPE('',$,#10939);
#10837=PRODUCT_DEFINITION_SHAPE($,$,#179);
#10838=PRODUCT_DEFINITION_SHAPE($,$,#180);
#10839=PRODUCT_DEFINITION_SHAPE($,$,#181);
#10840=PRODUCT_DEFINITION_SHAPE($,$,#182);
#10841=PRODUCT_DEFINITION_SHAPE($,$,#183);
#10842=PRODUCT_DEFINITION_SHAPE($,$,#184);
#10843=PRODUCT_DEFINITION_SHAPE($,$,#185);
#10844=PRODUCT_DEFINITION_SHAPE($,$,#186);
#10845=PRODUCT_DEFINITION_SHAPE($,$,#187);
#10846=PRODUCT_DEFINITION_SHAPE($,$,#188);
#10847=PRODUCT_DEFINITION_SHAPE($,$,#189);
#10848=PRODUCT_DEFINITION_SHAPE($,$,#190);
#10849=PRODUCT_DEFINITION_SHAPE('',$,#10940);
#10850=PRODUCT_DEFINITION_SHAPE('',$,#10941);
#10851=PRODUCT_DEFINITION_SHAPE('',$,#10942);
#10852=PRODUCT_DEFINITION_SHAPE($,$,#191);
#10853=PRODUCT_DEFINITION_SHAPE('',$,#10943);
#10854=PRODUCT_DEFINITION_SHAPE('',$,#10944);
#10855=PRODUCT_DEFINITION_SHAPE('',$,#10945);
#10856=PRODUCT_DEFINITION_SHAPE('',$,#10946);
#10857=PRODUCT_DEFINITION_SHAPE('',$,#10947);
#10858=PRODUCT_DEFINITION_SHAPE('',$,#10948);
#10859=PRODUCT_DEFINITION_SHAPE('',$,#10949);
#10860=PRODUCT_DEFINITION_SHAPE('',$,#10950);
#10861=PRODUCT_DEFINITION_SHAPE('',$,#10951);
#10862=PRODUCT_DEFINITION_SHAPE('',$,#10952);
#10863=PRODUCT_DEFINITION_SHAPE('',$,#10953);
#10864=PRODUCT_DEFINITION_SHAPE($,$,#192);
#10865=PRODUCT_DEFINITION_SHAPE($,$,#193);
#10866=PRODUCT_DEFINITION_SHAPE($,$,#194);
#10867=PRODUCT_DEFINITION_SHAPE($,$,#195);
#10868=PRODUCT_DEFINITION_SHAPE($,$,#196);
#10869=PRODUCT_DEFINITION_SHAPE($,$,#197);
#10870=PRODUCT_DEFINITION_SHAPE($,$,#198);
#10871=PRODUCT_DEFINITION_SHAPE($,$,#199);
#10872=PRODUCT_DEFINITION_SHAPE($,$,#200);
#10873=PRODUCT_DEFINITION_SHAPE($,$,#201);
#10874=PRODUCT_DEFINITION_SHAPE($,$,#202);
#10875=PRODUCT_DEFINITION_SHAPE($,$,#203);
#10876=PRODUCT_DEFINITION_SHAPE($,$,#204);
#10877=PRODUCT_DEFINITION_SHAPE($,$,#205);
#10878=PRODUCT_DEFINITION_SHAPE($,$,#206);
#10879=PRODUCT_DEFINITION_SHAPE($,$,#207);
#10880=PRODUCT_DEFINITION_SHAPE($,$,#208);
#10881=PRODUCT_DEFINITION_SHAPE($,$,#209);
#10882=PRODUCT_DEFINITION_SHAPE($,$,#210);
#10883=PRODUCT_DEFINITION_SHAPE($,$,#211);
#10884=PRODUCT_DEFINITION_SHAPE($,$,#212);
#10885=PRODUCT_DEFINITION_SHAPE($,$,#213);
#10886=PRODUCT_DEFINITION_SHAPE($,$,#214);
#10887=SHAPE_REPRESENTATION('',(#6275,#6986,#6987,#6988),#10735);
#10888=SHAPE_REPRESENTATION('',(#6276,#6462,#6463),#10736);
#10889=SHAPE_REPRESENTATION('',(#6277),#10737);
#10890=SHAPE_REPRESENTATION('',(#6278),#10738);
#10891=SHAPE_REPRESENTATION('',(#6464,#6563),#10739);
#10892=SHAPE_REPRESENTATION('',(#6465,#6489,#6490,#6491,#6492,#6493,#6494,
#6495,#6496,#6497,#6498,#6499),#10740);
#10893=SHAPE_REPRESENTATION('',(#6466,#6468),#10741);
#10894=SHAPE_REPRESENTATION('',(#6467),#10742);
#10895=SHAPE_REPRESENTATION('',(#6469,#6479),#10743);
#10896=SHAPE_REPRESENTATION('',(#6470,#6480),#10744);
#10897=SHAPE_REPRESENTATION('',(#6471,#6481),#10745);
#10898=SHAPE_REPRESENTATION('',(#6472,#6482),#10746);
#10899=SHAPE_REPRESENTATION('',(#6473,#6483),#10747);
#10900=SHAPE_REPRESENTATION('',(#6474,#6484),#10748);
#10901=SHAPE_REPRESENTATION('',(#6475,#6485),#10749);
#10902=SHAPE_REPRESENTATION('',(#6476,#6486),#10750);
#10903=SHAPE_REPRESENTATION('',(#6477,#6487),#10751);
#10904=SHAPE_REPRESENTATION('',(#6478),#10752);
#10905=SHAPE_REPRESENTATION('',(#6488),#10753);
#10906=SHAPE_REPRESENTATION('',(#6564,#6975,#6976,#6977,#6978,#6979,#6980,
#6981,#6982,#6983,#6984,#6985),#10754);
#10907=SHAPE_REPRESENTATION('',(#6565,#6667),#10755);
#10908=SHAPE_REPRESENTATION('',(#6566),#10756);
#10909=SHAPE_REPRESENTATION('',(#6668,#6966),#10757);
#10910=SHAPE_REPRESENTATION('',(#6669),#10758);
#10911=SHAPE_REPRESENTATION('',(#6919,#6967),#10759);
#10912=SHAPE_REPRESENTATION('',(#6920,#6968),#10760);
#10913=SHAPE_REPRESENTATION('',(#6921,#6969),#10761);
#10914=SHAPE_REPRESENTATION('',(#6922,#6970),#10762);
#10915=SHAPE_REPRESENTATION('',(#6923,#6971),#10763);
#10916=SHAPE_REPRESENTATION('',(#6924,#6972),#10764);
#10917=SHAPE_REPRESENTATION('',(#6925,#6973),#10765);
#10918=SHAPE_REPRESENTATION('',(#6926,#6974),#10766);
#10919=SHAPE_REPRESENTATION('',(#6927),#10767);
#10920=PRODUCT_DEFINITION_CONTEXT('part definition',#11021,'design');
#10921=PRODUCT_DEFINITION('2026-08-05-17-05-09-420','Assembly',#10954,#10920);
#10922=PRODUCT_DEFINITION('2026-08-04-16-44-00-452','Case2.0',#10955,#10920);
#10923=PRODUCT_DEFINITION('2026-08-05-16-32-02-707','Komponente1',#10956,
#10920);
#10924=PRODUCT_DEFINITION('2026-08-05-16-32-52-017','Komponente2',#10957,
#10920);
#10925=PRODUCT_DEFINITION('2026-08-04-16-44-00-452_1','Case2.0',#10958,
#10920);
#10926=PRODUCT_DEFINITION('Schaltplatte_6_Tasten 1','PCB',#10959,#10920);
#10927=PRODUCT_DEFINITION('PinHeader_1x04_P2.54mm_Vertical',
'PinHeader_1x04_P2.54mm_Vertical',#10960,#10920);
#10928=PRODUCT_DEFINITION('PinHeader_1x04_P254mm_Vertical',
'PinHeader_1x04_P254mm_Vertical',#10961,#10920);
#10929=PRODUCT_DEFINITION('D_DO-35_SOD27_P7.62mm_Horizontal',
'D_DO-35_SOD27_P7.62mm_Horizontal (1)',#10962,#10920);
#10930=PRODUCT_DEFINITION('D_DO-35_SOD27_P7.62mm_Horizontal_1',
'D_DO-35_SOD27_P7.62mm_Horizontal (1)',#10963,#10920);
#10931=PRODUCT_DEFINITION('D_DO-35_SOD27_P7.62mm_Horizontal_2',
'D_DO-35_SOD27_P7.62mm_Horizontal (1)',#10964,#10920);
#10932=PRODUCT_DEFINITION('D_DO-35_SOD27_P7.62mm_Horizontal_3',
'D_DO-35_SOD27_P7.62mm_Horizontal (1)',#10965,#10920);
#10933=PRODUCT_DEFINITION('D_DO-35_SOD27_P7.62mm_Horizontal_4',
'D_DO-35_SOD27_P7.62mm_Horizontal (1)',#10966,#10920);
#10934=PRODUCT_DEFINITION('D_DO-35_SOD27_P7.62mm_Horizontal_5',
'D_DO-35_SOD27_P7.62mm_Horizontal (1)',#10967,#10920);
#10935=PRODUCT_DEFINITION('D_DO-35_SOD27_P7.62mm_Horizontal_6',
'D_DO-35_SOD27_P7.62mm_Horizontal (1)',#10968,#10920);
#10936=PRODUCT_DEFINITION('D_DO-35_SOD27_P7.62mm_Horizontal_7',
'D_DO-35_SOD27_P7.62mm_Horizontal (1)',#10969,#10920);
#10937=PRODUCT_DEFINITION('D_DO-35_SOD27_P7.62mm_Horizontal_8',
'D_DO-35_SOD27_P7.62mm_Horizontal (1)',#10970,#10920);
#10938=PRODUCT_DEFINITION('D_DO-35_SOD27_P7.62mm_Horizontal_9',
'D_DO-35_SOD27_P7.62mm_Horizontal',#10971,#10920);
#10939=PRODUCT_DEFINITION('SchB4E_PCB','SchB4E_PCB',#10972,#10920);
#10940=PRODUCT_DEFINITION('2026-08-15-19-41-14-626',
'Schaltplatte_6_Tasten',#10973,#10920);
#10941=PRODUCT_DEFINITION('2026-08-15-19-41-14-627',
'PinHeader_1x04_P2.54mm_Vertical',#10974,#10920);
#10942=PRODUCT_DEFINITION('2026-08-15-19-41-14-628',
'PinHeader_1x04_P254mm_Vertical',#10975,#10920);
#10943=PRODUCT_DEFINITION('2026-08-15-19-41-14-629',
'D_DO-35_SOD27_P7.62mm_Horizontal (1)',#10976,#10920);
#10944=PRODUCT_DEFINITION('2026-08-15-19-41-14-631','SchB4E_PCB',#10977,
#10920);
#10945=PRODUCT_DEFINITION('2026-08-15-19-41-14-629_1',
'D_DO-35_SOD27_P7.62mm_Horizontal (1)',#10978,#10920);
#10946=PRODUCT_DEFINITION('2026-08-15-19-41-14-629_2',
'D_DO-35_SOD27_P7.62mm_Horizontal (1)',#10979,#10920);
#10947=PRODUCT_DEFINITION('2026-08-15-19-41-14-629_3',
'D_DO-35_SOD27_P7.62mm_Horizontal (1)',#10980,#10920);
#10948=PRODUCT_DEFINITION('2026-08-15-19-41-14-629_4',
'D_DO-35_SOD27_P7.62mm_Horizontal (1)',#10981,#10920);
#10949=PRODUCT_DEFINITION('2026-08-15-19-41-14-629_5',
'D_DO-35_SOD27_P7.62mm_Horizontal (1)',#10982,#10920);
#10950=PRODUCT_DEFINITION('2026-08-15-19-41-14-629_6',
'D_DO-35_SOD27_P7.62mm_Horizontal (1)',#10983,#10920);
#10951=PRODUCT_DEFINITION('2026-08-15-19-41-14-629_7',
'D_DO-35_SOD27_P7.62mm_Horizontal (1)',#10984,#10920);
#10952=PRODUCT_DEFINITION('2026-08-15-19-41-14-629_8',
'D_DO-35_SOD27_P7.62mm_Horizontal (1)',#10985,#10920);
#10953=PRODUCT_DEFINITION('2026-08-15-19-41-14-630',
'D_DO-35_SOD27_P7.62mm_Horizontal',#10986,#10920);
#10954=PRODUCT_DEFINITION_FORMATION('',$,#11023);
#10955=PRODUCT_DEFINITION_FORMATION('',$,#11024);
#10956=PRODUCT_DEFINITION_FORMATION('',$,#11025);
#10957=PRODUCT_DEFINITION_FORMATION('',$,#11026);
#10958=PRODUCT_DEFINITION_FORMATION('',$,#11027);
#10959=PRODUCT_DEFINITION_FORMATION('',$,#11028);
#10960=PRODUCT_DEFINITION_FORMATION('',$,#11029);
#10961=PRODUCT_DEFINITION_FORMATION('',$,#11030);
#10962=PRODUCT_DEFINITION_FORMATION('',$,#11031);
#10963=PRODUCT_DEFINITION_FORMATION('',$,#11032);
#10964=PRODUCT_DEFINITION_FORMATION('',$,#11033);
#10965=PRODUCT_DEFINITION_FORMATION('',$,#11034);
#10966=PRODUCT_DEFINITION_FORMATION('',$,#11035);
#10967=PRODUCT_DEFINITION_FORMATION('',$,#11036);
#10968=PRODUCT_DEFINITION_FORMATION('',$,#11037);
#10969=PRODUCT_DEFINITION_FORMATION('',$,#11038);
#10970=PRODUCT_DEFINITION_FORMATION('',$,#11039);
#10971=PRODUCT_DEFINITION_FORMATION('',$,#11040);
#10972=PRODUCT_DEFINITION_FORMATION('',$,#11041);
#10973=PRODUCT_DEFINITION_FORMATION('',$,#11042);
#10974=PRODUCT_DEFINITION_FORMATION('',$,#11043);
#10975=PRODUCT_DEFINITION_FORMATION('',$,#11044);
#10976=PRODUCT_DEFINITION_FORMATION('',$,#11045);
#10977=PRODUCT_DEFINITION_FORMATION('',$,#11046);
#10978=PRODUCT_DEFINITION_FORMATION('',$,#11047);
#10979=PRODUCT_DEFINITION_FORMATION('',$,#11048);
#10980=PRODUCT_DEFINITION_FORMATION('',$,#11049);
#10981=PRODUCT_DEFINITION_FORMATION('',$,#11050);
#10982=PRODUCT_DEFINITION_FORMATION('',$,#11051);
#10983=PRODUCT_DEFINITION_FORMATION('',$,#11052);
#10984=PRODUCT_DEFINITION_FORMATION('',$,#11053);
#10985=PRODUCT_DEFINITION_FORMATION('',$,#11054);
#10986=PRODUCT_DEFINITION_FORMATION('',$,#11055);
#10987=PRODUCT_RELATED_PRODUCT_CATEGORY('Assembly','Assembly',(#11023));
#10988=PRODUCT_RELATED_PRODUCT_CATEGORY('Case2.0','Case2.0',(#11024));
#10989=PRODUCT_RELATED_PRODUCT_CATEGORY('Komponente1','Komponente1',(#11025));
#10990=PRODUCT_RELATED_PRODUCT_CATEGORY('Komponente2','Komponente2',(#11026));
#10991=PRODUCT_RELATED_PRODUCT_CATEGORY('Case2.0','Case2.0',(#11027));
#10992=PRODUCT_RELATED_PRODUCT_CATEGORY('PCB','PCB',(#11028));
#10993=PRODUCT_RELATED_PRODUCT_CATEGORY(
'PinHeader_1x04_P2.54mm_Vertical','PinHeader_1x04_P2.54mm_Vertical',(#11029));
#10994=PRODUCT_RELATED_PRODUCT_CATEGORY(
'PinHeader_1x04_P254mm_Vertical','PinHeader_1x04_P254mm_Vertical',(#11030));
#10995=PRODUCT_RELATED_PRODUCT_CATEGORY(
'D_DO-35_SOD27_P7.62mm_Horizontal (1)',
'D_DO-35_SOD27_P7.62mm_Horizontal (1)',(#11031));
#10996=PRODUCT_RELATED_PRODUCT_CATEGORY(
'D_DO-35_SOD27_P7.62mm_Horizontal (1)',
'D_DO-35_SOD27_P7.62mm_Horizontal (1)',(#11032));
#10997=PRODUCT_RELATED_PRODUCT_CATEGORY(
'D_DO-35_SOD27_P7.62mm_Horizontal (1)',
'D_DO-35_SOD27_P7.62mm_Horizontal (1)',(#11033));
#10998=PRODUCT_RELATED_PRODUCT_CATEGORY(
'D_DO-35_SOD27_P7.62mm_Horizontal (1)',
'D_DO-35_SOD27_P7.62mm_Horizontal (1)',(#11034));
#10999=PRODUCT_RELATED_PRODUCT_CATEGORY(
'D_DO-35_SOD27_P7.62mm_Horizontal (1)',
'D_DO-35_SOD27_P7.62mm_Horizontal (1)',(#11035));
#11000=PRODUCT_RELATED_PRODUCT_CATEGORY(
'D_DO-35_SOD27_P7.62mm_Horizontal (1)',
'D_DO-35_SOD27_P7.62mm_Horizontal (1)',(#11036));
#11001=PRODUCT_RELATED_PRODUCT_CATEGORY(
'D_DO-35_SOD27_P7.62mm_Horizontal (1)',
'D_DO-35_SOD27_P7.62mm_Horizontal (1)',(#11037));
#11002=PRODUCT_RELATED_PRODUCT_CATEGORY(
'D_DO-35_SOD27_P7.62mm_Horizontal (1)',
'D_DO-35_SOD27_P7.62mm_Horizontal (1)',(#11038));
#11003=PRODUCT_RELATED_PRODUCT_CATEGORY(
'D_DO-35_SOD27_P7.62mm_Horizontal (1)',
'D_DO-35_SOD27_P7.62mm_Horizontal (1)',(#11039));
#11004=PRODUCT_RELATED_PRODUCT_CATEGORY(
'D_DO-35_SOD27_P7.62mm_Horizontal','D_DO-35_SOD27_P7.62mm_Horizontal',(#11040));
#11005=PRODUCT_RELATED_PRODUCT_CATEGORY('SchB4E_PCB','SchB4E_PCB',(#11041));
#11006=PRODUCT_RELATED_PRODUCT_CATEGORY('Schaltplatte_6_Tasten',
'Schaltplatte_6_Tasten',(#11042));
#11007=PRODUCT_RELATED_PRODUCT_CATEGORY(
'PinHeader_1x04_P2.54mm_Vertical','PinHeader_1x04_P2.54mm_Vertical',(#11043));
#11008=PRODUCT_RELATED_PRODUCT_CATEGORY(
'PinHeader_1x04_P254mm_Vertical','PinHeader_1x04_P254mm_Vertical',(#11044));
#11009=PRODUCT_RELATED_PRODUCT_CATEGORY(
'D_DO-35_SOD27_P7.62mm_Horizontal (1)',
'D_DO-35_SOD27_P7.62mm_Horizontal (1)',(#11045));
#11010=PRODUCT_RELATED_PRODUCT_CATEGORY('SchB4E_PCB','SchB4E_PCB',(#11046));
#11011=PRODUCT_RELATED_PRODUCT_CATEGORY(
'D_DO-35_SOD27_P7.62mm_Horizontal (1)',
'D_DO-35_SOD27_P7.62mm_Horizontal (1)',(#11047));
#11012=PRODUCT_RELATED_PRODUCT_CATEGORY(
'D_DO-35_SOD27_P7.62mm_Horizontal (1)',
'D_DO-35_SOD27_P7.62mm_Horizontal (1)',(#11048));
#11013=PRODUCT_RELATED_PRODUCT_CATEGORY(
'D_DO-35_SOD27_P7.62mm_Horizontal (1)',
'D_DO-35_SOD27_P7.62mm_Horizontal (1)',(#11049));
#11014=PRODUCT_RELATED_PRODUCT_CATEGORY(
'D_DO-35_SOD27_P7.62mm_Horizontal (1)',
'D_DO-35_SOD27_P7.62mm_Horizontal (1)',(#11050));
#11015=PRODUCT_RELATED_PRODUCT_CATEGORY(
'D_DO-35_SOD27_P7.62mm_Horizontal (1)',
'D_DO-35_SOD27_P7.62mm_Horizontal (1)',(#11051));
#11016=PRODUCT_RELATED_PRODUCT_CATEGORY(
'D_DO-35_SOD27_P7.62mm_Horizontal (1)',
'D_DO-35_SOD27_P7.62mm_Horizontal (1)',(#11052));
#11017=PRODUCT_RELATED_PRODUCT_CATEGORY(
'D_DO-35_SOD27_P7.62mm_Horizontal (1)',
'D_DO-35_SOD27_P7.62mm_Horizontal (1)',(#11053));
#11018=PRODUCT_RELATED_PRODUCT_CATEGORY(
'D_DO-35_SOD27_P7.62mm_Horizontal (1)',
'D_DO-35_SOD27_P7.62mm_Horizontal (1)',(#11054));
#11019=PRODUCT_RELATED_PRODUCT_CATEGORY(
'D_DO-35_SOD27_P7.62mm_Horizontal','D_DO-35_SOD27_P7.62mm_Horizontal',(#11055));
#11020=APPLICATION_PROTOCOL_DEFINITION('international standard',
'automotive_design',2009,#11021);
#11021=APPLICATION_CONTEXT(
'Core Data for Automotive Mechanical Design Process');
#11022=PRODUCT_CONTEXT('part definition',#11021,'mechanical');
#11023=PRODUCT('2026-08-05-17-05-09-420','Assembly',$,(#11022));
#11024=PRODUCT('2026-08-04-16-44-00-452','Case2.0',$,(#11022));
#11025=PRODUCT('2026-08-05-16-32-02-707','Komponente1',$,(#11022));
#11026=PRODUCT('2026-08-05-16-32-52-017','Komponente2',$,(#11022));
#11027=PRODUCT('2026-08-04-16-44-00-452_1','Case2.0',$,(#11022));
#11028=PRODUCT('Schaltplatte_6_Tasten 1','PCB',
'KiCad electronic assembly',(#11022));
#11029=PRODUCT('PinHeader_1x04_P2.54mm_Vertical',
'PinHeader_1x04_P2.54mm_Vertical',$,(#11022));
#11030=PRODUCT('PinHeader_1x04_P254mm_Vertical',
'PinHeader_1x04_P254mm_Vertical',$,(#11022));
#11031=PRODUCT('D_DO-35_SOD27_P7.62mm_Horizontal',
'D_DO-35_SOD27_P7.62mm_Horizontal (1)',$,(#11022));
#11032=PRODUCT('D_DO-35_SOD27_P7.62mm_Horizontal_1',
'D_DO-35_SOD27_P7.62mm_Horizontal (1)',$,(#11022));
#11033=PRODUCT('D_DO-35_SOD27_P7.62mm_Horizontal_2',
'D_DO-35_SOD27_P7.62mm_Horizontal (1)',$,(#11022));
#11034=PRODUCT('D_DO-35_SOD27_P7.62mm_Horizontal_3',
'D_DO-35_SOD27_P7.62mm_Horizontal (1)',$,(#11022));
#11035=PRODUCT('D_DO-35_SOD27_P7.62mm_Horizontal_4',
'D_DO-35_SOD27_P7.62mm_Horizontal (1)',$,(#11022));
#11036=PRODUCT('D_DO-35_SOD27_P7.62mm_Horizontal_5',
'D_DO-35_SOD27_P7.62mm_Horizontal (1)',$,(#11022));
#11037=PRODUCT('D_DO-35_SOD27_P7.62mm_Horizontal_6',
'D_DO-35_SOD27_P7.62mm_Horizontal (1)',$,(#11022));
#11038=PRODUCT('D_DO-35_SOD27_P7.62mm_Horizontal_7',
'D_DO-35_SOD27_P7.62mm_Horizontal (1)',$,(#11022));
#11039=PRODUCT('D_DO-35_SOD27_P7.62mm_Horizontal_8',
'D_DO-35_SOD27_P7.62mm_Horizontal (1)',$,(#11022));
#11040=PRODUCT('D_DO-35_SOD27_P7.62mm_Horizontal_9',
'D_DO-35_SOD27_P7.62mm_Horizontal',$,(#11022));
#11041=PRODUCT('SchB4E_PCB','SchB4E_PCB',$,(#11022));
#11042=PRODUCT('2026-08-15-19-41-14-626','Schaltplatte_6_Tasten',
'KiCad electronic assembly',(#11022));
#11043=PRODUCT('2026-08-15-19-41-14-627',
'PinHeader_1x04_P2.54mm_Vertical',$,(#11022));
#11044=PRODUCT('2026-08-15-19-41-14-628',
'PinHeader_1x04_P254mm_Vertical',$,(#11022));
#11045=PRODUCT('2026-08-15-19-41-14-629',
'D_DO-35_SOD27_P7.62mm_Horizontal (1)',$,(#11022));
#11046=PRODUCT('2026-08-15-19-41-14-631','SchB4E_PCB',$,(#11022));
#11047=PRODUCT('2026-08-15-19-41-14-629_1',
'D_DO-35_SOD27_P7.62mm_Horizontal (1)',$,(#11022));
#11048=PRODUCT('2026-08-15-19-41-14-629_2',
'D_DO-35_SOD27_P7.62mm_Horizontal (1)',$,(#11022));
#11049=PRODUCT('2026-08-15-19-41-14-629_3',
'D_DO-35_SOD27_P7.62mm_Horizontal (1)',$,(#11022));
#11050=PRODUCT('2026-08-15-19-41-14-629_4',
'D_DO-35_SOD27_P7.62mm_Horizontal (1)',$,(#11022));
#11051=PRODUCT('2026-08-15-19-41-14-629_5',
'D_DO-35_SOD27_P7.62mm_Horizontal (1)',$,(#11022));
#11052=PRODUCT('2026-08-15-19-41-14-629_6',
'D_DO-35_SOD27_P7.62mm_Horizontal (1)',$,(#11022));
#11053=PRODUCT('2026-08-15-19-41-14-629_7',
'D_DO-35_SOD27_P7.62mm_Horizontal (1)',$,(#11022));
#11054=PRODUCT('2026-08-15-19-41-14-629_8',
'D_DO-35_SOD27_P7.62mm_Horizontal (1)',$,(#11022));
#11055=PRODUCT('2026-08-15-19-41-14-630',
'D_DO-35_SOD27_P7.62mm_Horizontal',$,(#11022));
#11056=PRESENTATION_STYLE_ASSIGNMENT((#11063));
#11057=PRESENTATION_STYLE_ASSIGNMENT((#11064));
#11058=PRESENTATION_STYLE_ASSIGNMENT((#11065));
#11059=PRESENTATION_STYLE_ASSIGNMENT((#11066));
#11060=PRESENTATION_STYLE_ASSIGNMENT((#11067));
#11061=PRESENTATION_STYLE_ASSIGNMENT((#11068));
#11062=PRESENTATION_STYLE_ASSIGNMENT((#11069));
#11063=SURFACE_STYLE_USAGE(.BOTH.,#11070);
#11064=SURFACE_STYLE_USAGE(.BOTH.,#11071);
#11065=SURFACE_STYLE_USAGE(.BOTH.,#11072);
#11066=SURFACE_STYLE_USAGE(.BOTH.,#11073);
#11067=SURFACE_STYLE_USAGE(.BOTH.,#11074);
#11068=SURFACE_STYLE_USAGE(.BOTH.,#11075);
#11069=SURFACE_STYLE_USAGE(.BOTH.,#11076);
#11070=SURFACE_SIDE_STYLE('',(#11077));
#11071=SURFACE_SIDE_STYLE('',(#11078));
#11072=SURFACE_SIDE_STYLE('',(#11079));
#11073=SURFACE_SIDE_STYLE('',(#11080));
#11074=SURFACE_SIDE_STYLE('',(#11081));
#11075=SURFACE_SIDE_STYLE('',(#11082));
#11076=SURFACE_SIDE_STYLE('',(#11083));
#11077=SURFACE_STYLE_FILL_AREA(#11084);
#11078=SURFACE_STYLE_FILL_AREA(#11085);
#11079=SURFACE_STYLE_FILL_AREA(#11086);
#11080=SURFACE_STYLE_FILL_AREA(#11087);
#11081=SURFACE_STYLE_FILL_AREA(#11088);
#11082=SURFACE_STYLE_FILL_AREA(#11089);
#11083=SURFACE_STYLE_FILL_AREA(#11090);
#11084=FILL_AREA_STYLE('Stahl - satiniert',(#11091));
#11085=FILL_AREA_STYLE('Opaque(38,37,37)',(#11092));
#11086=FILL_AREA_STYLE('Opaque(219,188,126)',(#11093));
#11087=FILL_AREA_STYLE('Opaque(80,124,105)',(#11094));
#11088=FILL_AREA_STYLE('Opaque(210,209,199)',(#11095));
#11089=FILL_AREA_STYLE('Opaque(178,25,13)',(#11096));
#11090=FILL_AREA_STYLE('Opaque(0,161,191)',(#11097));
#11091=FILL_AREA_STYLE_COLOUR('Stahl - satiniert',#11098);
#11092=FILL_AREA_STYLE_COLOUR('Opaque(38,37,37)',#11099);
#11093=FILL_AREA_STYLE_COLOUR('Opaque(219,188,126)',#11100);
#11094=FILL_AREA_STYLE_COLOUR('Opaque(80,124,105)',#11101);
#11095=FILL_AREA_STYLE_COLOUR('Opaque(210,209,199)',#11102);
#11096=FILL_AREA_STYLE_COLOUR('Opaque(178,25,13)',#11103);
#11097=FILL_AREA_STYLE_COLOUR('Opaque(0,161,191)',#11104);
#11098=COLOUR_RGB('Stahl - satiniert',0.627450980392157,0.627450980392157,
0.627450980392157);
#11099=COLOUR_RGB('Opaque(38,37,37)',0.149019607843137,0.145098039215686,
0.145098039215686);
#11100=COLOUR_RGB('Opaque(219,188,126)',0.858823529411765,0.737254901960784,
0.494117647058824);
#11101=COLOUR_RGB('Opaque(80,124,105)',0.313725490196078,0.486274509803922,
0.411764705882353);
#11102=COLOUR_RGB('Opaque(210,209,199)',0.823529411764706,0.819607843137255,
0.780392156862745);
#11103=COLOUR_RGB('Opaque(178,25,13)',0.698039215686274,0.0980392156862745,
0.0509803921568627);
#11104=COLOUR_RGB('Opaque(0,161,191)',0.,0.631372549019608,0.749019607843137);
ENDSEC;
END-ISO-10303-21;
